uprn,lat,lon
10001304957,50.9245025,-1.3763974
10001304958,50.9318732,-1.3759961
10001305413,50.9294091,-1.3860753
10001305414,50.9294091,-1.3860753
10001305415,50.9294091,-1.3860753
10001305416,50.9294091,-1.3860753
10001305417,50.9294091,-1.3860753
10001305418,50.9294091,-1.3860753
10001305419,50.9294091,-1.3860753
10001305420,50.9294091,-1.3860753
10001305421,50.9294091,-1.3860753
10001305422,50.9294091,-1.3860753
10001305423,50.9294091,-1.3860753
10001305663,50.9327746,-1.3713732
10001305664,50.9327746,-1.3713732
10001305665,50.9327746,-1.3713732
10001305666,50.9327746,-1.3713732
10001305667,50.9327746,-1.3713732
10001305668,50.9327746,-1.3713732
10001305669,50.9327746,-1.3713732
10001305718,50.9262643,-1.3815066
10001305719,50.9262643,-1.3815066
10001305720,50.9262643,-1.3815066
10001305721,50.9242298,-1.3743912
10001305722,50.9242298,-1.3743912
10001305723,50.9242298,-1.3743912
10001305724,50.9242298,-1.3743912
10001305734,50.9209128,-1.3881221
10001305736,50.9374405,-1.3811732
10001305741,50.920047,-1.3876497
10001305744,50.9315631,-1.3852785
10001305745,50.9315631,-1.3852785
10001305746,50.9315631,-1.3852785
10001305747,50.9315631,-1.3852785
10001305748,50.9315631,-1.3852785
10001305749,50.9315631,-1.3852785
10001305897,50.9168365,-1.3758133
10001305914,50.9218985,-1.3689591
10001305918,50.9116845,-1.3878021
10001305924,50.926253,-1.3878385
10001305928,50.928907,-1.3808046
10001305929,50.9206391,-1.3873859
10001305930,50.9219449,-1.3806838
10001305931,50.9246069,-1.379309
10001305936,50.9167803,-1.3787446
10001305992,50.9116271,-1.3854274
10001306041,50.9121721,-1.3864729
10001306046,50.9122625,-1.3869341
10001306094,50.9275194,-1.3790995
10001306109,50.9314738,-1.3872228
10001306129,50.9287261,-1.382783
10001306190,50.9134854,-1.3865409
10001306243,50.9118494,-1.3883689
10001306244,50.9120184,-1.3863042
10001306255,50.9319939,-1.3868239
10001306271,50.9246058,-1.3841609
10001306292,50.9121221,-1.3855063
10001306294,50.9243253,-1.3771074
10001306306,50.9175976,-1.366855
10001306307,50.9374073,-1.3800066
10001306337,50.9119989,-1.38602
10001306366,50.9389937,-1.3790176
10001306369,50.9395332,-1.3756515
10001306383,50.9391287,-1.3790443
10001306386,50.9119568,-1.3848684
10001306392,50.9134902,-1.3857443
10001306459,50.9192478,-1.3827805
10001306476,50.9127995,-1.3709172
10001306482,50.9100724,-1.3873254
10001306493,50.9230551,-1.3800411
10001306494,50.920423,-1.3873318
10001306496,50.9160125,-1.3630925
10001306497,50.9181098,-1.3835495
10001306499,50.9151926,-1.3628049
10001306500,50.91422,-1.3609121
10001306505,50.9166639,-1.3621589
10001306508,50.9112673,-1.3837111
10001306518,50.9345275,-1.3846843
10001306523,50.9385601,-1.3888296
10001306534,50.9221208,-1.3701655
10001306535,50.924397,-1.3760658
10001306545,50.9308181,-1.3637864
10001306551,50.9316618,-1.3601888
10001306585,50.9101304,-1.3880928
10001306589,50.9381087,-1.3817051
10001306597,50.9391562,-1.3641137
10001306602,50.9140552,-1.3603596
10001306639,50.9332218,-1.3843458
10001306643,50.9295653,-1.3782611
10001306644,50.9288092,-1.379808
10001306674,50.9225529,-1.3652654
10001306695,50.931787,-1.38852
10001306715,50.9125608,-1.3885588
10001306723,50.9260511,-1.3803
10001306740,50.9317516,-1.380153
10001306750,50.9269949,-1.3668553
10001306754,50.9130001,-1.3747694
10001306769,50.9237703,-1.3809279
10001306780,50.9216101,-1.3822513
10001306783,50.9116434,-1.3649871
10001306795,50.9342996,-1.3723346
10001306805,50.9331106,-1.3736599
10001306807,50.9134674,-1.3831415
10001306810,50.9363571,-1.3669983
10001306871,50.9378098,-1.3695546
10001306890,50.9296748,-1.3768793
10001306904,50.9177989,-1.3674924
10001306937,50.9371873,-1.3675278
10001306938,50.9351549,-1.3758667
10001306939,50.9167955,-1.3799109
10001306947,50.9371873,-1.3675278
10001306985,50.9395254,-1.3741998
10001307047,50.9124892,-1.3886308
10001307052,50.9167939,-1.381305
10001307081,50.9104694,-1.3824841
10001307082,50.9288381,-1.3818566
10001307132,50.9233236,-1.3797957
10001307135,50.9231743,-1.3787875
10001307136,50.9230697,-1.3794149
10001307139,50.92299,-1.3796294
10001307140,50.9229628,-1.3796013
10001307141,50.9229877,-1.3792168
10001307142,50.9229975,-1.3793589
10001307165,50.9103081,-1.3825858
10001307181,50.9308489,-1.3845621
10001307209,50.9212215,-1.3668342
10001307210,50.9307073,-1.3615965
10001307246,50.9103963,-1.3873639
10001307247,50.9109016,-1.3876986
10001307248,50.9107321,-1.3862358
10001307251,50.9380987,-1.381506
10001307252,50.9380987,-1.381506
10001307253,50.9380987,-1.381506
10001307254,50.9380987,-1.381506
10001307255,50.9380987,-1.381506
10001307256,50.9380987,-1.381506
10001307257,50.9380987,-1.381506
10001307258,50.9380987,-1.381506
10001307259,50.9380987,-1.381506
10001307260,50.9380987,-1.381506
10001307278,50.9342059,-1.3833935
10001307282,50.9238082,-1.3679089
10001307312,50.9379307,-1.3613124
10001307318,50.9228663,-1.3800578
10001307323,50.9329324,-1.3840508
10001307325,50.9156458,-1.3784752
10001307329,50.9278436,-1.3893544
10001307353,50.9251086,-1.3639357
10001307533,50.9177524,-1.385674
10001307575,50.9253549,-1.3846774
10001307576,50.9253549,-1.3846774
10001307577,50.9253549,-1.3846774
10001307704,50.9364811,-1.3834061
10001307705,50.9364811,-1.3834061
10001307706,50.9364811,-1.3834061
10001307708,50.9364811,-1.3834061
10001307709,50.9364811,-1.3834061
10001307710,50.9364811,-1.3834061
10001307711,50.9364811,-1.3834061
10001307712,50.9364811,-1.3834061
10001307713,50.9364811,-1.3834061
10001307776,50.9180943,-1.3823263
10001307777,50.9180943,-1.3823263
10001307778,50.9180943,-1.3823263
10001307779,50.9180943,-1.3823263
10001307780,50.9180943,-1.3823263
10001307781,50.9180943,-1.3823263
10001307782,50.9180943,-1.3823263
10001307783,50.9180943,-1.3823263
10001307784,50.9180943,-1.3823263
10001307785,50.9180943,-1.3823263
10001307786,50.9180943,-1.3823263
10001307787,50.9180943,-1.3823263
10001307788,50.9180943,-1.3823263
10001307789,50.9180943,-1.3823263
10001307790,50.9180943,-1.3823263
10001307791,50.9180943,-1.3823263
10001307792,50.9180747,-1.3820278
10001307793,50.9180747,-1.3820278
10001307794,50.9180747,-1.3820278
10001307795,50.9180747,-1.3820278
10001307796,50.9180747,-1.3820278
10001307797,50.9180747,-1.3820278
10001307798,50.9180747,-1.3820278
10001307799,50.9180747,-1.3820278
10001307800,50.9180747,-1.3820278
10001307801,50.9180747,-1.3820278
10001307802,50.9180747,-1.3820278
10001307803,50.9180747,-1.3820278
10001307843,50.9206348,-1.3680799
10001307858,50.9380816,-1.3799834
10001307859,50.9391149,-1.3798273
10001307860,50.9391956,-1.3797835
10001307867,50.9366691,-1.3815802
10001307870,50.9237755,-1.3852958
10001307871,50.9237572,-1.3852249
10001307881,50.9202196,-1.3778309
10001307919,50.9337499,-1.3889923
10001307920,50.9337499,-1.3889923
10001308015,50.9209399,-1.3729841
10001308016,50.9209399,-1.3729841
10001308017,50.9209399,-1.3729841
10001308018,50.9209399,-1.3729841
10001308019,50.9209399,-1.3729841
10001308020,50.9209399,-1.3729841
10001308021,50.9209399,-1.3729841
10001308022,50.9209399,-1.3729841
10001308023,50.9209399,-1.3729841
10001308025,50.9222008,-1.3716583
10001308026,50.9222008,-1.3716583
10001308027,50.9222008,-1.3716583
10001308028,50.9222008,-1.3716583
10001308029,50.9222008,-1.3716583
10001308030,50.9222008,-1.3716583
10001308031,50.9222008,-1.3716583
10001308032,50.9222008,-1.3716583
10001308033,50.9222008,-1.3716583
10001308034,50.9222008,-1.3716583
10001308035,50.9222008,-1.3716583
10001308064,50.9177456,-1.3861008
10001308065,50.9177456,-1.3861008
10001308066,50.9177456,-1.3861008
10001308067,50.9177456,-1.3861008
10001308068,50.9177456,-1.3861008
10001308069,50.9177456,-1.3861008
10001308070,50.9177456,-1.3861008
10001308071,50.9177456,-1.3861008
10001308072,50.9177456,-1.3861008
10001308075,50.9177456,-1.3861008
10001308371,50.9398562,-1.375519
10001308372,50.9398379,-1.3754481
10001308373,50.9398193,-1.3753487
10001308374,50.9398009,-1.3752636
10001308375,50.9397825,-1.3751784
10001308376,50.9397729,-1.3750789
10001308377,50.939619,-1.3748817
10001308378,50.9395651,-1.3748967
10001308379,50.9395202,-1.3749115
10001308380,50.9394754,-1.3749406
10001308381,50.9395049,-1.3754099
10001308382,50.9395497,-1.3753808
10001309289,50.9186168,-1.3824901
10001309290,50.9186168,-1.3824901
10001309291,50.9186168,-1.3824901
10001309292,50.9186168,-1.3824901
10001309293,50.9186168,-1.3824901
10001309294,50.9186168,-1.3824901
10001309295,50.9186168,-1.3824901
10001309296,50.9186168,-1.3824901
10001309297,50.9186168,-1.3824901
10001309298,50.9186168,-1.3824901
10001309299,50.9186168,-1.3824901
10001309300,50.9186168,-1.3824901
10001309301,50.9186168,-1.3824901
10001309302,50.9186168,-1.3824901
10001309303,50.9186168,-1.3824901
10001309304,50.9186168,-1.3824901
10001309305,50.9186168,-1.3824901
10001309306,50.9186168,-1.3824901
10001309307,50.9186168,-1.3824901
10001309308,50.9186168,-1.3824901
10001309309,50.9186168,-1.3824901
10001309310,50.9186168,-1.3824901
10001309311,50.9186168,-1.3824901
10001309312,50.9186168,-1.3824901
10001309962,50.9315339,-1.3680885
10001309963,50.9315339,-1.3680885
10001309964,50.9315339,-1.3680885
10001309965,50.9315339,-1.3680885
10001309966,50.9315339,-1.3680885
10001309967,50.9315339,-1.3680885
10001309968,50.9315339,-1.3680885
10001309969,50.9315339,-1.3680885
10001309970,50.9315339,-1.3680885
10001309971,50.9315339,-1.3680885
10001309972,50.9315339,-1.3680885
10001309973,50.9315339,-1.3680885
10001309974,50.9315339,-1.3680885
10001309975,50.9315339,-1.3680885
10001309977,50.9315339,-1.3680885
10001310149,50.932607,-1.3837278
10001310150,50.932714,-1.3835556
10001310151,50.932714,-1.3835556
10001310152,50.932714,-1.3835556
10001310153,50.932714,-1.3835556
10001310154,50.932714,-1.3835556
10001310155,50.932714,-1.3835556
10001310156,50.932714,-1.3835556
10001310157,50.932607,-1.3837278
10001310158,50.932607,-1.3837278
10001310159,50.932607,-1.3837278
10001310160,50.932607,-1.3837278
10001310161,50.932607,-1.3837278
10001310162,50.932607,-1.3837278
10001310163,50.932607,-1.3837278
10001310164,50.932607,-1.3837278
10001310165,50.932607,-1.3837278
10001310166,50.932607,-1.3837278
10001310167,50.932607,-1.3837278
10001310168,50.932607,-1.3837278
10001310169,50.932607,-1.3837278
10001310170,50.932607,-1.3837278
10001310171,50.932607,-1.3837278
10001310172,50.932607,-1.3837278
10001310173,50.9323832,-1.3839157
10001310174,50.9323832,-1.3839157
10001310175,50.9323832,-1.3839157
10001310176,50.9323832,-1.3839157
10001310177,50.9323832,-1.3839157
10001310178,50.9323832,-1.3839157
10001310179,50.9323832,-1.3839157
10001310180,50.9323832,-1.3839157
10001310181,50.9323832,-1.3839157
10001310182,50.9323832,-1.3839157
10001310183,50.9323832,-1.3839157
10001310184,50.9323832,-1.3839157
10001310185,50.9323832,-1.3839157
10001310186,50.9323832,-1.3839157
10001310187,50.9323832,-1.3839157
10001310188,50.9323832,-1.3839157
10001310190,50.9187545,-1.3746211
10001310191,50.9187545,-1.3746211
10001310192,50.9187545,-1.3746211
10001310193,50.9187545,-1.3746211
10001310194,50.9187545,-1.3746211
10001310195,50.9187545,-1.3746211
10001310196,50.9187545,-1.3746211
10001310197,50.9187545,-1.3746211
10001310198,50.9187545,-1.3746211
10001310199,50.9187545,-1.3746211
10001310200,50.9187545,-1.3746211
10001310444,50.9341469,-1.3892433
10001310445,50.9341469,-1.3892433
10001310667,50.9395946,-1.375366
10001310753,50.9243916,-1.3895704
10001310754,50.9243916,-1.3895704
10001310755,50.9243916,-1.3895704
10001310756,50.9243916,-1.3895704
10001310757,50.9243916,-1.3895704
10001310758,50.9243916,-1.3895704
10001310759,50.9243916,-1.3895704
10001310760,50.9243916,-1.3895704
10001310761,50.9243916,-1.3895704
10001310807,50.9378908,-1.3829889
10001310808,50.9378908,-1.3829889
10001310809,50.9378908,-1.3829889
10001310811,50.9246838,-1.3852981
10001310812,50.9246838,-1.3852981
10001310813,50.9246838,-1.3852981
10001310814,50.9246838,-1.3852981
10001310815,50.9246838,-1.3852981
10001310816,50.9246838,-1.3852981
10001310817,50.9246838,-1.3852981
10001310818,50.9246838,-1.3852981
10001310819,50.9246838,-1.3852981
10001310820,50.9246838,-1.3852981
10001310821,50.9246838,-1.3852981
10001310822,50.9246838,-1.3852981
10001310823,50.9246838,-1.3852981
10001310824,50.9246838,-1.3852981
10001310825,50.9246838,-1.3852981
10001311083,50.9205059,-1.3725347
10001311590,50.9391979,-1.3735068
10001311650,50.9242816,-1.375671
10001311651,50.9242816,-1.375671
10001311653,50.9221559,-1.3683297
10001311654,50.9221559,-1.3683297
10001311655,50.9221559,-1.3683297
10001311656,50.9221559,-1.3683297
10001311657,50.9221559,-1.3683297
10001311658,50.9221559,-1.3683297
10001311659,50.9221559,-1.3683297
10001311664,50.9177524,-1.385674
10001311665,50.9177524,-1.385674
10001311666,50.9177524,-1.385674
10001311667,50.9177524,-1.385674
10001311668,50.9177524,-1.385674
10001311669,50.9177524,-1.385674
10001311670,50.9177524,-1.385674
10001311671,50.9177524,-1.385674
10001311672,50.9177524,-1.385674
10001311673,50.9177524,-1.385674
10001311674,50.9177524,-1.385674
10001311675,50.9177524,-1.385674
10001311676,50.9177524,-1.385674
10001311677,50.9177524,-1.385674
10001311679,50.9177524,-1.385674
10001311700,50.9237428,-1.3851554
10001312050,50.9249059,-1.3797177
10001312051,50.9249059,-1.3797177
10001312052,50.9249059,-1.3797177
10001312053,50.9249059,-1.3797177
10001312054,50.9249059,-1.3797177
10001312055,50.9249059,-1.3797177
10001312056,50.9249059,-1.3797177
10001312057,50.9249059,-1.3797177
10001312058,50.9249059,-1.3797177
10001312059,50.9249059,-1.3797177
10001312060,50.9247349,-1.3796915
10001312061,50.9247349,-1.3796915
10001312062,50.9247349,-1.3796915
10001312063,50.9247349,-1.3796915
10001312064,50.9247349,-1.3796915
10001312065,50.9247349,-1.3796915
10001312066,50.9247349,-1.3796915
10001312067,50.9247349,-1.3796915
10001312068,50.9247349,-1.3796915
10001312069,50.9246094,-1.3797785
10001312070,50.9246094,-1.3797785
10001312071,50.9246094,-1.3797785
10001312072,50.9246094,-1.3797785
10001312073,50.9246094,-1.3797785
10001312074,50.9246094,-1.3797785
10001312075,50.9246094,-1.3797785
10001312076,50.9246094,-1.3797785
10001312077,50.9246383,-1.3801339
10001312078,50.9246383,-1.3801339
10001312079,50.9246383,-1.3801339
10001312080,50.9246383,-1.3801339
10001312081,50.9246383,-1.3801339
10001312082,50.9246383,-1.3801339
10001312083,50.9246383,-1.3801339
10001312084,50.9246383,-1.3801339
10001312085,50.9246383,-1.3801339
10001312086,50.9246383,-1.3801339
10001312087,50.9246399,-1.3804326
10001312088,50.9246399,-1.3804326
10001312089,50.9246399,-1.3804326
10001312090,50.9246399,-1.3804326
10001312091,50.9246399,-1.3804326
10001312092,50.9246399,-1.3804326
10001312093,50.9246399,-1.3804326
10001312094,50.9246399,-1.3804326
10001312095,50.9246399,-1.3804326
10001312096,50.9246399,-1.3804326
10001312110,50.9246244,-1.3808881
10001312111,50.9246244,-1.3808881
10001312112,50.9246244,-1.3808881
10001312113,50.9246244,-1.3808881
10001312114,50.9246244,-1.3808881
10001312115,50.9246244,-1.3808881
10001312116,50.9246244,-1.3808881
10001312155,50.923116,-1.3763126
10001312160,50.9228012,-1.3762884
10001312161,50.922605,-1.376604
10001312162,50.9230923,-1.3769105
10001312163,50.923157,-1.3772369
10001312167,50.923247,-1.3772499
10001312168,50.923301,-1.3772634
10001312450,50.9183542,-1.385538
10001312451,50.9183452,-1.3855381
10001312452,50.9183452,-1.3855381
10001312453,50.9183452,-1.3855381
10001312454,50.9183452,-1.3855381
10001312455,50.9183452,-1.3855381
10001312456,50.9183452,-1.3855381
10001312457,50.9183452,-1.3855381
10001312458,50.9183452,-1.3855381
10001312459,50.9183452,-1.3855381
10001312460,50.9183452,-1.3855381
10001312461,50.9183452,-1.3855381
10001312462,50.9183452,-1.3855381
10001312463,50.9183452,-1.3855381
10001312464,50.9183452,-1.3855381
10001312465,50.9183452,-1.3855381
10001312466,50.9183452,-1.3855381
10001312467,50.9183452,-1.3855381
10001312468,50.9183452,-1.3855381
10001312469,50.9183452,-1.3855381
10001312470,50.9183452,-1.3855381
10001312471,50.9183452,-1.3855381
10001312472,50.9183452,-1.3855381
10001312473,50.9183452,-1.3855381
10001312474,50.9183452,-1.3855381
10001312476,50.9181958,-1.3862087
10001312477,50.9181958,-1.3862087
10001312478,50.9181958,-1.3862087
10001312479,50.9181958,-1.3862087
10001312480,50.9181958,-1.3862087
10001312481,50.9181958,-1.3862087
10001312482,50.9181958,-1.3862087
10001312483,50.9181958,-1.3862087
10001312484,50.9181958,-1.3862087
10001312485,50.9181958,-1.3862087
10001312486,50.9181958,-1.3862087
10001312487,50.9181958,-1.3862087
10001312488,50.9181958,-1.3862087
10001312489,50.9181958,-1.3862087
10001312490,50.9181958,-1.3862087
10001312491,50.9181958,-1.3862087
10001312492,50.9181958,-1.3862087
10001312493,50.9181958,-1.3862087
10001312494,50.9181958,-1.3862087
10001312495,50.9181958,-1.3862087
10001312496,50.9181958,-1.3862087
10001312497,50.9181958,-1.3862087
10001312498,50.9181958,-1.3862087
10001312499,50.9181958,-1.3862087
10001312500,50.9181958,-1.3862087
10001312501,50.9181958,-1.3862087
10001312502,50.9181958,-1.3862087
10001312503,50.9181958,-1.3862087
10001312504,50.9181958,-1.3862087
10001312505,50.9181958,-1.3862087
10001312506,50.9181958,-1.3862087
10001312507,50.9181958,-1.3862087
10001312508,50.9181958,-1.3862087
10001312509,50.9181958,-1.3862087
10001312510,50.9181958,-1.3862087
10001312511,50.9181958,-1.3862087
10001312512,50.9181958,-1.3862087
10001312513,50.9181958,-1.3862087
10001312514,50.9181958,-1.3862087
10001312515,50.9181958,-1.3862087
10001312516,50.9181958,-1.3862087
10001312584,50.9313391,-1.3603782
10001312585,50.9315662,-1.360802
10001312586,50.9313645,-1.3617297
10001312587,50.9315721,-1.3618692
10001312631,50.9295033,-1.3601331
10001312632,50.9295778,-1.3606017
10001312633,50.9234331,-1.3767352
10001312634,50.923722,-1.3769448
10001312635,50.9237412,-1.3771722
10001312636,50.9236731,-1.3762198
10001312637,50.9234753,-1.3762225
10001313479,50.9319181,-1.3844057
10001313480,50.9319181,-1.3844057
10001313481,50.9319181,-1.3844057
10001313482,50.9319181,-1.3844057
10001313483,50.9319181,-1.3844057
10001313484,50.9319181,-1.3844057
10001313612,50.9285655,-1.3863994
10001313613,50.9285655,-1.3863994
10001313614,50.9285655,-1.3863994
10001313657,50.9249393,-1.3658731
10001313721,50.9218471,-1.3896606
10001313722,50.9240957,-1.389745
10001313723,50.9240957,-1.389745
10001313724,50.926156,-1.3882098
10001313725,50.9269981,-1.3876011
10001313726,50.9269981,-1.3876011
10001313727,50.9269981,-1.3876011
10001313728,50.9269981,-1.3876011
10001313729,50.9269981,-1.3876011
10001313730,50.9269981,-1.3876011
10001313734,50.9207849,-1.3877396
10001313735,50.9212089,-1.3880044
10001313736,50.9212089,-1.3880044
10001313756,50.9217707,-1.3871007
10001313757,50.9217707,-1.3871007
10001313761,50.9167089,-1.3688017
10001313762,50.9166853,-1.3686927
10001313763,50.9167089,-1.3688017
10001313764,50.9166852,-1.3686925
10001313765,50.9166867,-1.3686925
10001313766,50.9166867,-1.3686901
10001313767,50.9167089,-1.3688017
10001313768,50.9167113,-1.3689596
10001313769,50.9167105,-1.3689596
10001313770,50.9167113,-1.3689583
10001313771,50.9167105,-1.3689596
10001313772,50.9167113,-1.3689596
10001313773,50.9167105,-1.3689583
10001313774,50.9167097,-1.3689584
10001313811,50.9177266,-1.3808232
10001313812,50.9177266,-1.3808232
10001313813,50.917433,-1.3746957
10001313814,50.917387,-1.3744972
10001313815,50.917387,-1.3744972
10001313816,50.9166354,-1.3685182
10001313817,50.9166354,-1.3685182
10001313818,50.9166354,-1.3685182
10001313819,50.9166354,-1.3685182
10001313820,50.9166354,-1.3685182
10001313821,50.9166354,-1.3685182
10001313822,50.9166354,-1.3685182
10001313823,50.9166354,-1.3685182
10001313824,50.9147859,-1.3624264
10001313825,50.9148034,-1.3623408
10001313826,50.9148118,-1.3622411
10001313830,50.9146751,-1.3602515
10001313833,50.9143492,-1.3615078
10001313850,50.9143525,-1.3621052
10001313851,50.9142975,-1.361921
10001313852,50.9142966,-1.3617645
10001313853,50.9142963,-1.3617076
10001313854,50.9143318,-1.3616076
10001313855,50.9142945,-1.3613663
10001313858,50.9148034,-1.3623408
10001313859,50.9146917,-1.3616453
10001313860,50.9146824,-1.3615886
10001313861,50.9146819,-1.3615032
10001313862,50.9146814,-1.3614179
10001313863,50.91469,-1.3613324
10001313864,50.9146896,-1.3612755
10001313865,50.9146802,-1.3611903
10001313866,50.9146706,-1.3610766
10001313867,50.9146908,-1.3610692
10001313868,50.9146783,-1.3608489
10001313869,50.9146775,-1.3607067
10001313870,50.9146771,-1.3606213
10001313871,50.9146768,-1.3605644
10001313872,50.9146764,-1.3604933
10001313873,50.9146759,-1.360408
10001313874,50.914674,-1.3600666
10001313887,50.9143779,-1.3601844
10001313901,50.9141194,-1.3639007
10001313904,50.9311611,-1.3874894
10001314209,50.9288034,-1.3837781
10001314210,50.9287854,-1.3837926
10001314211,50.9288034,-1.3837923
10001314250,50.9175369,-1.375619
10001314251,50.9175369,-1.375619
10001314252,50.9175369,-1.375619
10001314253,50.920255,-1.37103
10001314254,50.9202272,-1.3708882
10001314255,50.9201996,-1.3707605
10001314256,50.9201807,-1.37059
10001314467,50.9199333,-1.3899844
10001314468,50.9199333,-1.3899844
10001314469,50.9199333,-1.3899844
10001314470,50.9199333,-1.3899844
10001314471,50.9199333,-1.3899844
10001314472,50.9199333,-1.3899844
10001314473,50.9199333,-1.3899844
10001314474,50.9199333,-1.3899844
10001314475,50.9199333,-1.3899844
10001314476,50.9199333,-1.3899844
10001314477,50.9199333,-1.3899844
10001314478,50.9199333,-1.3899844
10001314479,50.9199333,-1.3899844
10001314480,50.9199333,-1.3899844
10001314481,50.9199333,-1.3899844
10001314482,50.9199333,-1.3899844
10001314483,50.9199333,-1.3899844
10001314484,50.9199333,-1.3899844
10001314485,50.9199333,-1.3899844
10001314486,50.9199333,-1.3899844
10001314487,50.9199333,-1.3899844
10001314488,50.9199333,-1.3899844
10001314819,50.9247598,-1.3877728
10001314832,50.9338355,-1.3851552
10001314833,50.9337129,-1.3853924
10001314834,50.9337496,-1.38552
10001314909,50.9250196,-1.385877
10001314910,50.9250196,-1.385877
10001314911,50.9250196,-1.385877
10001314912,50.9250196,-1.385877
10001314913,50.9250196,-1.385877
10001314914,50.9250196,-1.385877
10001314916,50.922025,-1.3869289
10001314924,50.9352957,-1.3686067
10001314999,50.9103814,-1.3677494
10001315040,50.9119042,-1.3885389
10001315410,50.9365458,-1.3753215
10001315411,50.9362422,-1.3757098
10001315441,50.9100325,-1.39
10001315442,50.9100052,-1.3899435
10001315476,50.9282867,-1.385676
10001315479,50.9222962,-1.3878478
10001316060,50.9205059,-1.3725347
10001316061,50.9205059,-1.3725347
10001316062,50.9205059,-1.3725347
10001316063,50.9205059,-1.3725347
10001316064,50.9205059,-1.3725347
10001316065,50.9205059,-1.3725347
10001316066,50.9205059,-1.3725347
10001316067,50.9205059,-1.3725347
10001316068,50.9205059,-1.3725347
10001316069,50.9205059,-1.3725347
10001316070,50.9205059,-1.3725347
10001316071,50.9205059,-1.3725347
10001316072,50.9205059,-1.3725347
10001316073,50.9205059,-1.3725347
10001316074,50.9205059,-1.3725347
10001316075,50.9205059,-1.3725347
10001316076,50.9205059,-1.3725347
10001316188,50.9158702,-1.3666935
10001316189,50.9158702,-1.3666935
10001316190,50.9158702,-1.3666935
10001316191,50.9158702,-1.3666935
10001316192,50.9158702,-1.3666935
10001316377,50.9332489,-1.389497
10001316378,50.9332489,-1.389497
10001316393,50.9275487,-1.3896998
10001316394,50.9275487,-1.3896998
10001316395,50.9275487,-1.3896998
10001316396,50.9275487,-1.3896998
10001316397,50.9275487,-1.3896998
10001316398,50.9275487,-1.3896998
10001316399,50.9275487,-1.3896998
10001316400,50.9275487,-1.3896998
10001316401,50.9275487,-1.3896998
10001316402,50.9275487,-1.3896998
10001316403,50.9275487,-1.3896998
10001316404,50.9275487,-1.3896998
10001316405,50.9275487,-1.3896998
10001316406,50.9275487,-1.3896998
10001316482,50.9249432,-1.3884391
10001316487,50.9357547,-1.3888807
10001316518,50.9307325,-1.3897861
10001316555,50.9225194,-1.3740584
10001316556,50.9225194,-1.3740584
10001316557,50.9225194,-1.3740584
10001316558,50.9225194,-1.3740584
10001316559,50.9225194,-1.3740584
10001316560,50.9225194,-1.3740584
10001316561,50.9225194,-1.3740584
10001316562,50.9225194,-1.3740584
10001316563,50.9225194,-1.3740584
10001316564,50.9225194,-1.3740584
10001316565,50.9225194,-1.3740584
10001316566,50.9225194,-1.3740584
10001316567,50.9225194,-1.3740584
10001316569,50.9225194,-1.3740584
10001316570,50.9225194,-1.3740584
10001316571,50.9225194,-1.3740584
10001316572,50.9225194,-1.3740584
10001316573,50.9225194,-1.3740584
10001316574,50.9225194,-1.3740584
10001316575,50.9225194,-1.3740584
10001316576,50.9225194,-1.3740584
10001316577,50.9225194,-1.3740584
10001316578,50.9225194,-1.3740584
10001316579,50.9225194,-1.3740584
10001316580,50.9225194,-1.3740584
10001316581,50.9225194,-1.3740584
10001316582,50.9225194,-1.3740584
10001316583,50.9225194,-1.3740584
10001316584,50.9225194,-1.3740584
10001316585,50.9225194,-1.3740584
10001316586,50.9225194,-1.3740584
10001316587,50.9225194,-1.3740584
10001316588,50.9225194,-1.3740584
10001316589,50.9225194,-1.3740584
10001316590,50.9225194,-1.3740584
10001316591,50.9225194,-1.3740584
10001316634,50.9238672,-1.3856219
10001316933,50.9302867,-1.3869215
10001316951,50.9356094,-1.3886264
10001316953,50.9176855,-1.3697986
10001316954,50.9177393,-1.3697694
10001316965,50.92186,-1.3618602
10001316966,50.921851,-1.3618603
10001316967,50.921851,-1.3618603
10001316968,50.921851,-1.3618603
10001316969,50.92186,-1.3618602
10001316970,50.921851,-1.3618603
10001316971,50.921851,-1.3618603
10001316972,50.921851,-1.3618603
10001316973,50.921851,-1.3618603
10001316974,50.921851,-1.3618603
10001316976,50.921851,-1.3618603
10001316977,50.921851,-1.3618603
10001316978,50.921851,-1.3618603
10001316990,50.9233815,-1.3839209
10001317113,50.9214691,-1.3727209
10001317114,50.9214691,-1.3727209
10001317115,50.9214691,-1.3727209
10001317116,50.9214691,-1.3727209
10001317117,50.9214691,-1.3727209
10001317118,50.9214691,-1.3727209
10001317119,50.9214691,-1.3727209
10001317120,50.9214691,-1.3727209
10001317121,50.9214691,-1.3727209
10001317122,50.9214691,-1.3727209
10001317146,50.9372241,-1.3844494
10001317147,50.9279254,-1.3861091
10001317148,50.9279344,-1.3861089
10001317149,50.9279344,-1.3861089
10001317150,50.9279344,-1.3861089
10001317151,50.92793,-1.3861118
10001317152,50.9280156,-1.3861506
10001317153,50.9280246,-1.3861504
10001317154,50.9280246,-1.3861504
10001317155,50.9281048,-1.3860213
10001317156,50.9281048,-1.3860213
10001317157,50.9281048,-1.3860213
10001317158,50.9281048,-1.3860213
10001317159,50.9281493,-1.3859354
10001317160,50.9281493,-1.3859354
10001317161,50.9281493,-1.3859354
10001317162,50.9281493,-1.3859354
10001317163,50.9281493,-1.3859354
10001317215,50.925372,-1.3693958
10001317216,50.925372,-1.3693958
10001317217,50.925372,-1.3693958
10001317218,50.925372,-1.3693958
10001317219,50.925372,-1.3693958
10001317220,50.925372,-1.3693958
10001317221,50.925372,-1.3693958
10001317222,50.925372,-1.3693958
10001317223,50.925372,-1.3693958
10001317224,50.925372,-1.3693958
10001317225,50.925372,-1.3693958
10001317226,50.925372,-1.3693958
10001317227,50.925372,-1.3693958
10001317228,50.925372,-1.3693958
10001317229,50.925372,-1.3693958
10001317238,50.9267295,-1.3878323
10001317239,50.9267295,-1.3878323
10001317240,50.9267295,-1.3878323
10001317241,50.9267295,-1.3878323
10001317242,50.9267295,-1.3878323
10001317243,50.9267295,-1.3878323
10001317244,50.9267295,-1.3878323
10001317245,50.9267295,-1.3878323
10001317252,50.9358446,-1.3884645
10001317253,50.9358446,-1.3884656
10001317254,50.9358453,-1.3884656
10001317255,50.9358453,-1.3884656
10001317259,50.9314453,-1.3851092
10001317260,50.9314543,-1.3851091
10001317273,50.9209181,-1.3739519
10001317274,50.9209181,-1.3739519
10001317275,50.9209181,-1.3739519
10001317276,50.9209181,-1.3739519
10001317283,50.926608,-1.3718122
10001317284,50.9164489,-1.3672831
10001317285,50.9164489,-1.3672831
10001317286,50.9164489,-1.3672831
10001317287,50.9164489,-1.3672831
10001317288,50.9354252,-1.3843878
10001317289,50.9354252,-1.3843878
10001317290,50.9354252,-1.3843878
10001317291,50.9354252,-1.3843878
10001317292,50.9354252,-1.3843878
10001317293,50.9354252,-1.3843878
10001317294,50.9355629,-1.3849268
10001317296,50.9355629,-1.3849268
10001317297,50.9355578,-1.3849264
10001317298,50.9355629,-1.3849268
10001317299,50.9355629,-1.3849268
10001317300,50.9355629,-1.3849268
10001317301,50.935563,-1.384941
10001317302,50.9355629,-1.3849268
10001317304,50.9355629,-1.3849268
10001317305,50.9355629,-1.3849268
10001317306,50.9355629,-1.3849268
10001317307,50.9355629,-1.3849268
10001317312,50.9230219,-1.3738525
10001317313,50.9230219,-1.3738525
10001317314,50.9230219,-1.3738525
10001317315,50.9230219,-1.3738525
10001317316,50.9230219,-1.3738525
10001317317,50.9230219,-1.3738525
10001317319,50.9234952,-1.3715697
10001317320,50.923567,-1.3715403
10001317321,50.92363,-1.3715394
10001317322,50.923702,-1.3715527
10001317341,50.9270452,-1.3812259
10001317342,50.9270542,-1.3812258
10001317343,50.9270542,-1.3812258
10001317344,50.92705,-1.3812211
10001317345,50.9270542,-1.3812258
10001317346,50.9270542,-1.3812258
10001317347,50.9270542,-1.3812258
10001317348,50.9270542,-1.3812258
10001317349,50.9270452,-1.3812259
10001317350,50.9270541,-1.3812116
10001317351,50.9270542,-1.3812258
10001317352,50.9270542,-1.3812258
10001317353,50.9270452,-1.3812259
10001317354,50.9270542,-1.3812258
10001317355,50.9270542,-1.3812258
10001317356,50.9270542,-1.3812258
10001317357,50.9270542,-1.3812258
10001317358,50.9270542,-1.3812258
10001317359,50.9270542,-1.3812258
10001317360,50.9270541,-1.3812116
10001317361,50.9270542,-1.3812258
10001317362,50.9270541,-1.3812116
10001317363,50.9270542,-1.3812258
10001317364,50.9270542,-1.3812258
10001317365,50.9270541,-1.3812116
10001317366,50.9234116,-1.3740216
10001317410,50.9256656,-1.3873056
10001317411,50.9256656,-1.3873056
10001317412,50.9256656,-1.3873056
10001317413,50.9256656,-1.3873056
10001317414,50.9256656,-1.3873056
10001317415,50.9256656,-1.3873056
10001317416,50.9256656,-1.3873056
10001317417,50.9256656,-1.3873056
10001317418,50.9256656,-1.3873056
10001317419,50.9256656,-1.3873056
10001317420,50.9256656,-1.3873056
10001317421,50.9256656,-1.3873056
10001317422,50.9256656,-1.3873056
10001317423,50.9256656,-1.3873056
10001317424,50.9256656,-1.3873056
10001317483,50.9178311,-1.3801817
10001317484,50.9178311,-1.3801817
10001317485,50.9178311,-1.3801817
10001317486,50.9178311,-1.3801817
10001317487,50.9178311,-1.3801817
10001317488,50.9228396,-1.3868732
10001317489,50.9228396,-1.3868732
10001317490,50.9228396,-1.3868732
10001317491,50.9228396,-1.3868732
10001317499,50.9308432,-1.3737322
10001317507,50.933716,-1.3876835
10001317508,50.933716,-1.3876835
10001317514,50.9230743,-1.3887482
10001317515,50.9230743,-1.3887482
10001317517,50.9229948,-1.3839118
10001317535,50.9217585,-1.3865033
10001317792,50.9176597,-1.371691
10001317794,50.9372667,-1.3806346
10001317795,50.9372667,-1.3806346
10001317810,50.9340154,-1.3829341
10001317811,50.9340569,-1.3828887
10001317812,50.9340924,-1.3828386
10001317813,50.9341356,-1.3828003
10001317814,50.9342748,-1.3828234
10001317815,50.9342748,-1.3828234
10001317816,50.9342748,-1.3828234
10001317817,50.9342748,-1.3828234
10001317818,50.9342748,-1.3828234
10001317819,50.9342748,-1.3828234
10001317820,50.9342748,-1.3828234
10001317821,50.9342748,-1.3828234
10001317822,50.9342748,-1.3828234
10001317823,50.9342748,-1.3828234
10001317824,50.9342748,-1.3828234
10001317825,50.9342748,-1.3828234
10001317826,50.9342748,-1.3828234
10001317827,50.9342748,-1.3828234
10001317828,50.9342748,-1.3828234
10001317829,50.9342748,-1.3828234
10001317830,50.9342748,-1.3828234
10001317831,50.9342748,-1.3828234
10001317832,50.9342748,-1.3828234
10001317833,50.9342748,-1.3828234
10001317834,50.9342748,-1.3828234
10001317835,50.9342748,-1.3828234
10001317836,50.9342748,-1.3828234
10001317837,50.9342748,-1.3828234
10001317843,50.9228163,-1.3834161
10001317844,50.9387849,-1.3803298
10001317846,50.9387849,-1.3803298
10001317863,50.9249666,-1.3759464
10001317864,50.9249666,-1.3759464
10001317936,50.9392395,-1.3795836
10001317981,50.9274356,-1.3752018
10001317982,50.9274356,-1.3752018
10001318010,50.9113593,-1.3875219
10001318012,50.9309167,-1.3889014
10001318013,50.9309167,-1.3889014
10001318014,50.9309167,-1.3889014
10001318015,50.9309167,-1.3889014
10001318018,50.9250295,-1.3742808
10001318024,50.9250225,-1.3887892
10001318032,50.9198166,-1.374806
10001318043,50.931219,-1.3882287
10001318044,50.9307406,-1.3845066
10001318045,50.9302283,-1.3845419
10001318046,50.9302095,-1.3843998
10001318047,50.9301726,-1.3842296
10001318108,50.9180888,-1.3779163
10001318109,50.9180888,-1.3779163
10001318110,50.9180888,-1.3779163
10001318111,50.9180888,-1.3779163
10001318112,50.9180888,-1.3779163
10001318113,50.9180888,-1.3779163
10001318116,50.9287148,-1.3773048
10001318121,50.9172221,-1.3772877
10001318124,50.9198129,-1.369087
10001318130,50.9396056,-1.3690464
10001318135,50.9133464,-1.3623181
10001318154,50.9288731,-1.3749691
10001318159,50.9145637,-1.3899818
10001318174,50.9104297,-1.3834661
10001318213,50.9176841,-1.3812932
10001318214,50.9176841,-1.3812932
10001318244,50.9370515,-1.3807514
10001318245,50.9370515,-1.3807514
10001318246,50.9370515,-1.3807514
10001318247,50.9370515,-1.3807514
10001318253,50.9376314,-1.3832628
10001318288,50.9102901,-1.3893993
10001318295,50.9278072,-1.3875478
10001318296,50.9278072,-1.3875478
10001318297,50.9278072,-1.3875478
10001318298,50.9278072,-1.3875478
10001318299,50.9278072,-1.3875478
10001318302,50.9274962,-1.389985
10001318303,50.9274962,-1.389985
10001318304,50.9274962,-1.389985
10001318305,50.9274962,-1.389985
10001318306,50.9274962,-1.389985
10001318307,50.9274962,-1.389985
10001318308,50.9274962,-1.389985
10001318309,50.9274962,-1.389985
10001318337,50.9220386,-1.37258
10001318338,50.9220402,-1.37258
10001318339,50.9220402,-1.37258
10001318340,50.9220386,-1.37258
10001318341,50.9220386,-1.3725776
10001318342,50.9220401,-1.3725775
10001318343,50.9220386,-1.37258
10001318344,50.9220401,-1.3725775
10001318357,50.9173009,-1.3802456
10001318358,50.9173009,-1.3802456
10001318359,50.9173009,-1.3802456
10001318360,50.9238514,-1.3725893
10001318361,50.9238514,-1.3725893
10001318362,50.9238514,-1.3725893
10001318799,50.921844,-1.3805836
10001318803,50.9233198,-1.3740761
10001318806,50.9196413,-1.3722903
10001318841,50.9379226,-1.3805263
10001318842,50.9379226,-1.3805263
10001318848,50.9215492,-1.3877296
10001318851,50.9208635,-1.3872975
10001318852,50.9208635,-1.3872975
10001318853,50.9208635,-1.3872975
10001318854,50.9208635,-1.3872975
10001319001,50.9221168,-1.3896428
10001319002,50.9221168,-1.3896428
10001319003,50.9221168,-1.3896428
10001319004,50.9221168,-1.3896428
10001319005,50.9221168,-1.3896428
10001319006,50.9221168,-1.3896428
10001319066,50.9176925,-1.3811793
10001319067,50.9176925,-1.3811793
10001319068,50.9176925,-1.3811793
10001319069,50.9176925,-1.3811793
10001319220,50.920047,-1.3876497
10001319221,50.920047,-1.3876497
10001319222,50.920047,-1.3876497
10001319223,50.920047,-1.3876497
10001319224,50.920047,-1.3876497
10001319225,50.920047,-1.3876497
10001319226,50.920047,-1.3876497
10001319227,50.920047,-1.3876497
10001319228,50.920047,-1.3876497
10001319229,50.920047,-1.3876497
10001319230,50.920047,-1.3876497
10001319231,50.920047,-1.3876497
10001319232,50.920047,-1.3876497
10001319233,50.920047,-1.3876497
10001319234,50.920047,-1.3876497
10001319235,50.920047,-1.3876497
10001319236,50.920047,-1.3876497
10001319237,50.920047,-1.3876497
10001319238,50.920047,-1.3876497
10001319239,50.920047,-1.3876497
10001319240,50.9198138,-1.3877666
10001319241,50.9198138,-1.3877666
10001319242,50.9198138,-1.3877666
10001319243,50.9198138,-1.3877666
10001319244,50.9198138,-1.3877666
10001319245,50.9198138,-1.3877666
10001319246,50.9198138,-1.3877666
10001319247,50.9198138,-1.3877666
10001319248,50.9198138,-1.3877666
10001319249,50.9198138,-1.3877666
10001319250,50.9198138,-1.3877666
10001319251,50.9198138,-1.3877666
10001319252,50.9198138,-1.3877666
10001319253,50.9198138,-1.3877666
10001319254,50.9198138,-1.3877666
10001319255,50.9198138,-1.3877666
10001319256,50.9197167,-1.3881093
10001319257,50.9197167,-1.3881093
10001319258,50.9197167,-1.3881093
10001319259,50.9197167,-1.3881093
10001319260,50.9197167,-1.3881093
10001319261,50.9197167,-1.3881093
10001319262,50.9197167,-1.3881093
10001319263,50.9197167,-1.3881093
10001319264,50.9197167,-1.3881093
10001319265,50.9197167,-1.3881093
10001319266,50.9197167,-1.3881093
10001319267,50.9197167,-1.3881093
10001319268,50.9197167,-1.3881093
10001319269,50.9197167,-1.3881093
10001319860,50.9212471,-1.3665636
10001319861,50.9213461,-1.3665907
10001319862,50.9214543,-1.3666319
10001319863,50.9215354,-1.3666735
10001319864,50.9216255,-1.3667007
10001319865,50.9217066,-1.3667423
10001319866,50.9218605,-1.3669252
10001319867,50.9219598,-1.3669949
10001319868,50.9220317,-1.366994
10001319869,50.9221128,-1.3670213
10001319870,50.922664,-1.3675118
10001319871,50.9227628,-1.367482
10001319872,50.9228797,-1.3674804
10001319873,50.9229695,-1.367465
10001319874,50.9231048,-1.3675343
10001319875,50.9231946,-1.3675188
10001319876,50.9232846,-1.3675318
10001319877,50.9233745,-1.3675164
10001319878,50.9234824,-1.3675149
10001319879,50.9235632,-1.3674996
10001319880,50.923653,-1.3674699
10001319881,50.9237789,-1.3674682
10015033550,50.9177674,-1.3868118
10015039497,50.9177674,-1.3868118
10015059270,50.9177674,-1.3868118
10015061158,50.9177674,-1.3868118
10015076401,50.9177674,-1.3868118
10015080657,50.9177674,-1.3868118
10015080915,50.9177674,-1.3868118
10015149528,50.9177674,-1.3868118
10015152335,50.9177674,-1.3868118
10015160082,50.9177674,-1.3868118
10015176847,50.9177674,-1.3868118
10015210167,50.9177674,-1.3868118
10015228907,50.9177674,-1.3868118
10015233611,50.9177674,-1.3868118
10015277918,50.9336728,-1.3826944
10015279770,50.9304204,-1.3824912
10015281259,50.9247705,-1.3854421
10015283133,50.9293865,-1.3834503
10015283318,50.9335343,-1.3636013
10015289890,50.9303235,-1.3823651
10015290824,50.9302044,-1.3853953
10015293144,50.9178324,-1.3652969
10015296394,50.9289336,-1.3755915
10015297515,50.9297779,-1.3829618
10015299806,50.9391013,-1.3700837
10015300099,50.924978,-1.3758893
10015303034,50.9220243,-1.3833762
10015303904,50.9292923,-1.3834786
10015306371,50.9195989,-1.3730207
10015313212,50.9149569,-1.3721044
10015313917,50.9295498,-1.3830347
10015329871,50.9102362,-1.3698161
10015337641,50.9259046,-1.3640839
10015343219,50.929622,-1.3887704
10015343973,50.9101637,-1.3814762
10015362778,50.9246975,-1.3811177
10015366048,50.9383742,-1.3800563
10015366569,50.9106658,-1.3763141
10015379716,50.9216334,-1.3625256
10015383895,50.936733,-1.3786208
10015389715,50.910515,-1.378738
10015390001,50.9105283,-1.3785305
10015406941,50.9167868,-1.3698193
10015419343,50.9182011,-1.3812174
10015419450,50.9360497,-1.3883398
10015429385,50.9325536,-1.3705902
10015439233,50.9296593,-1.3832767
10015445882,50.9174829,-1.3746972
10015446170,50.9297328,-1.3827703
10015452365,50.9167954,-1.3792103
10015452547,50.929806,-1.3663503
10015462265,50.9308349,-1.3822491
10015465784,50.9131573,-1.3678029
10015691116,50.9243978,-1.3760641
10015695240,50.9302399,-1.3819785
10015696976,50.9295563,-1.3815709
10015702762,50.9307365,-1.3817125
10015703922,50.9303209,-1.3821674
10015703973,50.9379944,-1.3779785
10015705580,50.9310753,-1.3817686
10015713628,50.9308245,-1.3820807
10015720586,50.9292772,-1.3834879
10015724752,50.9105414,-1.3782948
10015736457,50.9310809,-1.3817921
10015739517,50.9296134,-1.3815327
10015739812,50.9310923,-1.3818412
10015748610,50.9296952,-1.3820433
10015748840,50.9310869,-1.3818178
10015753653,50.910526,-1.3784185
10015756202,50.9302368,-1.3814715
10015775573,50.9380034,-1.3779356
10015782044,50.9300234,-1.3815959
10015802593,50.9307742,-1.3818689
10015828558,50.9114655,-1.3879864
10015828946,50.9294664,-1.3826326
10015828986,50.9299546,-1.3823168
10015829429,50.9129205,-1.3821924
10015830873,50.917602,-1.3756408
10015832757,50.9207639,-1.3664077
10015833425,50.9150515,-1.3612296
10015860314,50.9126201,-1.3842855
10015865561,50.9300624,-1.3829143
10015865837,50.9122547,-1.3778352
10015868122,50.9123103,-1.377892
10015871611,50.9300415,-1.3824466
10015886336,50.9218082,-1.389969
10015886571,50.9121994,-1.3777774
10015887477,50.912233,-1.3781056
10015899353,50.9379941,-1.377978
10015899646,50.9380036,-1.3779361
10024436705,50.9163178,-1.3785852
10024436706,50.9159255,-1.3786564
10024436707,50.9163195,-1.3783382
10024436708,50.9166605,-1.3798985
10024436725,50.9119635,-1.3810419
10024436726,50.9120443,-1.3810124
10024436727,50.9121251,-1.3809971
10024436728,50.9122238,-1.3809531
10024436729,50.9123136,-1.3809235
10024436730,50.9113737,-1.3800541
10024436731,50.911384,-1.3802957
10024436732,50.9113761,-1.380495
10024436733,50.9113768,-1.380623
10024436734,50.9160401,-1.3782941
10024436735,50.9103083,-1.3809359
10024436736,50.9103083,-1.3809359
10024436737,50.9103083,-1.3809359
10024436738,50.9103083,-1.3809359
10024436753,50.91304,-1.3856364
10024436759,50.9223275,-1.3886726
10024436782,50.9145637,-1.3899818
10024436885,50.9108474,-1.3674444
10024436946,50.9167333,-1.3834397
10024436947,50.9178441,-1.3792568
10024436953,50.9143652,-1.3622093
10024436954,50.9105912,-1.3817144
10024436955,50.9105259,-1.3829528
10024436956,50.9105259,-1.3829528
10024436967,50.9181072,-1.3746582
10024436968,50.9383858,-1.3898851
10024436969,50.9383266,-1.3837802
10024437101,50.9123844,-1.3790307
10024437102,50.9108998,-1.3805582
10024437103,50.9109229,-1.3781398
10024437106,50.9323176,-1.3750224
10024437119,50.919278,-1.3716265
10024437139,50.9121326,-1.3875118
10024437168,50.9293583,-1.3849803
10024437170,50.9246336,-1.3809307
10024437186,50.9101489,-1.3797147
10024437187,50.9103083,-1.3809359
10024437188,50.9101658,-1.3795012
10024437190,50.9168829,-1.3828118
10024437219,50.9248328,-1.387971
10024437221,50.936971,-1.3741203
10024437257,50.9327527,-1.3823739
10024437282,50.9189249,-1.3827506
10024437291,50.9374539,-1.3769602
10024437292,50.9376278,-1.3775272
10024437297,50.9152969,-1.360499
10024437338,50.9209763,-1.3780912
10024437339,50.921869,-1.3767521
10024437340,50.9208506,-1.3781213
10024437341,50.9215639,-1.3769736
10024437342,50.9207171,-1.3783792
10024437344,50.9103842,-1.3816745
10024437346,50.9102926,-1.3813628
10024437347,50.9102125,-1.3849198
10024437348,50.9102126,-1.384934
10024437354,50.9326837,-1.3711894
10024437361,50.9369013,-1.3778785
10024437363,50.9148794,-1.3614436
10024437364,50.9154957,-1.360667
10024437368,50.9234551,-1.3758101
10024437383,50.9135822,-1.3643348
10024437384,50.9135822,-1.3643348
10024437385,50.9154514,-1.3807507
10024437387,50.9245557,-1.3764641
10024437408,50.934018,-1.3886758
10024437409,50.934018,-1.3886758
10024437419,50.9143696,-1.3602984
10024437422,50.939339,-1.379682
10024437429,50.9102926,-1.3813628
10024437430,50.9102926,-1.3813628
10024437431,50.9359983,-1.3839391
10024437432,50.9359983,-1.3839391
10024437433,50.9102926,-1.3813628
10024437434,50.9102926,-1.3813628
10024437435,50.9102926,-1.3813628
10024437436,50.9102926,-1.3813628
10024437443,50.9160499,-1.3733486
10024437444,50.9160499,-1.3733486
10024437445,50.9160499,-1.3733486
10024437461,50.9226204,-1.3828355
10024437462,50.9228251,-1.3824486
10024437496,50.9393223,-1.3749
10024437565,50.923409,-1.3772762
10024437606,50.9332301,-1.3842176
10024437619,50.9247215,-1.3756208
10024437670,50.9176609,-1.3770165
10024437671,50.9181984,-1.3745924
10024437673,50.9177171,-1.3740091
10024437674,50.9177171,-1.3740091
10024437675,50.9177354,-1.3740799
10024437676,50.9177354,-1.3740799
10024437677,50.9179739,-1.3744586
10024437683,50.9322601,-1.3848963
10024437684,50.9179363,-1.3746463
10024437704,50.9182913,-1.3821672
10024437705,50.923354,-1.377092
10024437706,50.9224711,-1.3717542
10024437710,50.9314535,-1.361572
10024437711,50.9315744,-1.3606453
10024437713,50.9238923,-1.3602104
10024437714,50.9231226,-1.3608755
10024437719,50.924872,-1.3801165
10024437720,50.9248649,-1.3804581
10024437728,50.9111395,-1.3818776
10024437740,50.9154522,-1.380753
10024437751,50.9238838,-1.3719201
10024437752,50.9154514,-1.3807459
10024437754,50.9343115,-1.3863522
10024437792,50.9245975,-1.379238
10024437794,50.9120207,-1.38256
10024437820,50.9242231,-1.376497
10024437831,50.9171495,-1.3839179
10024437832,50.9171446,-1.3839225
10024437843,50.9320918,-1.3866376
10024437847,50.9171047,-1.3705578
10024437854,50.9120196,-1.386546
10024437857,50.9150308,-1.3611713
10024437868,50.938373,-1.3823563
10024437869,50.9381756,-1.3824443
10024437870,50.9382225,-1.3827995
10024437871,50.9279965,-1.3893524
10024437902,50.9349314,-1.38966
10024437909,50.9238516,-1.3843842
10024437910,50.9235415,-1.38258
10024437924,50.9176972,-1.382047
10024437925,50.9176972,-1.382047
10024437926,50.9176972,-1.382047
10024437927,50.9176972,-1.382047
10024437967,50.9166162,-1.3616617
10024438297,50.9175856,-1.3796728
10024438307,50.9177058,-1.38199
10024438308,50.9177058,-1.38199
10024438309,50.9177058,-1.38199
10024438442,50.9292304,-1.3711649
10024438443,50.9290801,-1.3712196
10024438444,50.9289088,-1.3713164
10024438445,50.9288989,-1.371241
10024438464,50.9223126,-1.3831924
10024438465,50.9223136,-1.3831924
10024438466,50.9223126,-1.3831924
10024438577,50.9177313,-1.3817052
10024438586,50.9356075,-1.3899642
10024438635,50.9176934,-1.38135
10024438636,50.9176934,-1.38135
10024438637,50.9176934,-1.38135
10024438638,50.9176934,-1.38135
10024438653,50.917649,-1.3814502
10024438654,50.917649,-1.3814502
10024438655,50.917649,-1.3814502
10024438656,50.917649,-1.3814502
10024438657,50.9187844,-1.3751613
10024438658,50.9187844,-1.3751613
10024438659,50.9187844,-1.3751613
10024438660,50.9187844,-1.3751613
10024438661,50.9187844,-1.3751613
10024438717,50.9188918,-1.3750745
10024438718,50.9188918,-1.3750745
10024438719,50.9188918,-1.3750745
10024438720,50.9188918,-1.3750745
10024438721,50.9188918,-1.3750745
10024438722,50.9188918,-1.3750745
10024438723,50.9188918,-1.3750745
10024438724,50.9188918,-1.3750745
10024438725,50.9188918,-1.3750745
10024438726,50.9188918,-1.3750745
10024438727,50.9188918,-1.3750745
10024438860,50.9359807,-1.3891196
10024438861,50.9239888,-1.3814372
10024438862,50.9239888,-1.3814372
10024438863,50.9211727,-1.3839685
10024438864,50.9359807,-1.3891196
10024438945,50.935921,-1.381236
10024438946,50.935921,-1.381236
10024439200,50.9396679,-1.3789659
10024439201,50.9396679,-1.3789659
10024439202,50.9396679,-1.3789659
10024439203,50.9396679,-1.3789659
10024439204,50.9396679,-1.3789659
10024439205,50.9396679,-1.3789659
10024439206,50.9396679,-1.3789659
10024439207,50.9396679,-1.3789659
10024439208,50.9396679,-1.3789659
10024439209,50.9396679,-1.3789659
10024439210,50.9396679,-1.3789659
10024439211,50.9396679,-1.3789659
10024439212,50.9396679,-1.3789659
10024439213,50.9396679,-1.3789659
10024439447,50.9221901,-1.3834364
10024439448,50.9222155,-1.3833653
10024439449,50.9222475,-1.3833031
10024439450,50.9223689,-1.3835846
10024439507,50.9269494,-1.3649575
10024439508,50.9269944,-1.3649651
10024439510,50.9302363,-1.3856962
10024439602,50.9389711,-1.3840069
10024439603,50.9389581,-1.3840799
10024439604,50.9389421,-1.3841532
10024439605,50.9389307,-1.3842474
10024439675,50.9141194,-1.3639007
10024439705,50.9113612,-1.3624509
10024439706,50.9114069,-1.3623797
10024439707,50.9114526,-1.3622967
10024439708,50.9114864,-1.3622304
10024439727,50.9399469,-1.3790191
10024439865,50.9363803,-1.3814039
10024440241,50.9397456,-1.3782204
10024440304,50.9355991,-1.3815677
10024440305,50.9355991,-1.3815677
10024440306,50.9355991,-1.3815677
10024440307,50.9355991,-1.3815677
10024440308,50.9355991,-1.3815677
10024440309,50.9355991,-1.3815677
10024440713,50.9209261,-1.3889471
10024440746,50.9181185,-1.3851854
10024440747,50.9174556,-1.3856779
10024440777,50.9261838,-1.3782209
10024440790,50.9326467,-1.3630588
10024440809,50.9140298,-1.3606586
10024440821,50.9217005,-1.3891361
10024440827,50.9111584,-1.3886482
10024440853,50.9262573,-1.360192
10024440860,50.926686,-1.3898107
10024440862,50.9334286,-1.3640816
10024440863,50.9211472,-1.3855732
10024440864,50.9167973,-1.383638
10024440879,50.927808,-1.3877043
10024440880,50.9120919,-1.3866019
10024440881,50.9167575,-1.3778487
10024440882,50.9154341,-1.3792604
10024440887,50.9239195,-1.3768994
10024440888,50.9376307,-1.364718
10024440889,50.935258,-1.3766481
10024440921,50.9361289,-1.3630592
10024440938,50.9353317,-1.3769744
10024440942,50.9265686,-1.3645133
10024440954,50.9342023,-1.3861117
10024440955,50.9352593,-1.3887306
10024440956,50.9166991,-1.3820745
10024440957,50.9170917,-1.3831931
10024440958,50.9184505,-1.3799743
10024440959,50.9268621,-1.3722357
10024440960,50.9281387,-1.3721758
10024440962,50.9245558,-1.3748136
10024440963,50.9252483,-1.3748185
10024440964,50.925504,-1.375555
10024440972,50.9284663,-1.3779058
10024440974,50.9331392,-1.3823403
10024440977,50.9114398,-1.3672515
10024440979,50.9135557,-1.3644063
10024441049,50.9336763,-1.385279
10024441055,50.9213994,-1.3832215
10024441064,50.9295338,-1.3624379
10024441088,50.9223698,-1.3830664
10024441129,50.9262991,-1.3612729
10024441138,50.930231,-1.3884693
10024441139,50.930231,-1.3884693
10024441140,50.930231,-1.3884693
10024441141,50.930231,-1.3884693
10024441142,50.930231,-1.3884693
10024441154,50.9284215,-1.3746052
10024441168,50.9273792,-1.3875131
10024441171,50.9383927,-1.3826834
10024441218,50.91319,-1.364966
10024441220,50.9214729,-1.377174
10024441225,50.9306928,-1.3702416
10024441244,50.9336969,-1.363989
10024441246,50.9352652,-1.3830522
10024441327,50.9383649,-1.3808335
10024441357,50.9268757,-1.3764472
10024441358,50.9268395,-1.376405
10024441359,50.9268034,-1.3763771
10024441360,50.9250539,-1.3754614
10024441361,50.9183868,-1.3764754
10024441371,50.935871,-1.3887653
10024441374,50.9105319,-1.3892112
10024441375,50.9105319,-1.3892112
10024441380,50.9123838,-1.389613
10024441381,50.9123838,-1.389613
10024441400,50.9171432,-1.3839177
10024441405,50.9108549,-1.3671741
10024441416,50.9174176,-1.3785227
10024441426,50.9344911,-1.3661698
10024441434,50.9129268,-1.3846422
10024441445,50.916291,-1.3797469
10024441446,50.9160045,-1.3782997
10024441447,50.9158892,-1.3789915
10024441499,50.9102152,-1.383725
10024441500,50.9102153,-1.3837392
10024441501,50.9102261,-1.3840804
10024441502,50.910189,-1.3838675
10024441503,50.9101876,-1.3836115
10024441504,50.9102135,-1.3833978
10024441505,50.9102989,-1.3842501
10024441506,50.9100694,-1.3850639
10024441507,50.9100069,-1.3851501
10024441524,50.9103082,-1.3809217
10024441525,50.9103083,-1.3809359
10024441526,50.9103083,-1.3809359
10024441527,50.9103173,-1.3809358
10024441528,50.9103264,-1.3809499
10024441529,50.9103174,-1.38095
10024441542,50.9290587,-1.3827502
10024441543,50.9290587,-1.3827502
10024441545,50.9113771,-1.3806941
10024441546,50.9113774,-1.380751
10024441547,50.9113787,-1.3809928
10024441548,50.911624,-1.3814589
10024441549,50.9116226,-1.3795102
10024441550,50.9116113,-1.3790694
10024441551,50.9116642,-1.3788838
10024441552,50.912299,-1.3798853
10024441553,50.9120116,-1.379946
10024441555,50.9264788,-1.3880348
10024441556,50.9264788,-1.3880348
10024441567,50.9145638,-1.3899818
10024441568,50.9145638,-1.3899818
10024441569,50.9145638,-1.3899818
10024441572,50.9116867,-1.3831081
10024441678,50.9237133,-1.3803596
10024441679,50.9237133,-1.3803596
10024441685,50.9332749,-1.3824951
10024441687,50.9332221,-1.3827092
10024441688,50.9332221,-1.3827092
10024441690,50.9292945,-1.3848246
10024441695,50.9157294,-1.3789862
10024441696,50.9156486,-1.3790015
10024886283,50.9386066,-1.3695857
10024886285,50.9225561,-1.3887284
10024886287,50.924958,-1.3819622
10024887333,50.9356967,-1.3888934
10024889426,50.9225818,-1.3670313
10024889427,50.921601,-1.3745132
10024889430,50.9269835,-1.3695745
10024889431,50.9330593,-1.372214
10024889432,50.9358783,-1.3736148
10024890510,50.9332625,-1.3714577
10024893642,50.9334165,-1.3894749
10024893652,50.9317638,-1.3689456
10024893653,50.925675,-1.371144
10024893655,50.9336203,-1.3694306
10024893656,50.9331041,-1.3736527
10024894621,50.9103699,-1.3811946
10024894622,50.9100019,-1.3800545
10024895673,50.9118784,-1.3805132
10024895674,50.9110853,-1.3882674
10024895675,50.9121579,-1.3864268
10024895677,50.9206416,-1.3773807
10024895678,50.9186458,-1.3820359
10024896739,50.9297841,-1.3858242
10024896741,50.9245339,-1.3765007
10024896742,50.9245453,-1.3868381
10024896743,50.927891,-1.3877594
10024897818,50.9111546,-1.3795207
10024897819,50.9114349,-1.3817424
10024898779,50.9220171,-1.3833692
10024898780,50.9237116,-1.3847831
10024898781,50.9188558,-1.3771991
10024899770,50.9282071,-1.3840215
10024899783,50.9145254,-1.3604292
10024899785,50.9234977,-1.3606471
10024900703,50.9342283,-1.3834035
10024900704,50.9342672,-1.3881401
10025281736,50.9108668,-1.3821325
10025281737,50.9112162,-1.3893658
10025282561,50.9168689,-1.3831377
10025282562,50.93024,-1.3829494
10025282564,50.9290103,-1.3881289
10025282565,50.9277089,-1.3782923
10025282568,50.9365795,-1.3779077
10025282574,50.9180552,-1.3709146
10025282575,50.9301923,-1.3665272
10025282576,50.9390748,-1.3700869
10025282578,50.9355282,-1.3722188
10025283499,50.9341726,-1.3606822
10025296353,50.9197122,-1.3898373
10025303786,50.9258795,-1.3640528
10025304710,50.9258204,-1.3639776
10025304723,50.9261954,-1.3642302
10025330479,50.9146863,-1.3625077
10025354904,50.9308082,-1.361213
10025366900,50.9293899,-1.367364
10025375411,50.9316422,-1.3894156
10025375582,50.9108584,-1.3826491
10025379767,50.9113169,-1.3879569
10025384810,50.9336497,-1.3827194
10025384888,50.9118389,-1.3805315
10025385351,50.9166146,-1.3853077
10025385356,50.9308773,-1.3845781
10025391027,50.9140836,-1.3623514
10025542875,50.9389974,-1.3838463
10025569428,50.9375981,-1.3801693
10025614789,50.9328826,-1.3623674
10025615057,50.9183344,-1.3738166
10025615204,50.9385357,-1.3800263
10025632376,50.9236071,-1.360845
10025634063,50.9207677,-1.3645836
10025634132,50.932833,-1.3699944
10025634322,50.9283623,-1.3676058
10025634646,50.9316955,-1.3680161
10025634980,50.9175102,-1.3748603
10025634984,50.9150072,-1.3603095
10025638014,50.9174576,-1.3834163
10025642542,50.9188058,-1.3637059
10025642801,50.9176272,-1.3758874
10025643366,50.9183583,-1.3740258
10025648583,50.9352326,-1.3820106
10025649302,50.9305843,-1.3720407
10025667285,50.9149909,-1.3613106
10025667371,50.9286938,-1.3749786
10025667376,50.9353964,-1.3826596
10025667671,50.9383849,-1.3849554
10025673199,50.9123991,-1.3879616
10025674464,50.9265201,-1.3883646
10025675159,50.9168604,-1.3833561
10025680345,50.9310215,-1.3600988
10025680548,50.9374811,-1.3765453
10025699938,50.9159816,-1.3693358
10025700039,50.9233712,-1.3611131
10025700257,50.9276267,-1.3885154
10025700265,50.9265298,-1.3883581
10025700347,50.9150933,-1.361165
10025700412,50.9357944,-1.3808398
10025700630,50.9389271,-1.3801581
10025700817,50.9274963,-1.3763483
10025705316,50.9336372,-1.366186
10025705777,50.9124945,-1.3879138
10025707463,50.9385763,-1.3867348
10025708280,50.9167189,-1.3837957
10025708484,50.9192022,-1.3663168
10025712869,50.9345092,-1.3656001
10025712904,50.9318704,-1.3605946
10025713342,50.9346793,-1.364563
10025714430,50.9352206,-1.3819646
10025732974,50.9152204,-1.3613779
10025733397,50.9391761,-1.3807204
10025737116,50.9384307,-1.373008
10025792376,50.9333549,-1.3850418
10025963524,50.9309028,-1.3722849
10025976453,50.9135197,-1.3679743
10026006497,50.9300273,-1.3709478
10026014073,50.9367126,-1.3791511
10026025258,50.9357464,-1.3716526
10026055544,50.9182149,-1.3851456
10026090438,50.9244237,-1.3803319
10026109583,50.9392889,-1.3757286
10026115346,50.9347978,-1.381366
10026122879,50.9239277,-1.376247
10034862139,50.9304188,-1.3614724
10034862140,50.9308051,-1.3613959
10034862251,50.9207647,-1.3755189
10034862252,50.9249128,-1.3759898
10034862253,50.9249666,-1.3759464
10034862254,50.9250119,-1.3760169
10034862255,50.9278831,-1.3781555
10034862295,50.929397,-1.385492
10034862296,50.9163793,-1.3811256
10034862297,50.9163343,-1.381112
10034862298,50.9162892,-1.3810983
10034862299,50.9160639,-1.3810018
10034862300,50.9160554,-1.3810872
10034862301,50.9160737,-1.3811581
10034862302,50.9160741,-1.3812292
10034862316,50.9236188,-1.3744847
10034862318,50.9312854,-1.3888966
10034862319,50.9312854,-1.3888966
10034862320,50.9312854,-1.3888966
10034862321,50.9312854,-1.3888966
10034862322,50.9312854,-1.3888966
10034862323,50.9312854,-1.3888966
10034862324,50.9312854,-1.3888966
10034862325,50.9312854,-1.3888966
10034862326,50.9312854,-1.3888966
10034862328,50.9247772,-1.3608669
10034862527,50.9222008,-1.3716583
10034862528,50.9231098,-1.375146
10034862726,50.9180888,-1.3779163
10034862727,50.9180888,-1.3779163
10034862756,50.932693,-1.3646004
10034862757,50.9332025,-1.3631974
10034862760,50.9249631,-1.3888088
10034862761,50.9237429,-1.3859223
10034862762,50.9237429,-1.3859223
10034862763,50.9237429,-1.3859223
10034862764,50.9237429,-1.3859223
10034862765,50.9237429,-1.3859223
10034862781,50.9175833,-1.3758887
10034862782,50.9191794,-1.3750422
10034862808,50.9261612,-1.3640209
10034862809,50.9261612,-1.3640209
10034862810,50.9261612,-1.3640209
10034862811,50.9261612,-1.3640209
10034862812,50.9261612,-1.3640209
10034862813,50.9261612,-1.3640209
10034862814,50.9261612,-1.3640209
10034862815,50.9261612,-1.3640209
10034862816,50.9261612,-1.3640209
10034862817,50.9261612,-1.3640209
10034862818,50.9261612,-1.3640209
10034862819,50.9261612,-1.3640209
10034862820,50.9261612,-1.3640209
10034862821,50.9261612,-1.3640209
10034862822,50.9261612,-1.3640209
10034862823,50.9261612,-1.3640209
10034862824,50.9261612,-1.3640209
10034862825,50.9261612,-1.3640209
10034862826,50.9261612,-1.3640209
10034862827,50.9261612,-1.3640209
10034862828,50.9261612,-1.3640209
10034862829,50.9261612,-1.3640209
10034862830,50.9261612,-1.3640209
10034862831,50.9261612,-1.3640209
10034862832,50.9261612,-1.3640209
10034862833,50.9261612,-1.3640209
10034862834,50.9261612,-1.3640209
10034862835,50.9261612,-1.3640209
10034862836,50.9261612,-1.3640209
10034862837,50.9261612,-1.3640209
10034862873,50.9240757,-1.3671725
10034862874,50.9240757,-1.3671725
10034862875,50.9240743,-1.3671725
10034862876,50.9240743,-1.3671701
10034862879,50.928915,-1.3743993
10034862891,50.9256141,-1.3681614
10034862892,50.9256141,-1.3681614
10034862893,50.9256126,-1.3681614
10034862894,50.9256126,-1.3681614
10034862895,50.9256126,-1.3681591
10034862896,50.9256141,-1.3681614
10034862936,50.9104008,-1.3814183
10034862939,50.9257489,-1.3642684
10034862943,50.9290587,-1.3827502
10034862947,50.9386078,-1.3814935
10034862948,50.9385933,-1.3815834
10034862949,50.9385641,-1.3816924
10034862950,50.9385316,-1.381759
10034863130,50.9177374,-1.3777929
10034863134,50.9245647,-1.3714556
10034863896,50.9196416,-1.3723614
10034863897,50.9211299,-1.3832678
10034863898,50.9210766,-1.3833965
10034863899,50.9210323,-1.3835252
10034863921,50.9216443,-1.3752084
10034863925,50.9182861,-1.3711277
10034863926,50.9182861,-1.3711277
10034863927,50.9182861,-1.3711277
10034863928,50.9182861,-1.3711277
10034863929,50.9182861,-1.3711277
10034863930,50.9182861,-1.3711277
10034863931,50.9182861,-1.3711277
10034863932,50.9182861,-1.3711277
10034863933,50.9182861,-1.3711277
10034863934,50.9182861,-1.3711277
10034863935,50.9182861,-1.3711277
10034863975,50.9242987,-1.385602
10034863976,50.9243435,-1.3855729
10034864020,50.9176493,-1.3815071
10034864021,50.9176493,-1.3815071
10034864022,50.9176493,-1.3815071
10034864023,50.9176493,-1.3815071
10034864031,50.9283008,-1.3856092
10034864032,50.9282822,-1.3855494
10034864048,50.9121962,-1.3876047
10034864049,50.9121205,-1.3876385
10034864050,50.9121757,-1.3871556
10034864051,50.9121664,-1.3870846
10034864057,50.9279813,-1.3898933
10034864059,50.9274917,-1.367247
10034864077,50.9234946,-1.3731348
10034864149,50.9170417,-1.3755118
10034864150,50.9153146,-1.372064
10034864180,50.9239909,-1.3601521
10034864318,50.9244971,-1.3756112
10034864442,50.9288393,-1.3604126
10034864455,50.9381189,-1.3887215
10034864464,50.9268629,-1.3640682
10034864465,50.9270137,-1.363682
10034864466,50.9267336,-1.3634439
10034864494,50.9393554,-1.3726792
10034864495,50.9391394,-1.3726536
10034864511,50.9229111,-1.3816934
10034864518,50.9324138,-1.3846126
10034864519,50.932566,-1.3844683
10034864521,50.9355991,-1.3815677
10034864530,50.9164361,-1.3766153
10034864531,50.9161627,-1.3759361
10034864537,50.9279107,-1.3884286
10034864538,50.9278685,-1.3889556
10034864582,50.9241504,-1.3646744
10034864583,50.9238797,-1.3645074
10034864584,50.9236091,-1.3643546
10034864585,50.9233477,-1.3642301
10034864613,50.9235336,-1.3604003
10034864614,50.9229328,-1.3607073
10034864615,50.9231185,-1.3601357
10034864616,50.9236304,-1.3600006
10034864621,50.923075,-1.3604066
10034864662,50.9238587,-1.3606377
10034864663,50.9231847,-1.3607323
10034864680,50.919642,-1.3724325
10034864713,50.9316247,-1.3759214
10034864739,50.914057,-1.362351
10034864765,50.9122283,-1.3886058
10034864771,50.9269984,-1.3825783
10034864777,50.9206693,-1.3879972
10034864811,50.9141189,-1.362151
10034864815,50.9265675,-1.372638
10034864831,50.9284099,-1.3858892
10034864836,50.9268066,-1.3752956
10034864847,50.9385099,-1.3844324
10034864850,50.9174265,-1.3751653
10034864858,50.9256212,-1.3639287
10034864873,50.9397492,-1.3756913
10034864885,50.9250098,-1.3623008
10034864914,50.9176037,-1.3713219
10034864918,50.9217622,-1.3687049
10034864920,50.9295712,-1.3844225
10034864940,50.9341116,-1.3625317
10034864957,50.9154043,-1.3647798
10034864960,50.9145584,-1.3619459
10034864961,50.9162088,-1.3845705
10034864962,50.912653,-1.3654285
10034864966,50.9103502,-1.3620034
10034864983,50.9251812,-1.3757158
10034864984,50.9107525,-1.3816127
10034864994,50.9299987,-1.3853418
10034865002,50.910185,-1.3713507
10034865016,50.9278508,-1.3605401
10034865018,50.931355,-1.3850393
10034865031,50.9334584,-1.3831757
10034865032,50.9344649,-1.3663125
10034865033,50.9253392,-1.3633349
10034865034,50.9104088,-1.3711486
10034865038,50.9395879,-1.3724341
10034865053,50.9226526,-1.3737436
10034865061,50.9241878,-1.371603
10034865082,50.9121296,-1.3886497
10034865097,50.9114718,-1.3631971
10034865107,50.9264812,-1.3666346
10034865127,50.9182148,-1.377943
10034865140,50.9112064,-1.3892166
10034865151,50.9133326,-1.3647365
10034865152,50.9163951,-1.3689767
10034865153,50.9247926,-1.3603972
10034865164,50.9111058,-1.3686784
10034865176,50.9391015,-1.3722983
10034865183,50.9289188,-1.3634424
10034865192,50.9221145,-1.3723424
10034865193,50.9240666,-1.3758161
10034865194,50.924395,-1.3766797
10034865195,50.9206128,-1.3656901
10034865196,50.9245182,-1.3745153
10034865197,50.9119111,-1.3864336
10034865201,50.9199684,-1.3729261
10034865206,50.9219371,-1.3837068
10034865223,50.9326353,-1.3705497
10034865226,50.9284908,-1.3608016
10034865227,50.9287889,-1.3643549
10034865228,50.9286774,-1.3653525
10034865265,50.9149826,-1.3721965
10034865284,50.9393366,-1.3894314
10034865289,50.9222496,-1.3685851
10034865304,50.9265498,-1.3666149
10034865313,50.9263941,-1.3705061
10034865314,50.9255128,-1.3704895
10034865315,50.9255848,-1.3705028
10034865317,50.9288917,-1.3885723
10034865322,50.9301405,-1.3665136
10034865333,50.9237626,-1.3845562
10034865352,50.9217646,-1.3842553
10034865355,50.9258907,-1.3638823
10034865359,50.9104848,-1.3619589
10034865378,50.9180249,-1.381118
10034865409,50.9227141,-1.3618343
10034865412,50.9220404,-1.363622
10034865424,50.9387742,-1.3800168
10034865429,50.9330909,-1.3716536
10034865438,50.9101926,-1.3660878
10034865439,50.9115187,-1.3635521
10034865443,50.9391017,-1.3756857
10034865457,50.916766,-1.3744059
10034865466,50.9396998,-1.3698422
10034865479,50.9161475,-1.3664194
10034865480,50.9185139,-1.3633571
10034865481,50.9177697,-1.3654158
10034865496,50.9118223,-1.3866482
10034865498,50.9340577,-1.3893868
10034865501,50.9141076,-1.3650246
10034865513,50.9223602,-1.3829527
10034865514,50.9284042,-1.3882229
10034865515,50.9292781,-1.3885245
10034865516,50.9306549,-1.3887057
10034865526,50.9311613,-1.3673678
10034865537,50.9220909,-1.3763121
10034865540,50.936027,-1.3808646
10034865545,50.9351665,-1.3814026
10034865553,50.9169429,-1.3839633
10034865582,50.9367171,-1.3804285
10034865584,50.9217735,-1.3625016
10034865599,50.9330781,-1.3626455
10034865600,50.9252936,-1.3732244
10034865609,50.920813,-1.3778088
10034865634,50.9171547,-1.3680986
10034865648,50.9389332,-1.3677745
10034865650,50.9211184,-1.3861845
10034865654,50.922537,-1.3823813
10034865669,50.9165262,-1.3682779
10034865681,50.9252946,-1.3851762
10034865682,50.9100997,-1.3891031
10034865702,50.9336936,-1.366693
10034865707,50.9320629,-1.3845603
10034865711,50.9240786,-1.3713484
10034865716,50.9146515,-1.3625278
10034865719,50.9109916,-1.370842
10034865721,50.9366547,-1.3805432
10034865740,50.9385136,-1.3885456
10034865748,50.9220762,-1.3619284
10034865749,50.912206,-1.389488
10034865760,50.9327208,-1.3663931
10034865765,50.9269585,-1.3634551
10034865766,50.9264336,-1.364501
10034865767,50.9134394,-1.3645216
10034865778,50.9305322,-1.3608304
10034865782,50.939618,-1.3730172
10034865797,50.9102938,-1.3815904
10034865798,50.9112285,-1.3814926
10034865821,50.9218068,-1.37532
10034865833,50.9242737,-1.3758703
10034865842,50.9167498,-1.3697259
10034865857,50.9324095,-1.3637219
10034865866,50.9345474,-1.36328
10034865871,50.9157459,-1.3653295
10034865875,50.9342359,-1.3822689
10034865878,50.9354542,-1.3780259
10034865881,50.937971,-1.3694386
10034865902,50.9242973,-1.366892
10034865903,50.917289,-1.3713261
10034865904,50.9221946,-1.3671767
10034865922,50.9352872,-1.3653762
10034865924,50.9178755,-1.3700236
10034865934,50.9104763,-1.3653443
10034865942,50.920642,-1.3661023
10034865954,50.9207055,-1.3661868
10034865961,50.9258219,-1.3744694
10034865972,50.9252288,-1.3678611
10034865976,50.9240215,-1.3858902
10034865979,50.931585,-1.3860324
10034865981,50.9316673,-1.367802
10034865988,50.9306554,-1.3669335
10034865990,50.9273311,-1.3775226
10034866001,50.9274143,-1.3762693
10034866010,50.9324386,-1.3657708
10034866017,50.9357196,-1.3771969
10034866031,50.9275828,-1.3859428
10034866053,50.9241255,-1.3700388
10034866055,50.939876,-1.3792193
10034866081,50.9235205,-1.3813154
10034866090,50.9328807,-1.3627336
10034866101,50.9101405,-1.36313
10034866113,50.9273541,-1.3617991
10034866122,50.9120164,-1.3878258
10034866123,50.9118702,-1.3872023
10034866125,50.9249315,-1.3811402
10034866126,50.9248196,-1.3820949
10034866127,50.9206417,-1.3878695
10034866137,50.9168691,-1.3836086
10034866147,50.9233333,-1.3833098
10034866148,50.9194077,-1.3807298
10034866154,50.9380015,-1.380141
10034866166,50.9127685,-1.3618708
10034866167,50.9111677,-1.3684784
10034866183,50.933439,-1.3897364
10034866184,50.9284894,-1.377194
10034866185,50.9335699,-1.3704232
10034866186,50.9229169,-1.3760734
10034866188,50.9390259,-1.3699509
10034866205,50.9217649,-1.3609083
10034866206,50.9187969,-1.3641357
10034866207,50.9183024,-1.3625064
10034866213,50.9208059,-1.3615047
10034866233,50.928646,-1.3829406
10034866237,50.9276895,-1.3705739
10034866294,50.9326716,-1.38404
10034866302,50.9303594,-1.3872296
10034866309,50.9230443,-1.3864721
10034866321,50.9337873,-1.365724
10034866324,50.9130626,-1.3646975
10034866336,50.9238087,-1.3813827
10034866338,50.9233949,-1.3746585
10034866344,50.9349567,-1.3641283
10034866355,50.9375466,-1.3758062
10034866367,50.9247315,-1.3824234
10034866372,50.9172159,-1.3794928
10034866374,50.911927,-1.3658793
10034866388,50.9251048,-1.3632386
10034866403,50.9200525,-1.3701649
10034866458,50.9233492,-1.374531
10034866483,50.9256326,-1.3660344
10034866484,50.9258186,-1.3671701
10034866487,50.9386446,-1.3878038
10034866500,50.9120372,-1.3881673
10034866509,50.9310932,-1.3886665
10034866513,50.9247569,-1.3637413
10034866515,50.9234553,-1.3608851
10034866525,50.9198429,-1.3796997
10034866549,50.9243914,-1.3610287
10034866555,50.9334693,-1.3667956
10034866625,50.9291072,-1.3766877
10034866632,50.9145684,-1.3621307
10034866670,50.9205461,-1.378353
10034866671,50.9188811,-1.3764262
10034866675,50.9103746,-1.3849603
10034866679,50.9329915,-1.3616078
10034866701,50.9265611,-1.364798
10034866706,50.935216,-1.3890585
10034866710,50.9266422,-1.3648254
10034866726,50.911228,-1.3864995
10034866731,50.9256176,-1.3833365
10034866748,50.9155401,-1.3605668
10034866755,50.9285827,-1.3862569
10034866758,50.9159437,-1.373663
10034866762,50.9383216,-1.3710848
10034866794,50.9205182,-1.3664739
10034866796,50.9209022,-1.3676495
10034866797,50.9303337,-1.3840709
10034866822,50.9299116,-1.3858694
10034866843,50.9251389,-1.3795723
10034866844,50.9253726,-1.3795549
10034866845,50.9204761,-1.3871746
10034866846,50.9204303,-1.3870187
10034866847,50.9205015,-1.3868755
10034866848,50.9224873,-1.3831787
10034866858,50.9254602,-1.3849142
10034866872,50.9349215,-1.3642711
10034866873,50.9112736,-1.370069
10034866874,50.9106668,-1.370633
10034866884,50.9387891,-1.3828062
10034866888,50.9246099,-1.3714835
10034866901,50.9123185,-1.3886615
10034866913,50.912173,-1.3615091
10034866925,50.9180283,-1.3783865
10034866940,50.9104603,-1.3708698
10034866954,50.9280195,-1.3634263
10034866955,50.9281586,-1.3609058
10034866962,50.9201658,-1.3728381
10034866963,50.9201166,-1.3720562
10034866964,50.9216767,-1.3711958
10034866965,50.9238668,-1.3754489
10034866973,50.9384457,-1.3757657
10034866980,50.9312996,-1.3613749
10034867083,50.9271735,-1.3649604
10034867134,50.9262195,-1.3648169
10034867139,50.9343755,-1.3899803
10034867256,50.9146706,-1.3610766
10034867316,50.9253549,-1.3846774
10034867400,50.9233614,-1.3886164
10034867401,50.9233614,-1.3886164
10034867402,50.9337441,-1.3844954
10034867403,50.9337441,-1.3844954
10034867482,50.9234823,-1.3697393
10034867483,50.9235185,-1.3698181
10034867484,50.9235357,-1.3699048
10034867606,50.9332023,-1.3857691
10034867607,50.9334525,-1.3858097
10034867608,50.9335064,-1.3855995
10034867609,50.9335247,-1.3856816
10034867610,50.9335326,-1.3857709
10034867611,50.9335449,-1.3858555
10034867612,50.9335691,-1.3859352
10034867613,50.933583,-1.3860174
10034867691,50.9380633,-1.3832997
10034867692,50.9380633,-1.3832997
10034867693,50.9380633,-1.3832997
10034867694,50.9380633,-1.3832997
10034867751,50.9258031,-1.3643104
10034867760,50.9339056,-1.3659927
10034867788,50.9205491,-1.3638842
10034867789,50.9205491,-1.3638842
10034867790,50.9205491,-1.3638842
10034867791,50.9205491,-1.3638842
10034867792,50.9205491,-1.3638842
10034867793,50.9205491,-1.3638842
10034867794,50.9205491,-1.3638842
10034867795,50.9205875,-1.3638299
10034867796,50.9205875,-1.3638299
10034867797,50.9205875,-1.3638299
10034867798,50.9205874,-1.3638276
10034867806,50.9163374,-1.3783237
10034867815,50.9218904,-1.389347
10034867816,50.9219354,-1.3893464
10034867817,50.9219893,-1.3893457
10034867818,50.9220343,-1.3893451
10034868059,50.9343739,-1.3661145
10034868091,50.9226452,-1.3824225
10034868092,50.9284083,-1.387298
10034868106,50.9357801,-1.3834865
10034868107,50.9354224,-1.3821677
10034868119,50.9238687,-1.3639205
10034868123,50.9329468,-1.3616511
10034868124,50.9276326,-1.3733921
10034868145,50.9158752,-1.3610032
10034868153,50.9384414,-1.3666141
10034868154,50.9387077,-1.3659843
10034868155,50.937917,-1.3694251
10034868156,50.9381046,-1.3658644
10034868159,50.934387,-1.3752081
10034868161,50.9217992,-1.3856918
10034868163,50.9222377,-1.3819015
10034868169,50.9256438,-1.384887
10034868171,50.9103424,-1.3856719
10034868182,50.9336557,-1.3646869
10034868187,50.9322383,-1.3854261
10034868209,50.9220286,-1.3614453
10034868241,50.9236956,-1.3604265
10034868247,50.9392944,-1.3663748
10034868255,50.9315435,-1.3632215
10034868263,50.9351519,-1.3854303
10034868265,50.9383176,-1.3686796
10034868273,50.9238281,-1.3682501
10034868274,50.9198558,-1.370381
10034868277,50.9110614,-1.3838845
10034868278,50.9127406,-1.3834498
10034868286,50.9369323,-1.3752736
10034868287,50.9398412,-1.3710501
10034868290,50.9373206,-1.3772609
10034868291,50.9205919,-1.3601988
10034868292,50.9190104,-1.3604197
10034868301,50.9227518,-1.3671122
10034868302,50.9207293,-1.3653808
10034868309,50.9127988,-1.3876453
10034868317,50.9274159,-1.3765681
10034868319,50.9129483,-1.3618683
10034868335,50.9252522,-1.3873537
10034868344,50.939574,-1.3782271
10034868351,50.9224029,-1.3808323
10034868355,50.9323002,-1.3634673
10034868365,50.9335688,-1.363578
10034868369,50.9231264,-1.3816052
10034868373,50.9157354,-1.3750599
10034868379,50.937938,-1.3800422
10034868385,50.9130096,-1.3632046
10034868389,50.9278932,-1.3885142
10034868396,50.9380982,-1.371344
10034868397,50.937881,-1.3710908
10034868398,50.9199701,-1.3624385
10034868402,50.9197338,-1.3611495
10034868403,50.9299575,-1.3609664
10034868414,50.9284479,-1.3812073
10034868446,50.9327731,-1.3845367
10034868462,50.9330035,-1.3654642
10034868467,50.9112182,-1.3628735
10034868481,50.9371305,-1.3753421
10034868494,50.9236564,-1.3642283
10034868556,50.9335349,-1.3689318
10034868606,50.9351174,-1.3891167
10034868609,50.93411,-1.3748098
10034868615,50.9109935,-1.3852199
10034868616,50.9113348,-1.3845778
10034868630,50.9176488,-1.3797146
10034868634,50.9155022,-1.3602259
10034868635,50.9134848,-1.3679207
10034868655,50.9214666,-1.3874177
10034868687,50.9101266,-1.3822753
10034868689,50.9145499,-1.3603955
10034868703,50.9368021,-1.3778229
10034868704,50.9368981,-1.3789602
10034868731,50.9145684,-1.3621307
10034868732,50.9240666,-1.3758161
10034868769,50.9223415,-1.3896114
10034868770,50.9155291,-1.3802122
10034868772,50.9172687,-1.3872514
10034868773,50.9143118,-1.3612522
10034868774,50.9143773,-1.3600706
10034868781,50.9390111,-1.3873862
10034868782,50.9390111,-1.3873862
10034868806,50.9184232,-1.3732029
10034868809,50.928579,-1.373792
10034868811,50.9397541,-1.3749226
10034868814,50.9330426,-1.3827828
10034868828,50.9228479,-1.3833447
10034868845,50.9385297,-1.371324
10034868854,50.9283323,-1.3697114
10034868883,50.9320468,-1.3731619
10034868885,50.9101972,-1.3888315
10034868892,50.9164361,-1.3766153
10034868893,50.9161627,-1.3759361
10034868909,50.9191912,-1.3822833
10034868910,50.9191912,-1.3822833
10034868911,50.9191912,-1.3822833
10034868929,50.9326455,-1.3691122
10034868941,50.9278685,-1.3889556
10034868942,50.9279107,-1.3884286
10034868947,50.9219423,-1.388948
10034868953,50.9142717,-1.3621347
10034868954,50.9166171,-1.3852621
10034868955,50.9168716,-1.384078
10034868956,50.9170356,-1.3878742
10034868957,50.9177854,-1.3750182
10034868958,50.9159134,-1.3848446
10034868959,50.9396849,-1.3855555
10034868971,50.9383599,-1.3866463
10034868973,50.9242341,-1.3718443
10034868976,50.9146052,-1.3606365
10034868977,50.9146044,-1.3604801
10034868978,50.9146177,-1.3612765
10034868996,50.9105247,-1.3709763
10034869061,50.9166442,-1.3785188
10034869064,50.9119092,-1.3877707
10034869086,50.9222962,-1.3878478
10034869095,50.9399258,-1.3784359
10034869101,50.9211581,-1.3650852
10034869110,50.9211578,-1.3650283
10034869115,50.921886,-1.3616891
10034869133,50.920804,-1.3744656
10034869134,50.9136622,-1.3641488
10034869139,50.914786,-1.3624267
10034869145,50.932494,-1.3710355
10034869146,50.924635,-1.3761642
10034869147,50.9263654,-1.3768667
10034869148,50.9328654,-1.3832832
10034869150,50.9268818,-1.3877164
10034869151,50.9272675,-1.3875264
10034869155,50.921612,-1.3877003
10034869175,50.9173557,-1.3753796
10034869176,50.9173557,-1.3753796
10034869177,50.9173557,-1.3753796
10034869196,50.9179363,-1.3711886
10034869197,50.9179363,-1.3711886
10034869198,50.9179348,-1.3711862
10034869199,50.9242719,-1.3890455
10034869200,50.9242719,-1.3890455
10034869201,50.9242719,-1.3890455
10034869202,50.9242719,-1.3890455
10034869203,50.9242719,-1.3890455
10034869204,50.9242719,-1.3890455
10034869205,50.9242719,-1.3890455
10034869206,50.9242719,-1.3890455
10034869207,50.9242719,-1.3890455
10034869208,50.9242719,-1.3890455
10034869209,50.9242719,-1.3890455
10034869210,50.9242719,-1.3890455
10034869223,50.9177093,-1.3809515
10034869224,50.9177093,-1.3809515
10034869225,50.9177093,-1.3809515
10034869226,50.9177093,-1.3809515
10034869227,50.9178149,-1.3805091
10034869228,50.9178149,-1.3805091
10034869229,50.9178149,-1.3805091
10034869230,50.9178149,-1.3805091
10034869231,50.9178149,-1.3805091
10034869232,50.9160257,-1.3671893
10034869233,50.9160257,-1.3671893
10034869234,50.9160257,-1.3671893
10034869235,50.9160257,-1.3671893
10034869236,50.9160257,-1.3671893
10034869255,50.9342949,-1.3849151
10034869256,50.9342949,-1.3849151
10034869257,50.9352409,-1.3886597
10034869287,50.9206348,-1.3680799
10034869288,50.9206348,-1.3680799
10034869289,50.9206348,-1.3680799
10034869290,50.9206348,-1.3680799
10034869510,50.9332567,-1.3858538
10034869512,50.9332567,-1.3858538
10034869527,50.9253375,-1.3847772
10034869528,50.9253375,-1.3847772
10034869529,50.9253375,-1.3847772
10034869530,50.9253375,-1.3847772
10034869564,50.9200012,-1.3723281
10034869569,50.9222758,-1.3672325
10034869570,50.9224392,-1.3675149
10034869571,50.9223063,-1.3678866
10034869572,50.9222991,-1.3682139
10034869610,50.9364929,-1.378866
10034869611,50.9364929,-1.378866
10034869612,50.9364929,-1.378866
10034869619,50.9135362,-1.3707792
10034869622,50.9223415,-1.3896114
10034869626,50.9178377,-1.3797406
10034869627,50.9157238,-1.3662403
10034869628,50.9175748,-1.3759742
10034869629,50.917561,-1.3826732
10034869634,50.9398464,-1.3736973
10034869635,50.9398464,-1.3736973
10034869636,50.9398464,-1.3736973
10034869637,50.9398464,-1.3736973
10034869685,50.9377697,-1.3805283
10034869686,50.9377697,-1.3805283
10034869687,50.9377697,-1.3805283
10034869688,50.9377697,-1.3805283
10034869708,50.9378543,-1.382904
10034869723,50.9387635,-1.372986
10034869734,50.9266783,-1.376521
10034869735,50.9266783,-1.376521
10034869736,50.9241974,-1.3754657
10034869747,50.9102901,-1.3893993
10034869748,50.9102901,-1.3893993
10034869772,50.9281616,-1.3865471
10034869778,50.9166708,-1.381833
10034869779,50.9166708,-1.381833
10034869780,50.9166713,-1.3819184
10034869781,50.9166713,-1.3819184
10034869807,50.9337982,-1.3879102
10034869815,50.9256531,-1.3748416
10034869816,50.9249576,-1.3742818
10034869817,50.9250295,-1.3742808
10034869834,50.9248972,-1.3697295
10034869860,50.9208028,-1.3775813
10034869885,50.9377211,-1.3768263
10034869886,50.9387742,-1.3765532
10034869887,50.937262,-1.3780587
10034869889,50.9278041,-1.3785265
10034869890,50.9278041,-1.3785265
10034869905,50.9242043,-1.3762817
10034869906,50.9241694,-1.3763155
10034869910,50.9229295,-1.3733985
10034869911,50.9229295,-1.3733985
10034869912,50.9229295,-1.3733985
10034869913,50.9229295,-1.3733985
10034869914,50.9229295,-1.3733985
10034869915,50.9229295,-1.3733985
10034869916,50.9229295,-1.3733985
10034869917,50.9229295,-1.3733985
10034869942,50.9170917,-1.3831931
10034869943,50.9160442,-1.3672744
10034869944,50.9156331,-1.366085
10034869945,50.9217655,-1.37266
10034869946,50.9217655,-1.37266
10034869947,50.9217655,-1.37266
10034869948,50.9217655,-1.37266
10034869949,50.9217655,-1.37266
10034869950,50.9217655,-1.37266
10034869951,50.9217655,-1.37266
10034869952,50.9217655,-1.37266
10034869953,50.9217655,-1.37266
10034869954,50.9217655,-1.37266
10034869955,50.9217655,-1.37266
10034869956,50.9217655,-1.37266
10034869957,50.9217655,-1.37266
10034869958,50.9217655,-1.37266
10034869959,50.9217655,-1.37266
10034869960,50.9217655,-1.37266
10034869961,50.921631,-1.372733
10034869962,50.921631,-1.372733
10034869963,50.921631,-1.372733
10034869964,50.921631,-1.372733
10034869965,50.921631,-1.372733
10034869966,50.921631,-1.372733
10034869967,50.921631,-1.372733
10034869979,50.9108184,-1.3821666
10034869987,50.9230316,-1.3790028
10034869988,50.9238595,-1.375762
10034869993,50.9169747,-1.3814734
10034869994,50.9212151,-1.3874637
10034869996,50.9205117,-1.3837028
10034869998,50.927438,-1.3806942
10034870000,50.9226155,-1.3870042
10034870001,50.9226155,-1.3870042
10034870002,50.9226155,-1.3870042
10034870003,50.9226155,-1.3870042
10034870097,50.9395936,-1.3785399
10034870098,50.9212284,-1.3831953
10034870116,50.9119568,-1.3848684
10034870126,50.9240924,-1.378946
10034870136,50.9114053,-1.3877204
10034870204,50.919293,-1.3828226
10034870210,50.9270966,-1.3875144
10034870211,50.9270966,-1.3875144
10034870212,50.9270966,-1.3875144
10034870213,50.9270966,-1.3875144
10034870214,50.9270966,-1.3875144
10034870215,50.9270966,-1.3875144
10034870216,50.9270966,-1.3875144
10034870217,50.9225927,-1.3895086
10034870218,50.9225927,-1.3895086
10034870219,50.9225927,-1.3895086
10034870220,50.9271235,-1.3874998
10034870221,50.9271235,-1.3874998
10034870222,50.9271235,-1.3874998
10034870223,50.9271235,-1.3874998
10034870224,50.9271235,-1.3874998
10034870225,50.9271235,-1.3874998
10034870226,50.9271235,-1.3874998
10034870231,50.9171306,-1.370304
10034870232,50.9171306,-1.370304
10034870233,50.9177319,-1.381819
10034870234,50.9177319,-1.381819
10034870235,50.9177319,-1.381819
10034870236,50.9177319,-1.381819
10034870237,50.9177319,-1.381819
10034870238,50.9177319,-1.381819
10034870239,50.9177313,-1.3817052
10034870240,50.9177313,-1.3817052
10034870241,50.9177313,-1.3817052
10034870242,50.9177313,-1.3817052
10034870243,50.9177313,-1.3817052
10034870244,50.9177313,-1.3817052
10034870245,50.9180978,-1.3812877
10034870246,50.9177095,-1.3809942
10034870247,50.9177095,-1.3809942
10034870248,50.9177095,-1.3809942
10034870249,50.9177095,-1.3809942
10034870250,50.9177095,-1.3809942
10034870251,50.9177095,-1.3809942
10034870252,50.9182042,-1.3793231
10034870285,50.9319677,-1.3734902
10034870286,50.9242817,-1.3754486
10034870287,50.9243242,-1.3754489
10034870310,50.9259728,-1.3740974
10034870311,50.9296839,-1.3718845
10034870323,50.9102475,-1.3898408
10034870326,50.9143203,-1.3879809
10034870333,50.9109446,-1.3821925
10034870334,50.9134304,-1.3846498
10034870336,50.9125332,-1.3833387
10034870348,50.9245165,-1.3641857
10034870354,50.9104158,-1.389355
10034870355,50.9104158,-1.389355
10034870356,50.9104158,-1.389355
10034870357,50.9104158,-1.389355
10034870358,50.9104158,-1.389355
10034870359,50.9104158,-1.389355
10034870360,50.9104158,-1.389355
10034870361,50.9104158,-1.389355
10034870362,50.9104158,-1.389355
10034870381,50.9113762,-1.3890152
10034870383,50.9218529,-1.3805693
10034870390,50.9288488,-1.3855562
10034870391,50.9288488,-1.3855562
10034870392,50.9338316,-1.3823454
10034870393,50.9366112,-1.3808141
10034870399,50.92154,-1.3842867
10034870400,50.92154,-1.3842867
10034870401,50.92154,-1.3842867
10034870402,50.92154,-1.3842867
10034870480,50.9343964,-1.3853976
10034870481,50.9343964,-1.3853976
10034870482,50.9343964,-1.3853976
10034870483,50.9343964,-1.3853976
10034870484,50.9343964,-1.3853976
10034870485,50.9343964,-1.3853976
10034870486,50.9289267,-1.3850002
10034870487,50.9289267,-1.3850002
10034870488,50.9289267,-1.3850002
10034870489,50.9289267,-1.3850002
10034870490,50.9289267,-1.3850002
10034870491,50.9289267,-1.3850002
10034870492,50.9289267,-1.3850002
10034870516,50.9244095,-1.3743745
10034870517,50.9250071,-1.3852227
10034870518,50.9250071,-1.3852227
10034870519,50.9250071,-1.3852227
10034870520,50.9250602,-1.3850512
10034870522,50.9172612,-1.3812419
10034870590,50.9371202,-1.3801385
10034870591,50.9371202,-1.3801385
10034870612,50.9119678,-1.3886519
10034870613,50.9119678,-1.3886519
10034870614,50.9119678,-1.3886519
10034870615,50.9119678,-1.3886519
10034870616,50.9119678,-1.3886519
10034870617,50.9119972,-1.3891067
10034870618,50.9119972,-1.3891067
10034870658,50.9230406,-1.3756592
10034870659,50.9212541,-1.3778116
10034870660,50.9227349,-1.3756633
10034870661,50.9227349,-1.3756633
10034870662,50.9227349,-1.3756633
10034870663,50.9227349,-1.3756633
10034870664,50.9227349,-1.3756633
10034870692,50.9270388,-1.3649907
10034870693,50.9270837,-1.3649901
10034870694,50.9271286,-1.3649752
10034870837,50.9371145,-1.3807505
10034870838,50.9371145,-1.3807505
10034870839,50.9385063,-1.380362
10034870840,50.9387849,-1.3803298
10034870852,50.9257772,-1.3728337
10034870853,50.9257772,-1.3728337
10034870854,50.9280665,-1.3721198
10034870855,50.9280665,-1.3721198
10034870864,50.9225985,-1.3854963
10034870865,50.9225985,-1.3854963
10034870895,50.9367855,-1.3814523
10034870896,50.9374996,-1.3821402
10034870944,50.9166353,-1.3785331
10034870953,50.9229844,-1.3735827
10034870954,50.9229844,-1.3735827
10034870983,50.921955,-1.3896592
10034871030,50.9239947,-1.3697099
10034871070,50.9185315,-1.37663
10034871104,50.9275194,-1.3790995
10034871105,50.915329,-1.3614375
10034871114,50.9148733,-1.36197
10034871115,50.912269,-1.3659316
10034871124,50.9274926,-1.3875804
10034871125,50.9275282,-1.387523
10034871126,50.9300148,-1.3849858
10034871127,50.9301952,-1.3850831
10034871133,50.9246589,-1.3823105
10034871151,50.9383984,-1.3803634
10034871152,50.9389533,-1.3798721
10034871153,50.9392762,-1.3797255
10034871154,50.939339,-1.379682
10034871155,50.9395715,-1.3794511
10034871156,50.9396878,-1.3793357
10034871166,50.9280475,-1.3863946
10034871207,50.9104901,-1.3898092
10034871208,50.9104901,-1.3898092
10034871235,50.9268368,-1.3877028
10034871237,50.9165702,-1.3681066
10034871243,50.9343115,-1.3863522
10034871244,50.9343115,-1.3863522
10034871245,50.9343115,-1.3863522
10034871246,50.9352593,-1.3887306
10034871247,50.9355843,-1.3889825
10034871252,50.938925,-1.38131
10034871254,50.9224986,-1.3735465
10034871255,50.9224986,-1.3735465
10034871256,50.9224986,-1.3735465
10034871257,50.9224986,-1.3735465
10034871258,50.9224986,-1.3735465
10034871273,50.9204407,-1.3671151
10034871274,50.9211732,-1.3712026
10034871275,50.9206348,-1.3680799
10034871285,50.9179357,-1.3711894
10034871293,50.9229948,-1.3839118
10034871305,50.9356478,-1.3839722
10034871306,50.9356478,-1.3839722
10034871322,50.9384524,-1.3803769
10034871323,50.9384524,-1.3803769
10034871324,50.9392494,-1.3797543
10034871325,50.9387129,-1.3803165
10034871327,50.9206871,-1.3862613
10034871328,50.9207062,-1.3847672
10034871329,50.9234844,-1.3796086
10034871330,50.9236002,-1.3793936
10034871331,50.9238978,-1.3795604
10034871362,50.9249128,-1.3759898
10034871364,50.9246973,-1.3760353
10034871394,50.9104714,-1.3845608
10034871395,50.9104714,-1.3845608
10034871404,50.9102474,-1.3898265
10034871407,50.9246881,-1.3878164
10034871408,50.9246881,-1.3878164
10034871409,50.9327371,-1.364429
10034871415,50.9218529,-1.3805693
10034871423,50.9275722,-1.3873232
10034871424,50.9275722,-1.3873232
10034871425,50.929154,-1.3854668
10034871426,50.929154,-1.3854668
10034871430,50.9334113,-1.3827779
10034871466,50.9243717,-1.3807208
10034871467,50.9243717,-1.3807208
10034871468,50.9250196,-1.385877
10034871469,50.9250196,-1.385877
10034871518,50.9206906,-1.3784649
10034871519,50.9206906,-1.3784649
10034871528,50.9148556,-1.3620272
10034871546,50.9270049,-1.3753783
10034871547,50.9270049,-1.3753783
10034871548,50.9270049,-1.3753783
10034871549,50.9270049,-1.3753783
10034871606,50.9225151,-1.3833327
10034871609,50.9110648,-1.382993
10034871625,50.924498,-1.3757677
10034871626,50.9299848,-1.370984
10034871632,50.9117998,-1.3639892
10034871643,50.9222163,-1.3612436
10034871660,50.9332217,-1.3843316
10034871759,50.9283235,-1.374763
10034871784,50.9160442,-1.3672744
10034871788,50.9104751,-1.3818582
10034871797,50.9381863,-1.3827573
10034871806,50.9274159,-1.3832842
10034871807,50.9274159,-1.3832842
10034871812,50.917294,-1.380644
10034871817,50.9114795,-1.3898531
10034871818,50.9114795,-1.3898531
10034871907,50.9161907,-1.3661059
10034871908,50.9161907,-1.3661059
10034871909,50.9161907,-1.3661059
10034871910,50.9161907,-1.3661059
10034871954,50.92203,-1.3817336
10034872020,50.9325557,-1.3825331
10034872021,50.9321269,-1.3828107
10034872022,50.9324046,-1.3826367
10034872023,50.9326537,-1.382458
10034872024,50.9329285,-1.3823192
10034872025,50.9325557,-1.3825331
10034872055,50.9119968,-1.383929
10034872056,50.9119968,-1.383929
10034872066,50.9335366,-1.3826766
10034872072,50.9241111,-1.3761227
10034872089,50.913929,-1.3636046
10090583415,50.9102132,-1.3833409
10090583416,50.9101411,-1.3850061
10090583418,50.9102926,-1.3813628
10090583419,50.9101769,-1.3798993
10090583420,50.9101769,-1.3798993
10090583421,50.9101601,-1.3801271
10090583422,50.9101601,-1.3801271
10090583424,50.9103173,-1.3809358
10090583425,50.9103173,-1.3809358
10090583426,50.9103173,-1.3809358
10090583427,50.9103173,-1.3809358
10090583428,50.9103173,-1.3809358
10090583429,50.9103173,-1.3809358
10090583430,50.9103173,-1.3809358
10090583431,50.9103173,-1.3809358
10090583432,50.9102898,-1.3791581
10090583433,50.9102899,-1.3791724
10090583434,50.9102989,-1.3791722
10090583435,50.9102898,-1.3791581
10090583436,50.9102989,-1.3791722
10090583437,50.9102898,-1.3791581
10090583438,50.9231584,-1.377493
10090583469,50.9121225,-1.3876362
10090583504,50.9144983,-1.3608087
10090583505,50.9144108,-1.3612651
10090583506,50.914398,-1.3622183
10090583507,50.9180166,-1.3745172
10090583508,50.9181201,-1.3737049
10090583509,50.9176282,-1.3758739
10090583523,50.9383938,-1.3856056
10090583530,50.9244492,-1.3767358
10090583542,50.9383877,-1.3800504
10090583543,50.9388919,-1.3801576
10090583544,50.9383888,-1.3802639
10090583545,50.9388111,-1.3801871
10090583572,50.9102087,-1.389315
10090583573,50.9124912,-1.387915
10090583574,50.9123995,-1.387964
10090583575,50.9113353,-1.388077
10090583589,50.9300967,-1.3851697
10090583591,50.9292924,-1.3844262
10090583593,50.911856,-1.3844998
10090583649,50.9236888,-1.360825
10090583670,50.915156,-1.3610415
10090583671,50.9152633,-1.3609262
10090583672,50.9154439,-1.361066
10090583680,50.925296,-1.3854323
10090583690,50.9383258,-1.3856654
10090583710,50.9256666,-1.3640134
10090583711,50.9258023,-1.3641681
10090583726,50.9166975,-1.3851615
10090583727,50.9105216,-1.3821421
10090583748,50.928593,-1.381433
10090583749,50.931494,-1.3807541
10090583750,50.9264308,-1.3639888
10090583792,50.9387106,-1.3748655
10090583817,50.9354511,-1.3886972
10090583818,50.9355255,-1.3886585
10090583835,50.9101394,-1.3850047
10090583872,50.9288326,-1.3825113
10090583873,50.9287508,-1.3823558
10090583883,50.9145638,-1.3899818
10090583884,50.9145638,-1.3899818
10090583885,50.9145637,-1.3899818
10090583886,50.9145638,-1.3899818
10090583887,50.9145638,-1.3899818
10090583888,50.9139036,-1.3895315
10090583890,50.9292423,-1.3750495
10090583895,50.9242318,-1.3797836
10090583896,50.9256768,-1.3841894
10090583897,50.925527,-1.3839796
10090583937,50.9223628,-1.3767068
10090583946,50.9323239,-1.3695008
10090583964,50.9301351,-1.3890398
10090583989,50.9290587,-1.3827502
10090583994,50.9250196,-1.385877
10090584002,50.918871,-1.382942
10090584009,50.9217938,-1.3745804
10090584014,50.9244572,-1.3641512
10090584019,50.9151274,-1.3607432
10090584058,50.9359801,-1.3890058
10090584059,50.9359801,-1.3890058
10090584061,50.9201878,-1.3702485
10090584075,50.9127457,-1.3878166
10090584082,50.9101029,-1.3845941
10090584089,50.9359891,-1.3890057
10090584090,50.9248326,-1.38965
10090584094,50.9150608,-1.3783976
10090584095,50.9164391,-1.3671268
10090584118,50.9374502,-1.379636
10090584120,50.9100976,-1.3809609
10090584122,50.9145638,-1.3899818
10090584174,50.9355892,-1.3899075
10090584189,50.9323059,-1.3880009
10090584190,50.9268542,-1.379151
10090584194,50.911514,-1.3643487
10090584195,50.9312297,-1.3633966
10090584203,50.9316438,-1.3852489
10090584220,50.9146874,-1.3625131
10090584266,50.9271735,-1.3649604
10090584275,50.9252086,-1.3876104
10090584276,50.9251989,-1.3874825
10090584285,50.9258131,-1.372819
10090584292,50.9168829,-1.3828118
10090584305,50.9236198,-1.3864646
10090584307,50.9259728,-1.3740974
10090584338,50.914469,-1.3603966
10090584339,50.9144689,-1.3603823
10090584340,50.9176577,-1.3830861
10090584348,50.9261983,-1.3642196
10090584357,50.9106503,-1.3826809
10090584366,50.9204868,-1.3891947
10090584369,50.9265747,-1.3639868
10090584370,50.9264859,-1.3641872
10090584371,50.9154637,-1.3630431
10090584375,50.9374912,-1.3788953
10090584382,50.9330502,-1.3624751
10090584386,50.9145638,-1.3899818
10090584404,50.9183145,-1.3794126
10090584405,50.9160045,-1.3782997
10090584410,50.9117435,-1.3836337
10090584423,50.9177056,-1.3752184
10090584424,50.9177057,-1.3752327
10090584427,50.9259728,-1.3740974
10090584433,50.9197041,-1.3891338
10090584437,50.9273156,-1.3813504
10090584441,50.9145793,-1.360836
10090584468,50.9174188,-1.3754072
10090584469,50.9172475,-1.3753099
10090584474,50.9145638,-1.3899818
10090584482,50.9385854,-1.3800193
10090584484,50.9101649,-1.3610103
10090584504,50.9338748,-1.3736211
10090584508,50.9225151,-1.3833327
10090584512,50.9156802,-1.3615322
10090584558,50.916313,-1.3788077
10090584562,50.9100694,-1.3850639
10090584579,50.9132765,-1.3844527
10090584580,50.9121502,-1.3854975
10090584589,50.9129344,-1.3860788
10090584594,50.9155579,-1.3805533
10090584601,50.9178725,-1.3744764
10090584602,50.9178725,-1.3744764
10090584603,50.9374653,-1.3740567
10090584606,50.9145638,-1.3899818
10090584607,50.9145638,-1.3899818
10090584608,50.9137276,-1.3712603
10090584635,50.9330861,-1.3842053
10090584636,50.917833,-1.3755012
10090584651,50.9216873,-1.3866323
10090584670,50.930777,-1.3611971
10090584673,50.9124883,-1.3867532
10090584683,50.9322073,-1.3846723
10090584687,50.9333764,-1.3846711
10090584688,50.9334109,-1.3844002
10090584693,50.9212998,-1.3830948
10090584697,50.9145638,-1.3899818
10090584703,50.9336592,-1.3854358
10090584704,50.9254575,-1.3669047
10090584705,50.9254575,-1.3669047
10090584750,50.922703,-1.3831474
10090584751,50.9227655,-1.3830612
10090584752,50.9228278,-1.3829466
10090584753,50.9228546,-1.3829177
10090584754,50.9228813,-1.3828605
10090584755,50.9229439,-1.3828027
10090584756,50.9229975,-1.3827309
10090584757,50.9230153,-1.382688
10090584758,50.9230779,-1.3826302
10090584759,50.9230958,-1.3826158
10090584762,50.9323116,-1.3705541
10090584769,50.9210911,-1.3643463
10090584770,50.9211457,-1.3644593
10090584771,50.9211912,-1.3645583
10090584773,50.921273,-1.3647137
10090584774,50.9216146,-1.3646948
10090584775,50.9217672,-1.36465
10090584784,50.9226924,-1.3828488
10090584794,50.9214812,-1.3867773
10090584795,50.9216155,-1.3866617
10090584796,50.9216515,-1.3866612
10090584797,50.9217142,-1.3866177
10090584815,50.9168828,-1.3710328
10090584822,50.9211752,-1.3649284
10090584823,50.922154,-1.3613582
10090584833,50.9235061,-1.3802912
10090584841,50.9213744,-1.3869778
10090584842,50.9213921,-1.3869349
10090584843,50.9214099,-1.386892
10090584844,50.9214187,-1.3868634
10090584845,50.9214366,-1.3868347
10090584846,50.9214455,-1.3868346
10090584847,50.9214544,-1.3868061
10090584848,50.9204852,-1.3871887
10090584849,50.920494,-1.3871459
10090584863,50.9201671,-1.3614424
10090584867,50.9330338,-1.384519
10090584878,50.9317319,-1.3647985
10090584887,50.9256063,-1.3846029
10090584888,50.9256243,-1.3846027
10090584889,50.9255613,-1.3845893
10090584890,50.9255977,-1.3846742
10090584959,50.9383185,-1.3705013
10090584962,50.9373779,-1.3728624
10090584970,50.9201286,-1.3894981
10090584972,50.9246847,-1.3888836
10090584973,50.9246847,-1.3888836
10090584974,50.9246847,-1.3888836
10090584975,50.9246847,-1.3888836
10090584976,50.9246847,-1.3888836
10090584986,50.9249089,-1.3870594
10090584987,50.9312291,-1.3833475
10090584988,50.9249187,-1.3872016
10090584992,50.9208241,-1.378207
10090584993,50.9267957,-1.3715963
10090585017,50.9154544,-1.3807529
10090585028,50.9245985,-1.3727215
10090585066,50.9108915,-1.3818988
10090585067,50.9108885,-1.3818941
10090585068,50.9108945,-1.381894
10090585092,50.9101658,-1.3795036
10090585093,50.9101658,-1.3795036
10090585094,50.9101688,-1.3795035
10090585095,50.9101688,-1.3795035
10090585098,50.9181974,-1.3745355
10090585112,50.9315618,-1.3884376
10090585127,50.9312251,-1.3859802
10090585132,50.9374173,-1.3651621
10090585134,50.9362266,-1.3611934
10090585138,50.9255198,-1.3869376
10090585141,50.9150986,-1.3620665
10090585145,50.921689,-1.3768563
10090585149,50.9267827,-1.3859818
10090585156,50.9363921,-1.3801909
10090585157,50.9215373,-1.3770593
10090585176,50.9204006,-1.3899214
10090585183,50.9366598,-1.379803
10090585189,50.9279965,-1.3825508
10090585190,50.9325657,-1.3704203
10090585191,50.9253403,-1.3819173
10090585194,50.9302035,-1.366527
10090585198,50.9326214,-1.3679741
10090585205,50.9243802,-1.3655819
10090585220,50.9228382,-1.3883102
10090585223,50.9319462,-1.3829111
10090585226,50.9390485,-1.3674741
10090585228,50.9385949,-1.3700706
10090585232,50.9102121,-1.3865413
10090585254,50.9303172,-1.3860633
10090585256,50.9397454,-1.3716349
10090585257,50.9222268,-1.3664791
10090585270,50.9195595,-1.3704561
10090585295,50.9224531,-1.368411
10090585315,50.9183393,-1.3776853
10090585342,50.9293262,-1.3672505
10090585345,50.9215691,-1.3746118
10090585369,50.9116337,-1.3698519
10090585394,50.9178427,-1.3756292
10090585400,50.9378576,-1.3601605
10090585401,50.9374254,-1.3617036
10090585403,50.9174549,-1.3834165
10090585428,50.927145,-1.3827922
10090585429,50.927145,-1.3827922
10090585430,50.927148,-1.3827921
10090585431,50.9271419,-1.3827922
10090585432,50.9271419,-1.3827922
10090585441,50.9131355,-1.361567
10090585449,50.9289885,-1.371339
10090585450,50.9228985,-1.382718
10090585452,50.9118209,-1.3712149
10090585453,50.9257137,-1.371056
10090585483,50.9296572,-1.3702627
10090585500,50.9367816,-1.3790329
10090585506,50.918586,-1.3767289
10090585510,50.9113165,-1.387935
10090585516,50.9382509,-1.3780028
10090585519,50.9237071,-1.3877062
10090585523,50.9145638,-1.3899818
10090585524,50.9145638,-1.3899818
10090585528,50.9145638,-1.3899818
10090585548,50.9275691,-1.3833533
10090585570,50.915189,-1.3621506
10090585580,50.9382005,-1.376993
10090585582,50.9271414,-1.3827908
10090585602,50.9170683,-1.3701365
10090585622,50.9296237,-1.3841514
10090585623,50.9100404,-1.3898008
10090585625,50.935724,-1.3679889
10090585627,50.9106602,-1.3677599
10090585632,50.9222566,-1.3670051
10090585633,50.9349317,-1.3812207
10090585634,50.9114738,-1.3836514
10090585656,50.9316404,-1.37617
10090585682,50.9102957,-1.3799664
10090585756,50.9105327,-1.3846691
10090585759,50.9207747,-1.3782627
10090585760,50.9212646,-1.3775416
10090585761,50.9213296,-1.3774179
10090585762,50.9220147,-1.3766488
10090585763,50.9145638,-1.3899818
10090585770,50.9177127,-1.3740165
10090585804,50.9308781,-1.3615941
10090585823,50.9382692,-1.3856602
10090585855,50.9129253,-1.3846446
10090585856,50.9129253,-1.3846446
10090585857,50.9129253,-1.3846446
10090585858,50.9129284,-1.3846446
10090585870,50.9104274,-1.3846898
10090585881,50.9207004,-1.3883222
10090585897,50.9305054,-1.3874041
10090585913,50.9244296,-1.3813756
10090585932,50.9326092,-1.3709219
10090585935,50.9250199,-1.3858789
10090585936,50.9250203,-1.3858781
10090585937,50.9242593,-1.3765815
10090585942,50.9278194,-1.38651
10090585956,50.935444,-1.3894379
10090585957,50.9180227,-1.3753683
10090585961,50.9237143,-1.3756655
10090585967,50.9380376,-1.3616079
10090585979,50.9291425,-1.3849409
10090585981,50.9154514,-1.3807507
10090585983,50.9270591,-1.375563
10090586015,50.9355527,-1.3897661
10090586016,50.9364799,-1.3834057
10090586022,50.9176531,-1.3687451
10090586030,50.9272104,-1.3778173
10090586032,50.9174153,-1.3716108
10090586035,50.9274151,-1.3862971
10090586040,50.9196345,-1.3815435
10090586046,50.9254195,-1.3886054
10090586064,50.9104008,-1.3814183
10090586068,50.9230443,-1.3613603
10090586072,50.9224173,-1.3880394
10090586077,50.9391127,-1.3777351
10090586090,50.9242426,-1.3799029
10090586094,50.9154476,-1.3776687
10090586097,50.9101142,-1.3819325
10090586098,50.9101783,-1.3798909
10090586099,50.9103104,-1.3809294
10090586101,50.929488,-1.3662026
10090586105,50.9147808,-1.3615434
10090586106,50.9147813,-1.3615441
10090586118,50.917344,-1.3601142
10090586119,50.9103206,-1.3785094
10090586120,50.9103207,-1.3785141
10090586130,50.9118515,-1.3805845
10090586173,50.9100042,-1.3851537
10090586180,50.9145638,-1.3899818
10090586181,50.9145638,-1.3899818
10090586182,50.9145638,-1.3899818
10090586183,50.9145638,-1.3899818
10090586184,50.9145638,-1.3899818
10090586189,50.9123829,-1.3790283
10090586190,50.9123829,-1.3790283
10090586191,50.9123889,-1.3790282
10090586197,50.9188824,-1.3828192
10090586209,50.914736,-1.3648312
10090586210,50.9269041,-1.3650206
10090586211,50.9269041,-1.3650214
10090586238,50.9290571,-1.3827478
10090586242,50.9319982,-1.3658195
10090586243,50.9286178,-1.3860857
10090586244,50.9361359,-1.3810624
10090586250,50.9236812,-1.3844719
10090586251,50.9239227,-1.3758181
10090586254,50.9326634,-1.3841966
10090586256,50.9254958,-1.36403
10090586258,50.9229974,-1.3861028
10090586259,50.9272432,-1.3762289
10090586264,50.9218518,-1.383742
10090586265,50.9248917,-1.380986
10090586267,50.9303247,-1.387472
10090586284,50.9302336,-1.3854948
10090586285,50.9302326,-1.3854957
10090586303,50.9240969,-1.3789483
10090586305,50.9229794,-1.3888206
10090586306,50.922977,-1.3888244
10090586313,50.9279188,-1.3666698
10090586314,50.9279188,-1.3666698
10090586317,50.9238608,-1.3760039
10090586318,50.9301864,-1.3868192
10090586325,50.921163,-1.3776903
10090586329,50.9227143,-1.3869749
10090586343,50.9269151,-1.3883801
10090586359,50.9110514,-1.3799565
10090586394,50.9316062,-1.3615272
10090586395,50.9312136,-1.3604511
10090586396,50.930183,-1.3610914
10090586397,50.9296216,-1.3604018
10090586408,50.9236863,-1.3603697
10090586411,50.923327,-1.3604458
10090586436,50.9308439,-1.3737333
10090586485,50.9280384,-1.3887684
10090586488,50.9289446,-1.3883866
10090586502,50.9396187,-1.3731596
10090586503,50.93791,-1.36813
10090586504,50.93816,-1.3661341
10090586506,50.9160803,-1.375667
10090586590,50.9104607,-1.3859406
10090586592,50.910514,-1.3875188
10090586593,50.9106901,-1.3868053
10090586607,50.9167699,-1.383553
10090586608,50.9163812,-1.3814812
10090586622,50.937636,-1.3757054
10090586630,50.9385847,-1.3798917
10090586640,50.9187847,-1.3751624
10090586696,50.9142977,-1.3619209
10090586697,50.9142977,-1.3619209
10090586707,50.9231701,-1.3799773
10090586708,50.9114487,-1.3887415
10090586718,50.9247117,-1.3794272
10090586742,50.9198931,-1.3689578
10090586749,50.9394707,-1.3774172
10090586750,50.937775,-1.3781515
10090586759,50.9243995,-1.3809334
10090586760,50.9243995,-1.3809342
10090586765,50.9346258,-1.3824246
10090586768,50.9367866,-1.3814504
10090586788,50.923233,-1.3813054
10090586789,50.9232334,-1.3813046
10090586790,50.923233,-1.3813054
10090586797,50.9154514,-1.3807507
10090586798,50.93829,-1.3789859
10090586799,50.9382924,-1.3789858
10090586800,50.93829,-1.3789896
10090586801,50.9382924,-1.3789895
10090586849,50.922834,-1.3895065
10090586850,50.9228355,-1.3895042
10090586851,50.922834,-1.3895065
10090586852,50.9228325,-1.3895066
10090586853,50.922834,-1.3895065
10090586856,50.9354976,-1.3895849
10090586857,50.9355141,-1.3896223
10090586862,50.9244328,-1.3756274
10090586883,50.9392085,-1.3803966
10090586929,50.9208661,-1.3709649
10090586943,50.9329916,-1.3710502
10090586945,50.9383364,-1.3620835
10090586949,50.9266853,-1.3898065
10090586950,50.9155899,-1.3604922
10090586956,50.9176484,-1.3816804
10090587103,50.9199814,-1.3732632
10090587126,50.9145638,-1.3899818
10090587142,50.9338703,-1.3879519
10090587204,50.9237597,-1.3756068
10090587219,50.9382922,-1.3789985
10090587220,50.9382922,-1.3789985
10090587221,50.9338254,-1.3879667
10090587242,50.9178335,-1.3755866
10090587243,50.9178424,-1.3755723
10090587292,50.9154626,-1.361208
10090587293,50.9154629,-1.3612507
10090587294,50.9343397,-1.3747818
10090587295,50.9343216,-1.3747679
10090587296,50.9343485,-1.374739
10090587297,50.9343304,-1.374725
10090587298,50.9343482,-1.3746963
10090587299,50.934357,-1.3746535
10090587302,50.9181869,-1.3660788
10090587303,50.9265858,-1.3878626
10090587304,50.9265767,-1.3878228
10090587315,50.914781,-1.361541
10090587316,50.9286806,-1.3817492
10090587317,50.9217642,-1.3768201
10090587341,50.926129,-1.381423
10090587342,50.926129,-1.381423
10090587343,50.926129,-1.381423
10090587344,50.926129,-1.381423
10090587354,50.9311314,-1.3852699
10090587355,50.9311314,-1.3852699
10090587371,50.917641,-1.3821936
10090587405,50.9376773,-1.3800599
10090587406,50.9376773,-1.3800599
10090587407,50.9376773,-1.3800599
10090587408,50.9376773,-1.3800599
10090587409,50.9376773,-1.3800599
10090587410,50.9376773,-1.3800599
10090587411,50.9376773,-1.3800599
10090587412,50.9376773,-1.3800599
10090587413,50.9376773,-1.3800599
10090587414,50.9376773,-1.3800599
10090587415,50.9376773,-1.3800599
10090587416,50.9376773,-1.3800599
10090587419,50.9139113,-1.3636629
10090587490,50.9162012,-1.3680404
10090587491,50.9162012,-1.3680416
10090587492,50.9162385,-1.3682971
10090587493,50.9172262,-1.3831214
10090587494,50.917561,-1.3826732
10090587495,50.9180978,-1.3812866
10090587496,50.9173877,-1.3746263
10090587498,50.9171865,-1.37066
10090587499,50.9165702,-1.3681054
10090587500,50.9161548,-1.3677719
10090587501,50.9161085,-1.3675284
10090587502,50.9159615,-1.3669494
10090587503,50.9157238,-1.3662414
10090587578,50.9178245,-1.3742079
10090587579,50.9178247,-1.3743809
10090587587,50.9290568,-1.375677
10090587588,50.9305255,-1.3748342
10090587589,50.9307291,-1.3739492
10090587590,50.9307659,-1.3738758
10090587673,50.9314003,-1.3853818
10090587878,50.9175378,-1.3724466
10090587879,50.9175378,-1.3724466
10090587880,50.9175378,-1.3724466
10090587881,50.9175378,-1.3724466
10090587882,50.9175378,-1.3724466
10090587883,50.9175378,-1.3724466
10090587884,50.9175378,-1.3724466
10090587912,50.9215517,-1.3872448
10090587946,50.9318924,-1.3863605
10090588043,50.9353592,-1.3853024
10090588044,50.9353584,-1.3853035
10090588386,50.9268161,-1.386107
10090588387,50.9273426,-1.3858413
10091841646,50.9132964,-1.384808
10091841647,50.9132964,-1.384808
10091841648,50.9132964,-1.384808
10091841649,50.9132964,-1.384808
10091841651,50.9132964,-1.384808
10091841678,50.9290587,-1.3827502
10091873255,50.9120716,-1.3793905
10091873758,50.9325557,-1.3825331
10091909773,50.9122315,-1.3874962
10091910792,50.9122315,-1.3874962
10092046729,50.938483,-1.3827533
10092050857,50.9120716,-1.3793905
10092769692,50.9177674,-1.3868118
10092769694,50.9177674,-1.3868118
10092769696,50.9177674,-1.3868118
10092776339,50.9177674,-1.3868118
10092778858,50.9177674,-1.3868118
10092794755,50.9177674,-1.3868118
10092801062,50.9177674,-1.3868118
10092804182,50.9177674,-1.3868118
10092810570,50.9177674,-1.3868118
10092812871,50.9177674,-1.3868118
10092814149,50.9177674,-1.3868118
10092818101,50.9177674,-1.3868118
10092828726,50.9177674,-1.3868118
10092830056,50.9177674,-1.3868118
10092834263,50.9177674,-1.3868118
10092836434,50.9177674,-1.3868118
10092841761,50.9177674,-1.3868118
10092842359,50.9177674,-1.3868118
10092845109,50.9177674,-1.3868118
10092860036,50.9177674,-1.3868118
10092865438,50.9177674,-1.3868118
10092869918,50.9177674,-1.3868118
10092871373,50.9177674,-1.3868118
10092873083,50.9177674,-1.3868118
10092873170,50.9177674,-1.3868118
10092874536,50.9177674,-1.3868118
10093015439,50.9145638,-1.3899818
10093015484,50.9232309,-1.3813093
10093015485,50.9230717,-1.3808935
10093015486,50.9236407,-1.3811206
10093015487,50.9234822,-1.380664
10093015493,50.9114057,-1.3874793
10093015544,50.9181315,-1.3600014
10093015560,50.9245509,-1.3839766
10093015575,50.9369087,-1.3883546
10093015656,50.9229827,-1.3749823
10093015657,50.9262079,-1.3648751
10093015684,50.9294753,-1.3849918
10093015946,50.9163842,-1.3669592
10093016218,50.9169288,-1.3845136
10093016360,50.9399445,-1.3790173
10093016477,50.9128214,-1.38534
10093016577,50.9381684,-1.3844822
10093016772,50.9261237,-1.3853931
10093016780,50.9382043,-1.3844649
10093016781,50.9356679,-1.3840783
10093016782,50.926426,-1.3639885
10093016783,50.9154443,-1.3680483
10093016790,50.9241554,-1.3891182
10093016791,50.9241493,-1.3890912
10093016837,50.9185686,-1.371821
10093016838,50.9186361,-1.3717999
10093016839,50.918777,-1.3717297
10093016840,50.9188736,-1.3717096
10093016841,50.9186232,-1.3723129
10093016842,50.9187049,-1.3722835
10093016843,50.9187806,-1.3722637
10093016844,50.9188356,-1.3722489
10093016845,50.9189158,-1.372229
10093016890,50.9344788,-1.385668
10093016898,50.9257933,-1.3893528
10093017029,50.9159615,-1.3669483
10093017030,50.9159615,-1.3669483
10093017031,50.9159615,-1.3669483
10093017032,50.9159615,-1.3669483
10093017181,50.9204016,-1.3840936
10093017196,50.9114924,-1.3620305
10093017208,50.9103198,-1.37851
10093017211,50.9317834,-1.3709881
10093017228,50.9257666,-1.3872623
10093017386,50.9145638,-1.3899818
10093017390,50.9268629,-1.3764372
10093017393,50.9267808,-1.3763889
10093017395,50.9104714,-1.3845572
10093017396,50.9100669,-1.3850655
10093017474,50.922148,-1.3836385
10093017535,50.9344787,-1.3856669
10093017537,50.9178247,-1.3743762
10093017538,50.9221303,-1.3836528
10093017965,50.9383446,-1.3803926
10093017966,50.9383446,-1.3803926
10093017967,50.9383446,-1.3803926
10093017968,50.9383446,-1.3803926
10093017969,50.9383446,-1.3803926
10093017970,50.9383446,-1.3803926
10093017971,50.9383446,-1.3803926
10093017975,50.9383446,-1.3803926
10093017976,50.9383446,-1.3803926
10093017977,50.9383446,-1.3803926
10093017978,50.9383446,-1.3803926
10093017980,50.9355991,-1.3815688
10093017985,50.9383446,-1.3803926
10093017986,50.9383446,-1.3803926
10093017987,50.9383446,-1.3803926
10093017988,50.9383446,-1.3803926
10093017989,50.9383446,-1.3803926
10093017990,50.9383446,-1.3803926
10093018139,50.9392356,-1.3796803
10093018178,50.9331381,-1.3832039
10093018179,50.9331261,-1.3831969
10093018180,50.9331247,-1.3831969
10093018181,50.9331247,-1.3831969
10093018182,50.9331231,-1.3831994
10093018183,50.9331261,-1.3831969
10093018184,50.9331231,-1.3831994
10093018185,50.9331247,-1.3831947
10093018186,50.9331261,-1.3831993
10093018187,50.9331247,-1.3831969
10093018188,50.9331232,-1.3832041
10093018189,50.9331247,-1.3831969
10093018190,50.9331638,-1.3830199
10093018191,50.9331638,-1.3830224
10093018192,50.9331638,-1.3830224
10093018193,50.9331638,-1.3830199
10093018194,50.9331638,-1.3830199
10093018195,50.9331638,-1.3830199
10093018196,50.9331638,-1.3830199
10093018197,50.9331638,-1.3830224
10093018198,50.9331654,-1.3830246
10093018199,50.9331624,-1.38302
10093018200,50.9331624,-1.38302
10093018201,50.9331638,-1.3830199
10093018202,50.9331638,-1.3830175
10093018203,50.9331638,-1.3830224
10093018204,50.9331638,-1.3830199
10093018205,50.9331654,-1.3830223
10093018206,50.9331638,-1.3830224
10093018207,50.9331638,-1.3830224
10093018208,50.9331638,-1.3830224
10093018209,50.9331638,-1.3830224
10093018210,50.9331638,-1.3830199
10093018211,50.9331638,-1.3830199
10093018212,50.9331638,-1.3830224
10093018213,50.9331638,-1.3830199
10093018214,50.9331668,-1.3830199
10093018215,50.9331654,-1.3830199
10093018216,50.9331654,-1.3830199
10093018217,50.9331638,-1.3830224
10093018218,50.9331638,-1.3830175
10093018219,50.9331668,-1.3830199
10093018220,50.9331638,-1.3830199
10093018221,50.9331654,-1.3830199
10093018222,50.9331638,-1.3830224
10093018223,50.9331638,-1.3830199
10093018224,50.9331624,-1.3830175
10093018225,50.9331639,-1.3830246
10093018226,50.9331638,-1.3830153
10093018227,50.9331594,-1.3830176
10093018228,50.9331668,-1.3830175
10093018229,50.9242407,-1.37665
10093018344,50.9388809,-1.3814814
10093018574,50.9161548,-1.367785
10093018576,50.9178231,-1.3742079
10093018624,50.9226604,-1.3854362
10093018637,50.9340546,-1.3855302
10093018644,50.92396,-1.3809563
10093018645,50.9370224,-1.3807636
10093018669,50.9269948,-1.3753216
10093018730,50.9352561,-1.3848479
10093018733,50.9266059,-1.3723811
10093018739,50.9192506,-1.374476
10093018740,50.9341708,-1.3859913
10093018794,50.9229766,-1.3856291
10093018830,50.9338433,-1.3832691
10093018862,50.9251411,-1.3887364
10093018863,50.9251411,-1.3887364
10093018864,50.9251396,-1.3887365
10093018865,50.9251381,-1.3887365
10093018866,50.9251381,-1.3887365
10093018867,50.9251367,-1.3887365
10093018868,50.9251381,-1.3887365
10093018869,50.9251396,-1.3887365
10093018870,50.9251367,-1.3887365
10093018882,50.9235431,-1.3803344
10093018886,50.9178146,-1.3777979
10093018895,50.9237716,-1.3698575
10093018896,50.9238207,-1.3698498
10093018923,50.9160021,-1.3782923
10093018956,50.9338084,-1.3847507
10093019053,50.9218148,-1.3719349
10093019055,50.9290729,-1.3737842
10093019080,50.9379632,-1.3820352
10093019215,50.9177347,-1.37408
10093019216,50.9177121,-1.3740144
10093019316,50.919636,-1.3663009
10093019531,50.9154328,-1.3660593
10093019636,50.9262834,-1.3815811
10093019659,50.9258621,-1.381825
10093019663,50.9248965,-1.3747664
10093019670,50.911366,-1.3889158
10093019671,50.9113754,-1.3890145
10093019676,50.9285718,-1.3759265
10093019682,50.9252664,-1.3747163
10093019684,50.9369251,-1.3807791
10093019685,50.9247797,-1.3747846
10093019715,50.9337521,-1.3889899
10093019799,50.9135429,-1.367166
10093019900,50.9352416,-1.3886573
10093019903,50.9382388,-1.379253
10093019905,50.9349815,-1.387482
10093019944,50.9331445,-1.3832004
10093019965,50.9164466,-1.3672831
10093020016,50.9252659,-1.3740212
10093020017,50.9361555,-1.3882943
10093020020,50.9154334,-1.3792604
10093020023,50.918202,-1.3793243
10093020030,50.9103173,-1.380938
10093020031,50.9103159,-1.3809356
10093020032,50.9103143,-1.3809381
10093020043,50.925943,-1.3818215
10093020111,50.9298746,-1.3855569
10093020112,50.9329316,-1.3823241
10093564192,50.9397621,-1.3793045
10093564193,50.9397665,-1.3793045
10093564194,50.9397681,-1.3793092
10093564195,50.9397665,-1.3793022
10093564196,50.9397651,-1.3793045
10093564197,50.9397636,-1.3793092
10093564198,50.9397591,-1.3793046
10093564199,50.9397665,-1.3793045
10093564200,50.9397636,-1.3793092
10093564201,50.9397665,-1.3793045
10093564208,50.9176508,-1.3687428
10093564250,50.9331655,-1.3717845
10093564367,50.9177354,-1.3740799
10093564368,50.9177105,-1.3740144
10093564377,50.9173464,-1.3796026
10093564379,50.9319699,-1.3734926
10093564380,50.9318953,-1.3734465
10093564426,50.9103166,-1.3809309
10093564427,50.9103106,-1.3809334
10093564453,50.9214606,-1.3897507
10093564454,50.9183076,-1.3795044
10093564518,50.9249415,-1.3747658
10093564557,50.9130341,-1.3896336
10093564680,50.9291423,-1.3849404
10093564681,50.9291423,-1.3849404
10093564682,50.9291423,-1.3849404
10093564683,50.9291423,-1.3849404
10093564684,50.9291423,-1.3849404
10093564685,50.9291423,-1.3849404
10093564686,50.9291423,-1.3849404
10093564687,50.9291423,-1.3849404
10093564688,50.9291423,-1.3849404
10093564689,50.9291423,-1.3849404
10093564690,50.9291423,-1.3849404
10093564691,50.9291423,-1.3849404
10093564692,50.9291423,-1.3849404
10093564693,50.9291423,-1.3849404
10093564694,50.9291423,-1.3849404
10093564695,50.9291423,-1.3849404
10093564696,50.9291423,-1.3849404
10093564697,50.9291423,-1.3849404
10093564738,50.9383438,-1.3803926
10093564744,50.9228638,-1.3612489
10093564769,50.9384312,-1.3831525
10093564770,50.9384312,-1.3831525
10093564808,50.9242897,-1.379899
10093564809,50.9242905,-1.3797649
10093564811,50.9106516,-1.3843793
10093564916,50.9351578,-1.3882481
10093564917,50.9351578,-1.3882481
10093564921,50.9384208,-1.3673833
10093564931,50.9188716,-1.3662971
10093564969,50.9145638,-1.3899818
10093564970,50.9145638,-1.3899818
10093564971,50.9145638,-1.3899818
10093564972,50.9145638,-1.3899818
10093565100,50.9230754,-1.3687583
10093565113,50.925919,-1.3707827
10093565118,50.9263906,-1.3815761
10093565121,50.9275551,-1.3640161
10093565122,50.9258072,-1.381797
10093565126,50.924095,-1.3744216
10093565138,50.9265304,-1.3841637
10093565160,50.9180656,-1.3853853
10093565161,50.9180656,-1.3853853
10093565162,50.9180656,-1.3853853
10093565163,50.9180656,-1.3853853
10093565164,50.9180656,-1.3853853
10093565165,50.9181084,-1.3851918
10093565166,50.9181099,-1.3851942
10093565167,50.9181099,-1.3851918
10093565168,50.9181069,-1.3851943
10093565171,50.913316,-1.3898381
10093565175,50.913307,-1.3897689
10093565176,50.9132943,-1.3896984
10093565177,50.9132825,-1.3896292
10093565178,50.9131773,-1.3895037
10093565179,50.9131773,-1.3895037
10093565180,50.9131773,-1.3895037
10093565181,50.9131773,-1.3895037
10093565182,50.9131773,-1.3895037
10093565183,50.9131773,-1.3895037
10093565184,50.9133417,-1.3899995
10093565185,50.9133417,-1.3899995
10093565186,50.9133417,-1.3899995
10093565188,50.9133417,-1.3899995
10093565189,50.9133417,-1.3899995
10093565190,50.9133417,-1.3899995
10093565191,50.9133417,-1.3899995
10093565193,50.9283849,-1.3861268
10093565205,50.91001,-1.3851559
10093565206,50.9139074,-1.3898356
10093565207,50.9136678,-1.389278
10093565208,50.9136679,-1.389278
10093565209,50.9136679,-1.389278
10093565210,50.9136678,-1.389278
10093565211,50.9136679,-1.389278
10093565212,50.9136678,-1.389278
10093565213,50.9136679,-1.389278
10093565214,50.9136678,-1.389278
10093565215,50.9136679,-1.389278
10093565216,50.9136678,-1.389278
10093565217,50.9136678,-1.389278
10093565218,50.9136679,-1.389278
10093565219,50.9136679,-1.389278
10093565220,50.9136679,-1.389278
10093565221,50.9136679,-1.389278
10093565222,50.9136679,-1.389278
10093565223,50.9136678,-1.389278
10093565225,50.9136678,-1.389278
10093565226,50.9136678,-1.389278
10093565227,50.9136678,-1.389278
10093565228,50.9136678,-1.389278
10093565229,50.9136679,-1.389278
10093565230,50.9136679,-1.389278
10093565231,50.9136678,-1.389278
10093565233,50.9136678,-1.389278
10093565234,50.9136678,-1.389278
10093565235,50.9136679,-1.389278
10093565238,50.9136678,-1.389278
10093565239,50.9136678,-1.389278
10093565240,50.9136679,-1.389278
10093565241,50.9136679,-1.389278
10093565243,50.9136679,-1.389278
10093565244,50.9136679,-1.389278
10093565245,50.9136678,-1.389278
10093565246,50.9136678,-1.389278
10093565248,50.9136679,-1.389278
10093565250,50.9136678,-1.389278
10093565251,50.9136679,-1.389278
10093565288,50.9266963,-1.3644404
10093565343,50.915031,-1.3612139
10093565344,50.915031,-1.3612139
10093565345,50.915031,-1.3612139
10093565346,50.915031,-1.3612139
10093565348,50.9387151,-1.3659745
10093565349,50.9227518,-1.3671122
10093565363,50.9100677,-1.3850632
10093565364,50.9100677,-1.3850632
10093565365,50.9289332,-1.3815881
10093565393,50.9248367,-1.381924
10093565394,50.9248568,-1.3819261
10093565650,50.9149168,-1.3612636
10093565653,50.934748,-1.3828685
10093565654,50.934748,-1.3828714
10093565655,50.934748,-1.3828714
10093565656,50.934748,-1.3828714
10093565657,50.934748,-1.3828714
10093565658,50.934748,-1.3828714
10093565659,50.934748,-1.3828714
10093565660,50.934748,-1.3828714
10093565661,50.934748,-1.3828714
10093565662,50.934748,-1.3828714
10093565663,50.934748,-1.3828714
10093565664,50.934748,-1.3828714
10093565673,50.9241443,-1.3768822
10093565674,50.9241443,-1.3768822
10093565675,50.9241443,-1.3768822
10093565676,50.9241443,-1.3768822
10093565677,50.9241443,-1.3768822
10093565678,50.9241443,-1.3768822
10093565679,50.9241443,-1.3768822
10093565681,50.9241443,-1.3768822
10093565682,50.9241443,-1.3768822
10093565683,50.9241443,-1.3768822
10093565684,50.9241443,-1.3768822
10093565685,50.9241443,-1.3768822
10093565686,50.9241443,-1.3768822
10093565687,50.9241443,-1.3768822
10093565688,50.9241443,-1.3768822
10093565689,50.9241443,-1.3768822
10093565690,50.9241444,-1.3768819
10093565691,50.9241443,-1.3768822
10093565692,50.9241443,-1.3768822
10093565693,50.9241443,-1.3768822
10093565694,50.9241443,-1.3768822
10093565695,50.9241443,-1.3768822
10093565696,50.9241443,-1.3768822
10093565697,50.9241443,-1.3768822
10093565698,50.9241443,-1.3768822
10093565699,50.9241443,-1.3768822
10093565700,50.9241443,-1.3768822
10093565701,50.9241443,-1.3768822
10093565702,50.9241443,-1.3768822
10093565703,50.9241443,-1.3768822
10093565704,50.9241443,-1.3768822
10093565705,50.9241443,-1.3768822
10093565706,50.9241443,-1.3768822
10093565713,50.9241443,-1.3768822
10093565714,50.9241443,-1.3768822
10093565715,50.9241443,-1.3768822
10093565716,50.9241443,-1.3768822
10093565717,50.9241443,-1.3768822
10093565718,50.9241443,-1.3768822
10093565719,50.9241443,-1.3768822
10093565720,50.9241443,-1.3768822
10093565721,50.9241443,-1.3768822
10093565722,50.9241443,-1.3768822
10093565723,50.9241443,-1.3768822
10093565724,50.9241443,-1.3768822
10093565725,50.9241443,-1.3768822
10093565726,50.9241443,-1.3768822
10093565727,50.9241443,-1.3768822
10093565728,50.9241443,-1.3768822
10093565729,50.9241443,-1.3768822
10093565730,50.9241443,-1.3768822
10093565739,50.9163244,-1.3783415
10093565743,50.9101032,-1.3710484
10093565814,50.9374329,-1.3794113
10093565818,50.9337068,-1.3660141
10093565852,50.9115781,-1.3664118
10093565853,50.9131044,-1.3887011
10093565854,50.9130945,-1.3886306
10093565855,50.9130808,-1.38856
10093565856,50.9130699,-1.3884848
10093565857,50.9132415,-1.3889585
10093565858,50.9132415,-1.3889588
10093565859,50.9132415,-1.3889588
10093565860,50.9132415,-1.3889587
10093565861,50.9132416,-1.3889587
10093565862,50.9132415,-1.3889591
10093565863,50.9132413,-1.3889591
10093565864,50.9132415,-1.3889588
10093565865,50.9132413,-1.3889591
10093565866,50.9132415,-1.3889588
10093565867,50.9132413,-1.3889588
10093565868,50.9132415,-1.3889588
10093565869,50.9132415,-1.3889588
10093565870,50.9132415,-1.3889592
10093565871,50.9132415,-1.3889591
10093565872,50.9132413,-1.3889591
10093565873,50.9132415,-1.3889591
10093565878,50.9130854,-1.3881553
10093565880,50.9130857,-1.3881549
10093565881,50.9130857,-1.3881551
10093565882,50.9130855,-1.388155
10093565883,50.9130854,-1.388155
10093565884,50.9130857,-1.3881551
10093565885,50.9130855,-1.388155
10093565886,50.9130855,-1.3881553
10093565887,50.9130857,-1.388155
10093565888,50.9130855,-1.3881551
10093565889,50.9130857,-1.388155
10093565890,50.9130855,-1.3881551
10093565891,50.9130855,-1.3881551
10093565892,50.9130854,-1.388155
10093565893,50.9130857,-1.3881551
10093565894,50.9130855,-1.3881551
10093565895,50.9130855,-1.3881547
10093565896,50.9130855,-1.388155
10093565897,50.9130857,-1.3881551
10093565900,50.9252686,-1.3678405
10093565915,50.9137493,-1.3898748
10093565939,50.9181586,-1.3676948
10093565944,50.9216924,-1.3624804
10093565956,50.9231111,-1.3760437
10093565973,50.9354973,-1.3887201
10093565999,50.9118462,-1.3837893
10093566001,50.9107792,-1.3818636
10093566029,50.9347481,-1.3828714
10093566030,50.9347481,-1.3828714
10093566031,50.934748,-1.3828714
10093566032,50.9347481,-1.3828714
10093566033,50.9347481,-1.3828714
10093566034,50.934748,-1.3828714
10093566035,50.9347481,-1.3828714
10093566036,50.934748,-1.3828714
10093566037,50.934748,-1.3828714
10093566038,50.934748,-1.3828714
10093566039,50.934748,-1.3828714
10093566040,50.9347481,-1.3828714
10093566041,50.9347481,-1.3828714
10093566042,50.9347481,-1.3828714
10093566043,50.934748,-1.3828714
10093566044,50.934748,-1.3828714
10093566045,50.9347481,-1.3828714
10093566046,50.934748,-1.3828714
10093566047,50.934748,-1.3828714
10093566048,50.934748,-1.3828714
10093566049,50.934748,-1.3828714
10093566050,50.934748,-1.3828714
10093566051,50.9347481,-1.3828714
10093566052,50.9347481,-1.3828714
10093566053,50.9347481,-1.3828714
10093566054,50.934986,-1.3826518
10093566055,50.934986,-1.3826518
10093566056,50.934986,-1.3826518
10093566057,50.934986,-1.3826518
10093566058,50.934986,-1.3826518
10093566059,50.934986,-1.3826518
10093566060,50.934986,-1.3826518
10093566061,50.934986,-1.3826518
10093566062,50.934986,-1.3826518
10093566063,50.934986,-1.3826518
10093566064,50.934986,-1.3826518
10093566065,50.934986,-1.3826518
10093566066,50.934986,-1.3826518
10093566067,50.934986,-1.3826518
10093566068,50.934986,-1.3826518
10093566069,50.934986,-1.3826518
10093566070,50.934986,-1.3826518
10093566071,50.934986,-1.3826518
10093566072,50.934986,-1.3826518
10093566073,50.934986,-1.3826518
10093566074,50.934986,-1.3826518
10093566075,50.934986,-1.3826518
10093566076,50.934986,-1.3826518
10093566077,50.934986,-1.3826518
10093566078,50.934986,-1.3826518
10093566079,50.934986,-1.3826518
10093566080,50.934986,-1.3826518
10093566081,50.934986,-1.3826518
10093566082,50.934986,-1.3826518
10093566083,50.934986,-1.3826518
10093566084,50.934986,-1.3826518
10093566085,50.934986,-1.3826518
10093566086,50.934986,-1.3826518
10093566087,50.934986,-1.3826518
10093566088,50.934986,-1.3826518
10093566089,50.934986,-1.3826518
10093566090,50.9352086,-1.3823385
10093566091,50.9352086,-1.3823385
10093566092,50.9352086,-1.3823385
10093566093,50.9352086,-1.3823385
10093566094,50.9352086,-1.3823384
10093566095,50.9352086,-1.3823384
10093566096,50.9352086,-1.3823384
10093566097,50.9352086,-1.3823384
10093566098,50.9352086,-1.3823385
10093566099,50.9352086,-1.3823384
10093566100,50.9352086,-1.3823384
10093566101,50.9352086,-1.3823384
10093566102,50.9352086,-1.3823384
10093566103,50.9352086,-1.3823384
10093566104,50.9352086,-1.3823384
10093566105,50.9352086,-1.3823384
10093566106,50.9352086,-1.3823384
10093566107,50.9352086,-1.3823384
10093566108,50.9352086,-1.3823384
10093566109,50.9352086,-1.3823384
10093566110,50.9352086,-1.3823384
10093566111,50.9352086,-1.3823384
10093566112,50.9352086,-1.3823384
10093566113,50.9352086,-1.3823384
10093566114,50.9352086,-1.3823384
10093566115,50.9352086,-1.3823384
10093566116,50.9352086,-1.3823384
10093566117,50.9352086,-1.3823384
10093566118,50.9348049,-1.3819363
10093566119,50.9348049,-1.3819363
10093566120,50.9348049,-1.3819363
10093566121,50.9348049,-1.3819363
10093566122,50.9348049,-1.3819363
10093566123,50.934748,-1.3828714
10093566124,50.934748,-1.3828714
10093566125,50.934748,-1.3828714
10093566126,50.934748,-1.3828714
10093566127,50.9347481,-1.3828714
10093566129,50.934986,-1.3826518
10093566130,50.934986,-1.3826518
10093566131,50.934986,-1.3826518
10093566132,50.934986,-1.3826518
10093566133,50.934986,-1.3826518
10093566134,50.934986,-1.3826518
10093566136,50.934986,-1.3826518
10093566137,50.934986,-1.3826518
10093566138,50.9352086,-1.3823384
10093566139,50.9352086,-1.3823384
10093566140,50.9352086,-1.3823384
10093566141,50.9352086,-1.3823384
10093566142,50.9352086,-1.3823384
10093566143,50.9352086,-1.3823384
10093566144,50.9352086,-1.3823384
10093566145,50.9352086,-1.3823384
10093566146,50.9352086,-1.3823384
10093566148,50.9345286,-1.382294
10093566149,50.9345286,-1.382294
10093566150,50.9345286,-1.382294
10093566151,50.9345286,-1.382294
10093566152,50.9345287,-1.382294
10093566153,50.9345287,-1.382294
10093566154,50.9345287,-1.382294
10093566155,50.9345287,-1.382294
10093566156,50.9345287,-1.382294
10093566157,50.9345287,-1.382294
10093566158,50.9345286,-1.382294
10093566159,50.9345287,-1.382294
10093566160,50.9345286,-1.382294
10093566161,50.9345286,-1.382294
10093566162,50.9345286,-1.382294
10093566163,50.9345287,-1.382294
10093566164,50.9345286,-1.382294
10093566165,50.9345286,-1.382294
10093566166,50.9345286,-1.382294
10093566167,50.9345286,-1.382294
10093566168,50.9348049,-1.3819363
10093566169,50.9348049,-1.3819363
10093566170,50.9348049,-1.3819363
10093566171,50.9348049,-1.3819363
10093566172,50.9348049,-1.3819363
10093566173,50.9348049,-1.3819363
10093566174,50.9348049,-1.3819363
10093566175,50.9348049,-1.3819363
10093566176,50.9348049,-1.3819363
10093566177,50.9348049,-1.3819363
10093566178,50.9348049,-1.3819363
10093566179,50.9348049,-1.3819363
10093566180,50.9348049,-1.3819363
10093566181,50.9348049,-1.3819363
10093566182,50.9348049,-1.3819363
10093566183,50.9348049,-1.3819363
10093566184,50.9348049,-1.3819363
10093566185,50.9348049,-1.3819363
10093566186,50.9348049,-1.3819363
10093566187,50.9348049,-1.3819363
10093566188,50.9348049,-1.3819363
10093566189,50.9348049,-1.3819363
10093566190,50.9348049,-1.3819363
10093566191,50.9348049,-1.3819363
10093566192,50.9348049,-1.3819363
10093566205,50.9175833,-1.3758887
10093566208,50.935071,-1.3817267
10093566209,50.935071,-1.3817267
10093566210,50.935071,-1.3817267
10093566211,50.935071,-1.3817267
10093566212,50.935071,-1.3817267
10093566213,50.935071,-1.3817267
10093566214,50.935071,-1.3817267
10093566215,50.935071,-1.3817267
10093566216,50.935071,-1.3817267
10093566217,50.935071,-1.3817267
10093566218,50.935071,-1.3817267
10093566219,50.935071,-1.3817267
10093566752,50.912008,-1.3860412
10093566753,50.9120211,-1.386281
10093567193,50.9331231,-1.3831994
10093567194,50.9331231,-1.3831994
10093567195,50.9331231,-1.3831994
10093567196,50.9331231,-1.3831994
10093567198,50.9167866,-1.3837063
10093567199,50.9133085,-1.3886051
10093567200,50.9132901,-1.3885407
10093567201,50.9132773,-1.3884656
10093567202,50.9132636,-1.3883905
10093567204,50.910258,-1.3827649
10093567205,50.9349921,-1.3729904
10093567299,50.9238168,-1.3809956
10093567300,50.9238268,-1.3810154
10093567306,50.9218498,-1.3791106
10093567314,50.9237565,-1.3805117
10093567315,50.9236746,-1.3799434
10093567316,50.9236746,-1.3799434
10093567317,50.9236746,-1.3799434
10093567318,50.9236746,-1.3799422
10093567319,50.9236746,-1.3799422
10093567320,50.923773,-1.3799068
10093567386,50.9217874,-1.3744848
10093567387,50.9217782,-1.3744178
10093567388,50.921792,-1.3744741
10093567389,50.9215909,-1.3891862
10093567390,50.9215005,-1.3892414
10093567391,50.921551,-1.3892102
10093567392,50.9215908,-1.389186
10093567393,50.9216621,-1.3891335
10093567396,50.9217021,-1.3891211
10093567397,50.9217406,-1.3890878
10093567420,50.9238165,-1.3803286
10093567429,50.9217952,-1.374547
10093567536,50.9238727,-1.3811912
10093567585,50.9287784,-1.3657211
10093567597,50.9139113,-1.3636623
10093567598,50.9287552,-1.3731066
10093567599,50.9342206,-1.3861825
10093567606,50.9135362,-1.3707792
10093567612,50.9263615,-1.3879505
10093567616,50.91153,-1.3672501
10093567617,50.9352533,-1.3849766
10093567619,50.921773,-1.3875272
10093567623,50.9378542,-1.382904
10093567625,50.9119785,-1.388993
10093567626,50.9286435,-1.3740757
10093567628,50.918891,-1.3765825
10093567664,50.9267454,-1.3722657
10093567679,50.9265817,-1.3719264
10093567682,50.9264918,-1.3769789
10093567685,50.9266081,-1.3718122
10093567691,50.9267798,-1.3619919
10093567693,50.9268249,-1.362034
10093567706,50.9264766,-1.3842073
10093567707,50.9353047,-1.3888012
10093567715,50.9357488,-1.3843549
10093567716,50.9271287,-1.364975
10093567766,50.9236446,-1.3829219
10093567768,50.9258651,-1.3707834
10093567771,50.9250679,-1.3747497
10093567776,50.9253472,-1.3883198
10093567780,50.9270353,-1.3626714
10093567833,50.9201552,-1.3712697
10093567856,50.9266853,-1.3898067
10093567860,50.9271446,-1.3864039
10093567861,50.9271446,-1.3864039
10093567864,50.9290852,-1.3658874
10093567867,50.9210196,-1.3744197
10093567870,50.9180266,-1.3696944
10093567904,50.9257707,-1.3893071
10093567938,50.9257709,-1.3893071
10093567939,50.9257707,-1.3893071
10093567940,50.9257709,-1.3893071
10093567941,50.9257709,-1.3893071
10093567942,50.9257709,-1.3893071
10093567943,50.9257709,-1.3893071
10093567944,50.9257707,-1.3893071
10093567945,50.9257709,-1.3893071
10093567946,50.9257707,-1.3893069
10093567947,50.9257707,-1.3893071
10093567948,50.9257707,-1.3893069
10093567949,50.9257707,-1.3893069
10093567951,50.925771,-1.3893071
10093567952,50.9257709,-1.3893071
10093567953,50.9257709,-1.3893071
10093567954,50.9257709,-1.3893071
10093567955,50.9257711,-1.3893071
10093567956,50.9257709,-1.3893069
10093567957,50.9257709,-1.3893071
10093567958,50.9257709,-1.3893071
10093567959,50.9257709,-1.3893071
10093567960,50.9257709,-1.3893071
10093567961,50.9257709,-1.3893071
10093567962,50.9257709,-1.3893071
10093567963,50.9257711,-1.3893071
10093567964,50.9257709,-1.3893069
10093567965,50.9257711,-1.3893071
10093567966,50.9257709,-1.3893071
10093567967,50.9257709,-1.3893071
10093567968,50.9257709,-1.3893071
10093567969,50.9257711,-1.3893068
10093567970,50.9257711,-1.3893074
10093567971,50.9257711,-1.3893068
10093567972,50.9257711,-1.3893071
10093567973,50.9257708,-1.3893071
10093567974,50.925771,-1.3893073
10093567975,50.9257709,-1.389307
10093567976,50.925771,-1.389307
10093567977,50.9257709,-1.3893071
10093567978,50.9257709,-1.3893073
10093567979,50.9257709,-1.389307
10093567980,50.9257708,-1.389307
10093567981,50.9257707,-1.3893071
10093567982,50.9257709,-1.3893071
10093567983,50.9257708,-1.3893071
10093567984,50.9257709,-1.3893073
10093567985,50.9257708,-1.3893071
10093567986,50.9257709,-1.3893073
10093567987,50.9257708,-1.3893073
10093567988,50.9257708,-1.3893073
10093567989,50.9257709,-1.3893073
10093567990,50.9257708,-1.3893071
10093567991,50.9257709,-1.389307
10093567992,50.9257709,-1.3893071
10093567993,50.9257707,-1.3893071
10093567994,50.9257709,-1.3893073
10093567995,50.9257709,-1.3893073
10093567996,50.9257708,-1.3893071
10093567997,50.9257709,-1.3893073
10093567998,50.9257708,-1.3893071
10093567999,50.9257708,-1.389307
10093568000,50.9257708,-1.3893071
10093568001,50.9257709,-1.3893073
10093568002,50.9257708,-1.3893073
10093568003,50.925771,-1.3893071
10093568004,50.9257709,-1.3893073
10093568005,50.9257708,-1.389307
10093568006,50.9257707,-1.3893073
10093568007,50.9257709,-1.3893073
10093568008,50.925771,-1.3893073
10093568009,50.9257708,-1.3893071
10093568010,50.9257708,-1.3893071
10093568011,50.9257709,-1.3893071
10093568018,50.9245622,-1.3611246
10093568028,50.9330804,-1.3851903
10093568029,50.9330777,-1.3851903
10093568030,50.9330777,-1.3851882
10093568031,50.9330804,-1.3851881
10093568130,50.9274631,-1.3719572
10093568149,50.9250362,-1.3856062
10093568150,50.9330121,-1.3889023
10093568157,50.9212879,-1.3859263
10093568162,50.9282519,-1.3748065
10093568193,50.9334647,-1.3641494
10093568194,50.9355996,-1.3815679
10093568195,50.9355992,-1.3815679
10093568228,50.9340205,-1.3840505
10093568232,50.9289137,-1.3657759
10093568243,50.9211988,-1.3699395
10093568245,50.926628,-1.3772045
10093568249,50.9343231,-1.3851424
10093568253,50.9340023,-1.3839797
10093568254,50.91926,-1.3766486
10093568256,50.93412,-1.3858565
10093568262,50.9250192,-1.3857771
10093568268,50.9209163,-1.3701667
10093568269,50.9208067,-1.3702434
10093568270,50.9206566,-1.3702643
10093568271,50.9206339,-1.370187
10093568272,50.9207648,-1.3696535
10093568273,50.9211082,-1.3701712
10093568346,50.9273757,-1.3887411
10093568347,50.9273758,-1.3887411
10093568348,50.9273758,-1.3887413
10093568349,50.9273758,-1.3887413
10093568350,50.9273757,-1.3887411
10093568351,50.9273758,-1.3887413
10093568352,50.9273758,-1.3887413
10093568353,50.9273758,-1.3887411
10093568354,50.9273757,-1.3887413
10093568355,50.9273757,-1.3887413
10093568356,50.9273757,-1.3887411
10093568357,50.9273758,-1.3887413
10093568358,50.9273757,-1.3887413
10093568359,50.9273758,-1.3887411
10093568360,50.9273757,-1.3887411
10093568361,50.9273757,-1.3887413
10093568362,50.9273757,-1.3887413
10093568363,50.9273758,-1.3887413
10093568364,50.9273757,-1.3887411
10093568365,50.9273757,-1.3887413
10093568366,50.9273757,-1.3887413
10093568367,50.9273758,-1.3887411
10093568368,50.9273758,-1.3887413
10093568369,50.9273758,-1.3887411
10093568370,50.9273757,-1.3887413
10093568371,50.9273757,-1.3887413
10093568372,50.9273757,-1.3887413
10093568373,50.9273757,-1.3887413
10093568374,50.9273758,-1.3887413
10093568375,50.9273758,-1.3887413
10093568376,50.9273758,-1.3887413
10093568377,50.9273758,-1.3887413
10093568378,50.9273758,-1.3887413
10093568379,50.9273757,-1.3887413
10093568380,50.9273757,-1.3887413
10093568381,50.9273758,-1.3887413
10093568382,50.9273757,-1.3887413
10093568383,50.9273758,-1.3887413
10093568384,50.9273757,-1.3887413
10093568385,50.9273757,-1.3887413
10093568386,50.9273758,-1.3887411
10093568387,50.9273758,-1.3887413
10093568388,50.9273758,-1.3887413
10093568389,50.9273758,-1.3887413
10093568390,50.9273756,-1.3887413
10093568391,50.9273757,-1.3887413
10093568392,50.9273757,-1.3887413
10093568393,50.9273757,-1.3887411
10093568394,50.9273757,-1.3887411
10093568395,50.9273757,-1.3887413
10093568396,50.9273757,-1.3887413
10093568397,50.9273757,-1.3887411
10093568398,50.9273755,-1.3887413
10093568399,50.9273756,-1.3887413
10093568400,50.9273757,-1.3887413
10093568401,50.9273758,-1.3887413
10093568402,50.9273757,-1.3887413
10093568403,50.9273758,-1.3887411
10093568404,50.9273758,-1.3887413
10093568405,50.9273757,-1.3887411
10093568406,50.9273757,-1.3887413
10093568407,50.9273758,-1.3887411
10093568408,50.9273757,-1.3887413
10093568409,50.9273757,-1.3887413
10093568410,50.9273757,-1.3887413
10093568411,50.9273758,-1.3887413
10093568412,50.9273757,-1.3887413
10093568413,50.9273758,-1.3887411
10093568414,50.9273756,-1.3887413
10093568415,50.9273758,-1.3887413
10093568416,50.9273758,-1.3887413
10093568417,50.9273757,-1.3887411
10093568418,50.9273757,-1.3887413
10093568419,50.9273757,-1.3887413
10093568420,50.9273757,-1.3887413
10093568421,50.9273757,-1.3887413
10093568422,50.9273757,-1.3887411
10093568423,50.9273757,-1.3887413
10093568424,50.9273756,-1.3887413
10093568425,50.9273756,-1.3887411
10093568426,50.9273756,-1.3887413
10093568427,50.9273756,-1.3887413
10093568428,50.9273756,-1.3887411
10093568429,50.9273757,-1.3887413
10093568430,50.9273756,-1.3887413
10093568431,50.9273755,-1.3887413
10093568432,50.9273756,-1.3887411
10093568433,50.9273756,-1.3887413
10093568434,50.9273756,-1.3887413
10093568435,50.9273756,-1.3887411
10093568436,50.9273756,-1.3887411
10093568437,50.9273756,-1.3887413
10093568438,50.9273756,-1.3887413
10093568439,50.9273756,-1.3887413
10093568440,50.9273756,-1.3887411
10093568441,50.9273756,-1.3887411
10093568442,50.9273757,-1.3887411
10093568443,50.9273756,-1.3887413
10093568444,50.9273756,-1.3887413
10093568445,50.9273756,-1.3887413
10093568446,50.9273755,-1.3887411
10093568447,50.9273756,-1.3887413
10093568448,50.9273756,-1.3887413
10093568449,50.9273756,-1.3887411
10093568450,50.9273756,-1.3887413
10093568451,50.9273756,-1.3887411
10093568452,50.9273756,-1.3887411
10093568453,50.9273756,-1.3887411
10093568454,50.9273755,-1.3887413
10093568455,50.9273756,-1.3887411
10093568456,50.9273756,-1.3887411
10093568457,50.9273756,-1.3887413
10093568458,50.9273756,-1.3887413
10093568459,50.9273755,-1.3887411
10093568460,50.9273756,-1.3887413
10093568461,50.9273756,-1.3887413
10093568462,50.9273755,-1.3887413
10093568463,50.9273756,-1.3887413
10093568467,50.9102921,-1.3791652
10093568472,50.9290396,-1.3658312
10093568473,50.9214123,-1.387333
10093568477,50.9114232,-1.3894129
10093568478,50.9337983,-1.3879102
10093568484,50.9273724,-1.3887491
10093568485,50.9273724,-1.3887439
10093568486,50.9273724,-1.3887439
10093568487,50.9273757,-1.3887491
10093568488,50.9273724,-1.3887439
10093568489,50.9273724,-1.3887491
10093568490,50.9273757,-1.3887438
10093568491,50.9273724,-1.3887491
10093568492,50.9273724,-1.3887439
10093568494,50.9273757,-1.3887491
10093568497,50.9273724,-1.3887439
10093568499,50.9273757,-1.3887438
10093568501,50.9273724,-1.3887439
10093568502,50.9273724,-1.3887439
10093568513,50.9273755,-1.388741
10093568514,50.9273758,-1.3887413
10093568515,50.9273758,-1.3887413
10093568517,50.9273758,-1.3887413
10093568523,50.9273756,-1.3887411
10093568524,50.9273758,-1.3887413
10093568525,50.9273758,-1.3887411
10093568526,50.9273758,-1.3887413
10093568527,50.9273758,-1.3887411
10093568528,50.9273758,-1.3887411
10093568529,50.9273756,-1.3887411
10093568530,50.9273755,-1.3887411
10093568531,50.9273754,-1.3887413
10093568532,50.9273758,-1.3887413
10093568533,50.9273758,-1.3887411
10093568534,50.9273758,-1.3887413
10093568535,50.9273758,-1.3887413
10093568536,50.9273757,-1.3887413
10093568537,50.9273758,-1.3887413
10093568538,50.9273754,-1.3887413
10093568539,50.9273756,-1.3887411
10093568540,50.9273756,-1.3887411
10093568541,50.9273757,-1.3887413
10093568542,50.9273756,-1.3887413
10093568543,50.9273755,-1.3887413
10093568544,50.9273755,-1.3887413
10093568545,50.9273755,-1.3887413
10093568546,50.9273755,-1.3887411
10093568547,50.9273757,-1.3887411
10093568548,50.9273755,-1.3887411
10093568549,50.9273758,-1.3887411
10093568550,50.9273758,-1.3887411
10093568551,50.9273757,-1.3887411
10093568552,50.9273755,-1.3887411
10093568553,50.9273755,-1.3887411
10093568554,50.9273755,-1.3887411
10093568555,50.9273755,-1.3887411
10093568556,50.9273754,-1.3887411
10093568557,50.9273754,-1.3887411
10093568558,50.9273758,-1.3887413
10093568560,50.9273754,-1.3887413
10093568561,50.9273754,-1.3887411
10093568562,50.9273754,-1.3887413
10093568563,50.9273754,-1.3887413
10093568564,50.9273754,-1.3887411
10093568565,50.9273753,-1.3887413
10093568566,50.9273754,-1.3887411
10093568567,50.9273758,-1.3887411
10093568568,50.9273753,-1.3887411
10093568569,50.9273758,-1.3887413
10093568570,50.9273753,-1.3887413
10093568571,50.9273758,-1.3887413
10093568572,50.9273753,-1.3887411
10093568573,50.9273753,-1.3887413
10093568574,50.9273753,-1.3887413
10093568575,50.9273759,-1.3887411
10093568576,50.9273753,-1.3887411
10093568577,50.9273759,-1.3887413
10093568578,50.9273759,-1.3887413
10093568579,50.9273759,-1.3887411
10093568580,50.9273759,-1.3887413
10093568581,50.9273759,-1.3887411
10093568582,50.9273759,-1.3887413
10093568583,50.9273759,-1.3887411
10093568584,50.9273753,-1.3887411
10093568585,50.9273753,-1.3887413
10093568586,50.9273753,-1.3887411
10093568587,50.927376,-1.3887414
10093568588,50.9273759,-1.3887414
10093568589,50.9273759,-1.3887414
10093568590,50.9273759,-1.3887414
10093568591,50.9273759,-1.3887414
10093568592,50.9273758,-1.3887414
10093568593,50.9273758,-1.3887414
10093568594,50.9273758,-1.3887414
10093568595,50.9273758,-1.3887414
10093568596,50.9273758,-1.3887414
10093568597,50.9273758,-1.3887414
10093568598,50.9273758,-1.3887414
10093568599,50.9273758,-1.3887414
10093568600,50.9273758,-1.3887414
10093568601,50.9273758,-1.3887414
10093568602,50.9273757,-1.3887414
10093568603,50.9273757,-1.3887414
10093568604,50.9273757,-1.3887414
10093568605,50.9273757,-1.3887414
10093568606,50.9273757,-1.3887414
10093568607,50.9273757,-1.3887414
10093568608,50.9273756,-1.3887414
10093568609,50.9273756,-1.3887414
10093568610,50.9273756,-1.3887414
10093568611,50.9273756,-1.3887414
10093568612,50.9273756,-1.3887414
10093568613,50.9273756,-1.3887414
10093568614,50.9273755,-1.3887414
10093568615,50.9273755,-1.3887414
10093568616,50.9273755,-1.3887414
10093568617,50.9273755,-1.3887414
10093568618,50.9273755,-1.3887414
10093568619,50.9273755,-1.3887414
10093568620,50.9273754,-1.3887414
10093568621,50.9273754,-1.3887414
10093568622,50.9273754,-1.3887414
10093568623,50.9273754,-1.3887414
10093568624,50.9273754,-1.3887414
10093568625,50.9273754,-1.3887414
10093568626,50.9273753,-1.3887414
10093568627,50.9273753,-1.3887414
10093568628,50.9273753,-1.3887414
10093568629,50.927376,-1.3887416
10093568630,50.9273759,-1.3887416
10093568631,50.9273759,-1.3887416
10093568632,50.9273759,-1.3887416
10093568633,50.9273759,-1.3887416
10093568634,50.9273759,-1.3887416
10093568635,50.9273759,-1.3887416
10093568636,50.9273759,-1.3887416
10093568637,50.9273759,-1.3887416
10093568638,50.9273759,-1.3887416
10093568639,50.9273759,-1.3887416
10093568640,50.9273759,-1.3887416
10093568641,50.9273759,-1.3887416
10093568642,50.9273758,-1.3887416
10093568643,50.9273758,-1.3887416
10093568644,50.9273758,-1.3887416
10093568645,50.9273758,-1.3887416
10093568646,50.9273758,-1.3887416
10093568647,50.9273758,-1.3887416
10093568648,50.9273758,-1.3887416
10093568649,50.9273757,-1.3887416
10093568650,50.9273757,-1.3887416
10093568651,50.9273757,-1.3887416
10093568652,50.9273757,-1.3887416
10093568653,50.9273757,-1.3887416
10093568654,50.9273757,-1.3887416
10093568655,50.9273757,-1.3887416
10093568656,50.9273756,-1.3887416
10093568657,50.9273756,-1.3887416
10093568658,50.9273756,-1.3887416
10093568659,50.9273756,-1.3887416
10093568660,50.9273756,-1.3887416
10093568664,50.9256531,-1.3748416
10093568667,50.9134796,-1.3636534
10093568670,50.9273756,-1.3887416
10093568671,50.9273756,-1.3887416
10093568672,50.9273755,-1.3887416
10093568673,50.9273755,-1.3887416
10093568674,50.9273755,-1.3887416
10093568675,50.9273755,-1.3887416
10093568676,50.9273755,-1.3887416
10093568677,50.9273754,-1.3887416
10093568678,50.9273754,-1.3887416
10093568679,50.9273754,-1.3887416
10093568680,50.9273754,-1.3887416
10093568681,50.9273754,-1.3887416
10093568682,50.9273753,-1.3887416
10093568683,50.9273753,-1.3887416
10093568684,50.9273753,-1.3887416
10093568685,50.9273753,-1.3887416
10093568686,50.927376,-1.3887417
10093568687,50.927376,-1.3887417
10093568688,50.927376,-1.3887417
10093568689,50.9273759,-1.3887417
10093568690,50.9273759,-1.3887417
10093568691,50.9273759,-1.3887417
10093568692,50.9273759,-1.3887417
10093568693,50.9273759,-1.3887417
10093568694,50.9273759,-1.3887416
10093568695,50.9273759,-1.3887417
10093568696,50.9273759,-1.3887417
10093568697,50.9273759,-1.3887417
10093568699,50.9273759,-1.3887417
10093568700,50.9273759,-1.3887417
10093568701,50.9273758,-1.3887417
10093568702,50.9273758,-1.3887417
10093568703,50.9273758,-1.3887417
10093568704,50.9273758,-1.3887417
10093568705,50.9273758,-1.3887417
10093568706,50.9273757,-1.3887417
10093568707,50.9273757,-1.3887417
10093568708,50.9273757,-1.3887417
10093568709,50.9273757,-1.3887417
10093568710,50.9273756,-1.3887417
10093568711,50.9273756,-1.3887417
10093568712,50.9273756,-1.3887417
10093568713,50.9273756,-1.3887417
10093568714,50.9273756,-1.3887417
10093568715,50.9273756,-1.3887417
10093568716,50.9273755,-1.3887417
10093568717,50.9273755,-1.3887417
10093568718,50.9273755,-1.3887417
10093568719,50.9273755,-1.3887417
10093568721,50.9269935,-1.3881241
10093568722,50.927001,-1.388126
10093568723,50.9270009,-1.388126
10093568724,50.9270009,-1.388126
10093568725,50.9270009,-1.388126
10093568726,50.9270009,-1.388126
10093568727,50.9270009,-1.388126
10093568728,50.9270009,-1.388126
10093568729,50.9270009,-1.388126
10093568730,50.9270009,-1.388126
10093568731,50.9270009,-1.388126
10093568732,50.9270009,-1.3881261
10093568733,50.9270009,-1.388126
10093568734,50.9270009,-1.3881261
10093568735,50.9270009,-1.3881261
10093568736,50.9270009,-1.388126
10093568737,50.9270009,-1.388126
10093568738,50.9270009,-1.388126
10093568739,50.927001,-1.388126
10093568740,50.9270009,-1.388126
10093568741,50.9270009,-1.3881261
10093568742,50.927001,-1.3881261
10093568743,50.927001,-1.3881261
10093568744,50.9270009,-1.388126
10093568745,50.927001,-1.388126
10093568746,50.927001,-1.388126
10093568747,50.927001,-1.388126
10093568748,50.927001,-1.388126
10093568749,50.927001,-1.3881261
10093568750,50.927001,-1.388126
10093568751,50.927001,-1.388126
10093568752,50.927001,-1.388126
10093568753,50.927001,-1.388126
10093568754,50.927001,-1.3881261
10093568755,50.927001,-1.388126
10093568756,50.927001,-1.3881261
10093568757,50.927001,-1.388126
10093568758,50.927001,-1.388126
10093568759,50.927001,-1.388126
10093568760,50.927001,-1.3881261
10093568761,50.927001,-1.388126
10093568762,50.927001,-1.388126
10093568763,50.927001,-1.388126
10093568764,50.927001,-1.388126
10093568765,50.927001,-1.3881261
10093568766,50.927001,-1.388126
10093568767,50.927001,-1.388126
10093568768,50.927001,-1.3881261
10093568769,50.927001,-1.388126
10093568770,50.927001,-1.388126
10093568771,50.927001,-1.3881261
10093568772,50.927001,-1.388126
10093568773,50.927001,-1.388126
10093568774,50.927001,-1.3881261
10093568775,50.927001,-1.388126
10093568776,50.9270009,-1.3881261
10093568777,50.9270009,-1.3881261
10093568778,50.927001,-1.3881261
10093568779,50.927001,-1.3881261
10093568780,50.927001,-1.3881261
10093568781,50.927001,-1.3881261
10093568782,50.927001,-1.3881261
10093568783,50.927001,-1.3881261
10093568784,50.927001,-1.3881261
10093568785,50.927001,-1.3881261
10093568786,50.927001,-1.3881261
10093568787,50.927001,-1.3881261
10093568788,50.9270011,-1.3881261
10093568789,50.9270011,-1.388126
10093568790,50.9270011,-1.3881261
10093568791,50.9270011,-1.388126
10093568792,50.9270011,-1.3881261
10093568793,50.9270011,-1.3881261
10093568794,50.9270011,-1.3881261
10093568795,50.9270011,-1.388126
10093568796,50.9270011,-1.388126
10093568797,50.9270011,-1.3881261
10093568798,50.9270011,-1.3881261
10093568799,50.9270011,-1.3881261
10093568800,50.9270011,-1.388126
10093568801,50.9270011,-1.388126
10093568802,50.9270011,-1.3881261
10093568803,50.9270011,-1.388126
10093568804,50.9270011,-1.388126
10093568805,50.9270011,-1.3881261
10093568806,50.9270011,-1.3881261
10093568807,50.9270011,-1.3881261
10093568808,50.9270011,-1.388126
10093568809,50.9270012,-1.3881261
10093568810,50.9270012,-1.388126
10093568811,50.9270012,-1.3881261
10093568812,50.9270012,-1.3881261
10093568813,50.9270012,-1.388126
10093568814,50.9270012,-1.3881261
10093568815,50.9270012,-1.3881261
10093568816,50.9270012,-1.388126
10093568817,50.9270012,-1.388126
10093568818,50.9270012,-1.3881261
10093568819,50.9270012,-1.3881261
10093568820,50.9270012,-1.388126
10093568821,50.9270012,-1.3881261
10093568822,50.9270012,-1.3881261
10093568823,50.9270012,-1.3881261
10093568824,50.9270011,-1.3881261
10093568825,50.9270012,-1.3881261
10093568826,50.9270012,-1.3881261
10093568827,50.9270012,-1.388126
10093568828,50.9270012,-1.3881261
10093568829,50.9270012,-1.3881261
10093568830,50.9270013,-1.3881261
10093568831,50.9270012,-1.3881261
10093568832,50.9270012,-1.388126
10093568833,50.9270012,-1.388126
10093568834,50.9270013,-1.388126
10093568836,50.9238028,-1.3799088
10093568838,50.915037,-1.3782716
10093568869,50.9356566,-1.3818952
10093568874,50.9211855,-1.3715668
10093569036,50.923018,-1.3858553
10093569051,50.9284086,-1.377394
10093569056,50.9284096,-1.3773926
10093569061,50.9313825,-1.3847234
10093569065,50.9129268,-1.3846457
10094531734,50.9149325,-1.361288
10094531749,50.9284262,-1.3667514
10094531750,50.9168064,-1.3710454
10094531751,50.9168928,-1.3710061
10094531772,50.9203311,-1.3801399
10094531773,50.9129255,-1.3846456
10094531774,50.9273759,-1.3887465
10094531781,50.9274418,-1.3746896
10094531816,50.9133302,-1.3658213
10094531855,50.9357833,-1.3677426
10094531915,50.9247761,-1.3756073
10094531916,50.9332646,-1.3639394
10094531931,50.9174791,-1.3750168
10094531950,50.938046,-1.3780592
10094532012,50.9140681,-1.3896059
10094532013,50.9137399,-1.3887174
10094532016,50.9136363,-1.3878715
10094532030,50.9140681,-1.3896059
10094532032,50.9140681,-1.3896059
10094532033,50.9140674,-1.389607
10094532034,50.9140674,-1.3896094
10094532035,50.9140674,-1.389607
10094532036,50.9140681,-1.3896059
10094532037,50.9145638,-1.3899818
10094532038,50.9145638,-1.3899818
10094532039,50.9145638,-1.3899818
10094532041,50.9145638,-1.3899818
10094532042,50.9145638,-1.3899818
10094532043,50.9145638,-1.3899818
10094532044,50.9145638,-1.3899818
10094532045,50.9140681,-1.3896059
10094532046,50.9140688,-1.389607
10094532047,50.9140658,-1.389607
10094532048,50.9140674,-1.389607
10094532049,50.9140658,-1.389607
10094532051,50.9145637,-1.3899818
10094532052,50.9136363,-1.3878713
10094532053,50.9145638,-1.3899821
10094532054,50.9145638,-1.3899819
10094532055,50.9145638,-1.3899819
10094532056,50.9145638,-1.3899819
10094532057,50.9145638,-1.3899819
10094532058,50.9145638,-1.3899819
10094532064,50.9140681,-1.3896059
10094532065,50.9140658,-1.389607
10094532066,50.9140658,-1.389607
10094532067,50.9140658,-1.389607
10094532068,50.9140674,-1.389607
10094532070,50.9140674,-1.3896094
10094532071,50.9140696,-1.389613
10094532072,50.9140696,-1.389613
10094532073,50.9140681,-1.3896059
10094532074,50.9140681,-1.3896059
10094532075,50.9140665,-1.3896083
10094532076,50.9140696,-1.3896083
10094532077,50.9140696,-1.3896083
10094532078,50.9140681,-1.3896059
10094532079,50.9140681,-1.3896059
10094532080,50.9140696,-1.3896083
10094532081,50.9140681,-1.3896059
10094532082,50.9140696,-1.3896083
10094532083,50.9140688,-1.389607
10094532084,50.9140703,-1.3896094
10094532085,50.9140688,-1.389607
10094532086,50.9140688,-1.3896094
10094532087,50.9140703,-1.3896094
10094532088,50.9140674,-1.3896117
10094532089,50.9140674,-1.389607
10094532090,50.9140688,-1.3896094
10094532091,50.9140681,-1.3896059
10094532092,50.9140674,-1.3896094
10094532093,50.9140674,-1.389607
10094532094,50.9140674,-1.389607
10094532095,50.9140674,-1.389607
10094532096,50.9140688,-1.389607
10094532097,50.9140688,-1.389607
10094532100,50.9140681,-1.3896059
10094532101,50.9140681,-1.3896059
10094532102,50.9140688,-1.3896094
10094532103,50.9140703,-1.3896094
10094532104,50.9140688,-1.389607
10094532105,50.9140674,-1.389607
10094532106,50.9140703,-1.3896117
10094532107,50.9140674,-1.389607
10094532108,50.9140674,-1.3896094
10094532109,50.9140703,-1.389607
10094532110,50.9140674,-1.3896117
10094532111,50.9140688,-1.3896117
10094532112,50.9140688,-1.3896117
10094532113,50.9140703,-1.3896094
10094532114,50.9140703,-1.3896094
10094532115,50.9140674,-1.389607
10094532116,50.9140681,-1.3896059
10094532117,50.9140688,-1.3896117
10094532118,50.9140703,-1.3896117
10094532119,50.9140688,-1.3896094
10094532120,50.9140673,-1.3896048
10094532121,50.9140674,-1.3896094
10094532122,50.9140688,-1.3896117
10094532123,50.9140688,-1.389607
10094532124,50.9140674,-1.3896094
10094532125,50.9140688,-1.3896117
10094532126,50.9140674,-1.3896117
10094532127,50.9140673,-1.3896048
10094532128,50.9140674,-1.389607
10094532129,50.9140688,-1.3896094
10094532130,50.9140688,-1.3896094
10094532131,50.9140703,-1.3896117
10094532132,50.9140674,-1.3896117
10094532133,50.9140696,-1.3896034
10094532134,50.9140696,-1.389613
10094532136,50.9140681,-1.3896059
10094532137,50.9140674,-1.3896094
10094532138,50.9140681,-1.3896059
10094532139,50.9140688,-1.3896117
10094532140,50.9140674,-1.3896094
10094532141,50.9140703,-1.389607
10094532142,50.9140665,-1.3896083
10094532143,50.9140681,-1.3896059
10094532144,50.9140726,-1.3896082
10094532145,50.9140681,-1.3896059
10094532146,50.9140673,-1.3896048
10094532147,50.9140688,-1.3896094
10094532148,50.9140681,-1.3896059
10094532149,50.9140703,-1.389607
10094532150,50.9140703,-1.3896094
10094532151,50.9140674,-1.389607
10094532152,50.9140688,-1.3896094
10094532153,50.9140703,-1.389607
10094532154,50.9140688,-1.3896094
10094532155,50.9140703,-1.3896047
10094532156,50.9140674,-1.389607
10094532161,50.9136363,-1.3878713
10094532162,50.9136363,-1.3878713
10094532163,50.9136363,-1.3878713
10094532164,50.9136363,-1.3878713
10094532165,50.9136364,-1.3878713
10094532166,50.9136364,-1.3878713
10094532167,50.9136364,-1.3878715
10094532168,50.9136363,-1.3878711
10094532169,50.9136364,-1.3878715
10094532170,50.9136363,-1.3878713
10094532171,50.9136364,-1.3878713
10094532172,50.9136365,-1.387871
10094532173,50.9136363,-1.387871
10094532174,50.9136365,-1.387871
10094532175,50.9136363,-1.3878713
10094532176,50.9136365,-1.3878712
10094532177,50.9136365,-1.3878712
10094532178,50.9136363,-1.3878713
10094532180,50.9136363,-1.3878707
10094532181,50.9136365,-1.3878707
10094532182,50.9136365,-1.3878712
10094532183,50.9136363,-1.3878713
10094532184,50.9136365,-1.387871
10094532185,50.9136365,-1.3878712
10094532186,50.9136365,-1.3878712
10094532187,50.9136365,-1.3878712
10094532188,50.9136365,-1.387871
10094532189,50.9136365,-1.387871
10094532190,50.9136365,-1.387871
10094532191,50.9136363,-1.387871
10094532192,50.9136365,-1.3878715
10094532193,50.9136363,-1.387871
10094532194,50.9136365,-1.3878712
10094532195,50.9136365,-1.3878707
10094532196,50.9136365,-1.3878715
10094532197,50.9136365,-1.3878712
10094532198,50.9136365,-1.3878715
10094532199,50.9136363,-1.3878707
10094532200,50.9136365,-1.387871
10094532201,50.9136365,-1.3878712
10094532202,50.9136369,-1.3878712
10094532203,50.9136365,-1.387871
10094532204,50.9136365,-1.387871
10094532205,50.9136365,-1.3878705
10094532259,50.9136365,-1.3878712
10094532260,50.9136369,-1.3878707
10094532261,50.9136369,-1.3878705
10094532262,50.9136363,-1.387871
10094532263,50.9136365,-1.387871
10094532264,50.9136365,-1.3878705
10094532265,50.9136363,-1.3878707
10094532266,50.9136365,-1.3878712
10094532267,50.9136365,-1.3878707
10094532268,50.9136365,-1.3878707
10094532269,50.9136365,-1.3878712
10094532270,50.9136365,-1.3878718
10094532271,50.9136365,-1.3878707
10094532272,50.9136365,-1.387871
10094532273,50.9136365,-1.3878707
10094532274,50.9136365,-1.3878707
10094532275,50.9136365,-1.3878712
10094532276,50.9137399,-1.3887151
10094532277,50.9137399,-1.3887151
10094532278,50.9137399,-1.3887174
10094532279,50.9137399,-1.3887151
10094532281,50.9179357,-1.3711894
10094532282,50.9179357,-1.3711894
10094532288,50.9344521,-1.3821723
10094532387,50.9137399,-1.3887174
10094532388,50.9137399,-1.3887151
10094532389,50.9137399,-1.3887151
10094532390,50.9137399,-1.3887151
10094532391,50.9137414,-1.3887174
10094532392,50.9137399,-1.3887174
10094532393,50.9137399,-1.3887174
10094532394,50.9137399,-1.3887151
10094532395,50.9137399,-1.3887198
10094532396,50.9137399,-1.3887151
10094532397,50.9137399,-1.3887174
10094532398,50.9137399,-1.3887198
10094532399,50.9137385,-1.3887174
10094532400,50.9137385,-1.3887174
10094532401,50.9137399,-1.3887174
10094532402,50.9137399,-1.3887174
10094532403,50.9137399,-1.3887174
10094532404,50.9137399,-1.3887198
10094532405,50.9137399,-1.3887174
10094532406,50.9137399,-1.3887174
10094532407,50.9137399,-1.3887174
10094532409,50.9100807,-1.3803961
10094532524,50.9155806,-1.3790014
10094532565,50.9137414,-1.3887174
10094532566,50.9137385,-1.3887174
10094532567,50.9137399,-1.3887174
10094532569,50.9140681,-1.3896059
10094532570,50.9140681,-1.3896059
10094532571,50.9140681,-1.3896059
10094532572,50.9140681,-1.3896059
10094532573,50.9137385,-1.3887174
10094532574,50.9137399,-1.3887151
10094532575,50.9137399,-1.3887174
10094532576,50.9137399,-1.3887187
10094532577,50.9137399,-1.3887174
10094532578,50.9137385,-1.3887174
10094532579,50.9137392,-1.3887174
10094532580,50.9137399,-1.3887187
10094532581,50.9137399,-1.3887174
10094532582,50.9137399,-1.3887174
10094532583,50.9137392,-1.3887174
10094532584,50.9137399,-1.3887187
10094532585,50.9137399,-1.3887187
10094532586,50.9137392,-1.3887174
10094532587,50.9137392,-1.3887187
10094532588,50.9137399,-1.3887174
10094532589,50.9137399,-1.3887163
10094532590,50.9137407,-1.3887187
10094532591,50.9137399,-1.3887187
10094532592,50.9137399,-1.3887187
10094532593,50.9137399,-1.3887174
10094532594,50.9137399,-1.3887198
10094532595,50.9137392,-1.3887187
10094532596,50.9137392,-1.3887174
10094532597,50.9137399,-1.3887187
10094532598,50.9137392,-1.3887174
10094532599,50.9137392,-1.3887163
10094532600,50.9137392,-1.3887174
10094532601,50.9137399,-1.3887174
10094532602,50.9136369,-1.3878718
10094532603,50.9137392,-1.3887198
10094532604,50.9137399,-1.3887174
10094532605,50.9137392,-1.3887174
10094532606,50.9137385,-1.3887174
10094532607,50.9137399,-1.3887174
10094532608,50.9137392,-1.3887187
10094532609,50.9137392,-1.3887174
10094532610,50.9137399,-1.3887187
10094532611,50.9137399,-1.3887174
10094532612,50.9137392,-1.3887174
10094532613,50.9137392,-1.3887174
10094532614,50.9137399,-1.3887174
10094532615,50.9137392,-1.3887174
10094532616,50.9137392,-1.3887174
10094532617,50.9137399,-1.3887174
10094532618,50.9137392,-1.3887187
10094532619,50.9137399,-1.3887174
10094532620,50.9137399,-1.3887174
10094532621,50.9137392,-1.3887174
10094532622,50.9137392,-1.3887174
10094532623,50.9137399,-1.3887174
10094532624,50.9137392,-1.3887174
10094532625,50.9137399,-1.3887187
10094532626,50.9137392,-1.3887174
10094532627,50.9137407,-1.3887187
10094532628,50.9137392,-1.3887174
10094532629,50.9137399,-1.3887198
10094532630,50.9137399,-1.3887163
10094532631,50.9137399,-1.3887163
10094532632,50.9137399,-1.3887187
10094532633,50.9137392,-1.3887187
10094532634,50.9137399,-1.3887198
10094532649,50.9178032,-1.3755231
10094532669,50.920162,-1.3793585
10094532746,50.923621,-1.3744847
10094532754,50.9221128,-1.3769822
10094532755,50.9220683,-1.3770017
10094532756,50.9220268,-1.3770233
10094532757,50.9219853,-1.3770498
10094532771,50.922516,-1.3833327
10094532880,50.9283555,-1.3855466
10094532881,50.9283584,-1.3855466
10094532882,50.9283584,-1.3855419
10094533021,50.938379,-1.3799627
10094533022,50.9383777,-1.3799646
10094533023,50.9383775,-1.3799652
10094533024,50.9383782,-1.3799646
10094533025,50.9383779,-1.3799647
10094533026,50.9383779,-1.379965
10094533027,50.9383779,-1.3799647
10094533100,50.9148199,-1.3621122
10094533114,50.9182745,-1.3746937
10094533115,50.9355991,-1.3815677
10094533116,50.9355991,-1.3815677
10094533135,50.9102103,-1.3849301
10094533154,50.9222629,-1.3681717
10094533190,50.9283005,-1.3856203
10094533204,50.9102153,-1.3703098
10094533219,50.932172,-1.3834957
10094533246,50.924773,-1.3875847
10094533267,50.9251037,-1.3746462
10094533291,50.9271131,-1.3892471
10094533292,50.9354493,-1.3818675
10094533293,50.9354482,-1.3819499
10094533389,50.9391964,-1.3805787
10094533398,50.9145634,-1.3899799
10094533411,50.9145643,-1.3899812
10094533412,50.9220976,-1.3758017
10094533413,50.9221159,-1.3758814
10094533414,50.9221348,-1.3759553
10094533415,50.9221702,-1.3760043
10094533417,50.9221703,-1.3760043
10094533459,50.9282263,-1.3899631
10094533462,50.9282263,-1.3899585
10094533470,50.916253,-1.3800996
10094533471,50.916252,-1.3800965
10094533472,50.916252,-1.3800961
10094533473,50.9162522,-1.3800971
10094533474,50.916252,-1.3800965
10094533475,50.916252,-1.3800971
10094533476,50.916252,-1.3800971
10094533477,50.9162522,-1.3800965
10094533478,50.9162522,-1.3800961
10094533479,50.916252,-1.3800965
10094533480,50.9161454,-1.3805527
10094533481,50.916252,-1.3800965
10094533482,50.916252,-1.3800965
10094533483,50.9162522,-1.3800965
10094533484,50.9162522,-1.3800965
10094533485,50.9162516,-1.3800965
10094533493,50.9237005,-1.3898331
10094533494,50.9237012,-1.3898319
10094533495,50.9237012,-1.3898355
10094533519,50.9163043,-1.3805576
10094533520,50.9163043,-1.3805576
10094533521,50.9163043,-1.3805576
10094533538,50.9264334,-1.3724976
10094533539,50.9251082,-1.3803706
10094533540,50.9251364,-1.3803702
10094533541,50.910665,-1.3843769
10094533542,50.9106665,-1.3843769
10094533543,50.9105956,-1.3844671
10094533544,50.9106576,-1.3841158
10094533545,50.9106664,-1.3843675
10094533549,50.9143525,-1.3621052
10094533550,50.9143547,-1.3621016
10094533551,50.9143547,-1.362104
10094533552,50.9143532,-1.3621063
10094533567,50.9207158,-1.3664427
10094533570,50.9209684,-1.3833411
10094533575,50.9136617,-1.389284
10094533576,50.9136617,-1.389284
10094533577,50.9136624,-1.3892805
10094533578,50.9136611,-1.389283
10094533579,50.9136599,-1.3892831
10094533580,50.9136623,-1.389283
10094533581,50.9136599,-1.3892812
10094533582,50.9136623,-1.389283
10094533585,50.9136617,-1.389284
10094533603,50.9194989,-1.3668398
10094533621,50.9379517,-1.3708621
10094533661,50.9170392,-1.367945
10094533662,50.91704,-1.3679508
10094533712,50.9299492,-1.3611088
10094533758,50.9382005,-1.3686385
10094533759,50.9204713,-1.3613002
10094533760,50.9387328,-1.3875222
10094533761,50.9166459,-1.3706054
10094533768,50.9105475,-1.3652011
10094533803,50.9327674,-1.3650405
10094533827,50.9107218,-1.3839851
10094533828,50.9107218,-1.3839851
10094533829,50.9107218,-1.3839811
10094533830,50.9109006,-1.3842553
10094533833,50.913695,-1.3870787
10094533979,50.9241638,-1.3822175
10094534038,50.9391831,-1.37577
10094534049,50.9299664,-1.3609663
10094534054,50.9207344,-1.3663604
10094534055,50.9344589,-1.3814049
10094534056,50.9344587,-1.3814046
10094534057,50.9197149,-1.3687227
10094534069,50.9346141,-1.3828492
10094534073,50.9135351,-1.3899918
10094534084,50.9178164,-1.3756036
10094534093,50.9247509,-1.3742988
10094534152,50.9242985,-1.3803307
10094534153,50.9242986,-1.380333
10094534154,50.9242985,-1.3803307
10094534155,50.9242989,-1.3803313
10094534156,50.9242989,-1.3803313
10094534157,50.9242985,-1.3803319
10094534158,50.9242985,-1.3803319
10094534159,50.9242989,-1.3803313
10094534160,50.9242986,-1.3803324
10094534161,50.9213879,-1.377338
10094534166,50.9104276,-1.38346
10094534167,50.9104262,-1.3834623
10094534168,50.9154315,-1.3611261
10094534169,50.9154456,-1.3611149
10094534181,50.9244306,-1.3766223
10094534195,50.91317,-1.3679108
10094534266,50.9210147,-1.3746958
10094534336,50.9266728,-1.3891757
10094534337,50.9302762,-1.3850962
10094534338,50.9303202,-1.3851227
10094534372,50.910999,-1.3841385
10094534389,50.9229577,-1.3687728
10094534391,50.9344587,-1.3814043
10094534392,50.9344585,-1.3814046
10094534393,50.9344585,-1.3814043
10094534394,50.9344585,-1.3814046
10094534395,50.9344587,-1.3814043
10094534396,50.9344587,-1.3814049
10094534397,50.9344587,-1.3814049
10094534398,50.9344587,-1.3814046
10094534399,50.9344587,-1.3814049
10094534412,50.9181956,-1.3787572
10094534504,50.9233759,-1.3863732
10094534509,50.9156018,-1.3656144
10094534510,50.9309589,-1.3887331
10094534513,50.9103181,-1.3809298
10094534532,50.9214609,-1.389751
10094534533,50.9214602,-1.3897475
10094534535,50.9214609,-1.389751
10094534536,50.9214602,-1.3897499
10094534537,50.9214602,-1.3897499
10094534538,50.9214602,-1.3897499
10094534539,50.9214586,-1.3897499
10094534540,50.9214586,-1.3897499
10094534854,50.9323449,-1.3622953
10094534916,50.9128018,-1.3882142
10094534917,50.9105743,-1.3834525
10094534918,50.9105743,-1.3834503
10094534919,50.9218514,-1.3622362
10094534920,50.9236761,-1.3799422
10094535060,50.9355076,-1.3817839
10094535075,50.9192885,-1.3816077
10094535076,50.9193075,-1.381551
10094535077,50.9193325,-1.3814848
10094535078,50.9193531,-1.3814374
10094535183,50.9395758,-1.3615659
10094535236,50.9378573,-1.3801418
10094535237,50.926799,-1.3825062
10094535347,50.9238993,-1.3882963
10094535348,50.9238971,-1.3882975
10094535514,50.9222628,-1.3747772
10094535515,50.9222613,-1.3747724
10094535516,50.9222613,-1.3747748
10094535517,50.9222599,-1.3747796
10094535540,50.9239707,-1.3899173
10094535541,50.92397,-1.3899198
10094535542,50.9239685,-1.3899198
10094535543,50.9239685,-1.3899198
10094535544,50.92397,-1.3899174
10094535545,50.92397,-1.3899149
10094535546,50.92397,-1.3899174
10094535547,50.9239685,-1.3899127
10094535548,50.9239655,-1.389915
10094535549,50.923967,-1.389915
10094535550,50.92397,-1.3899149
10094535551,50.923967,-1.3899103
10094535552,50.923967,-1.389915
10094535560,50.9239618,-1.3899317
10094535587,50.9391593,-1.379727
10094535590,50.9384018,-1.3895148
10094535591,50.9384018,-1.3895148
10094535606,50.9334606,-1.3836002
10094535643,50.933696,-1.3845325
10094535890,50.9290847,-1.3743336
10094535929,50.9370638,-1.3801959
10094535989,50.9175748,-1.3759766
10094536023,50.9271345,-1.3828041
10094536071,50.9332102,-1.3855556
10094536072,50.9332141,-1.3855919
10094536194,50.92816,-1.3865471
10094536200,50.91226,-1.3896664
10094536203,50.9338069,-1.3847532
10094536217,50.9267966,-1.376778
10094536289,50.9252595,-1.3636343
10094536290,50.9251695,-1.3635483
10094536291,50.9251336,-1.3635088
10094536292,50.9249129,-1.3629691
10094536293,50.9248609,-1.3627566
10094536294,50.9248321,-1.3626557
10094536295,50.924797,-1.362475
10094536296,50.9247585,-1.362392
10094536297,50.9247143,-1.3622044
10094536298,50.9246663,-1.3621203
10094536299,50.9245836,-1.3619521
10094536300,50.9245491,-1.3618961
10094536301,50.9244665,-1.3617395
10094536302,50.924375,-1.3615997
10094536303,50.9243195,-1.3615298
10094536304,50.9242222,-1.3614041
10094536305,50.9241878,-1.3613716
10094536306,50.9240433,-1.3613124
10094536307,50.9240151,-1.3613316
10094536308,50.9239065,-1.3613214
10094536319,50.9176825,-1.3697962
10094536320,50.9372225,-1.3844519
10094536339,50.9249666,-1.3759439
10094536378,50.9274916,-1.3672423
10094536401,50.924773,-1.3633972
10094536402,50.9245581,-1.3638025
10094536403,50.9247099,-1.3632899
10094536404,50.9244758,-1.363719
10094536405,50.9246452,-1.3631566
10094536406,50.9244304,-1.3635713
10094536407,50.9245722,-1.3631295
10094536408,50.9243749,-1.3634875
10094536409,50.9245636,-1.3629177
10094536410,50.9243134,-1.3633871
10094536411,50.9245171,-1.3628219
10094536412,50.9242399,-1.3632705
10094536413,50.9244531,-1.3627353
10094536414,50.9242206,-1.3631737
10094536415,50.9243991,-1.3626371
10094536416,50.9241128,-1.3630505
10094536417,50.9243537,-1.3624943
10094536418,50.9240126,-1.3626707
10094536419,50.9243176,-1.3624243
10094536420,50.9239211,-1.3625309
10094536421,50.9242721,-1.3623296
10094536422,50.9242355,-1.3621677
10094536423,50.9241979,-1.3620693
10094536424,50.9241378,-1.3619714
10094536425,50.9240971,-1.3618731
10094536426,50.9240444,-1.3617421
10094536427,50.9239961,-1.3616181
10094536428,50.9238771,-1.362429
10094536429,50.923823,-1.362331
10094536430,50.9237762,-1.3622046
10094536431,50.9238051,-1.3620466
10094536432,50.9237407,-1.3619651
10094536433,50.9236761,-1.3618366
10094536434,50.923665,-1.3617073
10094536435,50.9236197,-1.361595
10094536436,50.9249838,-1.3638515
10094536437,50.9249631,-1.3638776
10094536438,50.9248836,-1.3640246
10094536439,50.9248674,-1.3640672
10094536440,50.9248057,-1.3641927
10094536441,50.9247778,-1.364252
10094536442,50.9249528,-1.3631126
10094536444,50.9244971,-1.3756112
10094536579,50.9285404,-1.3600065
10094536601,50.9388644,-1.37001
10097300133,50.9291057,-1.3743625
10097300165,50.9249466,-1.3755615
10097300194,50.9211696,-1.3839786
10097300238,50.9239008,-1.3745053
100060675541,50.9267373,-1.3825106
100060675542,50.9270177,-1.3828199
100060675543,50.9267016,-1.3825538
100060675544,50.9269459,-1.3828351
100060675545,50.9266029,-1.382612
100060675546,50.9266567,-1.3825686
100060675547,50.926901,-1.3828641
100060675548,50.9265761,-1.3826408
100060675549,50.9268472,-1.3828933
100060675550,50.9264953,-1.3826703
100060675551,50.9265402,-1.3826555
100060675552,50.9268024,-1.3829224
100060675553,50.9264418,-1.3827422
100060675554,50.9267398,-1.3829801
100060675555,50.9264058,-1.3827426
100060675556,50.9266768,-1.3829809
100060675557,50.9263248,-1.3827295
100060675558,50.926632,-1.3829958
100060675559,50.926289,-1.3827584
100060675560,50.9265875,-1.3830817
100060675561,50.9262354,-1.3828303
100060675562,50.9265429,-1.3831535
100060675563,50.9261817,-1.3828737
100060675564,50.9265071,-1.3831824
100060675565,50.9261459,-1.3829026
100060675566,50.9264349,-1.3831407
100060675567,50.926092,-1.3829175
100060675568,50.9263901,-1.3831697
100060675569,50.9260292,-1.3829468
100060675570,50.9263275,-1.3832417
100060675571,50.9259933,-1.3829615
100060675572,50.9263006,-1.3832563
100060675573,50.926229,-1.3833141
100060675574,50.9261931,-1.3833288
100060675575,50.9261303,-1.3833581
100060675576,50.9260944,-1.3833728
100060675577,50.9260675,-1.3833874
100060675578,50.9260226,-1.3834022
100060675579,50.9255272,-1.3832381
100060675580,50.9259871,-1.3834881
100060675581,50.9259513,-1.383517
100060675582,50.9254914,-1.3832812
100060675583,50.9259154,-1.3835317
100060675584,50.9254377,-1.3833246
100060675585,50.9258616,-1.3835609
100060675586,50.9258885,-1.3835463
100060675587,50.9253927,-1.3833252
100060675588,50.9257987,-1.3835759
100060675589,50.9257628,-1.3835906
100060675590,50.925718,-1.3836197
100060675591,50.9256376,-1.3837061
100060675592,50.9255748,-1.3837496
100060675593,50.9252783,-1.3837963
100060675594,50.9252783,-1.3837963
100060675755,50.9208118,-1.387725
100060675756,50.9207424,-1.3882097
100060675757,50.9207873,-1.3882091
100060675758,50.9208476,-1.3876961
100060675759,50.9208321,-1.3881658
100060675760,50.9208835,-1.3876814
100060675761,50.920859,-1.3881512
100060675762,50.9209193,-1.3876525
100060675763,50.9208948,-1.3881223
100060675764,50.9209551,-1.3876236
100060675765,50.9209847,-1.3881211
100060675766,50.920991,-1.3876089
100060675767,50.9210295,-1.3880921
100060675768,50.9210178,-1.3875801
100060675769,50.9210653,-1.3880632
100060675770,50.9210627,-1.3875652
100060675771,50.9211102,-1.3880483
100060675772,50.9211166,-1.3875503
100060675773,50.921164,-1.3880192
100060675774,50.9211614,-1.3875213
100060675775,50.9212088,-1.3879901
100060675776,50.9212151,-1.3874637
100060675777,50.921224,-1.3874493
100060675779,50.9212599,-1.3874488
100060675780,50.9212537,-1.3879611
100060675781,50.9212958,-1.3874341
100060675782,50.9213075,-1.3879319
100060675783,50.9213407,-1.3874193
100060675784,50.9213433,-1.387903
100060675785,50.9213674,-1.3873621
100060675786,50.9213881,-1.387874
100060675787,50.9214122,-1.387333
100060675788,50.9214122,-1.387333
100060675789,50.9214329,-1.3878449
100060675790,50.921502,-1.3873034
100060675791,50.921502,-1.3873034
100060675792,50.9214777,-1.3878159
100060675793,50.9215466,-1.3872459
100060675794,50.9215556,-1.3872458
100060675795,50.9215222,-1.3877299
100060675796,50.9215822,-1.3871601
100060675797,50.9215822,-1.3871601
100060675798,50.921612,-1.3877003
100060675799,50.921627,-1.387131
100060675800,50.921627,-1.387131
100060675801,50.9216989,-1.3871301
100060675802,50.9217729,-1.3875275
100060675803,50.9217729,-1.3875275
100060675804,50.9217707,-1.3871007
100060675805,50.9218178,-1.3875126
100060675807,50.9218626,-1.3874694
100060675808,50.9218062,-1.3870148
100060675809,50.9219075,-1.3874546
100060675810,50.9218511,-1.387
100060675811,50.9219882,-1.3874108
100060675812,50.9218959,-1.386971
100060675813,50.9220241,-1.3873961
100060675814,50.9221135,-1.3873096
100060675815,50.9221494,-1.3872949
100060675816,50.9221056,-1.3868901
100060675820,50.9221512,-1.386867
100060675821,50.9223019,-1.3872217
100060675822,50.9223467,-1.3871927
100060675823,50.9223916,-1.3871779
100060675824,50.9223624,-1.3867514
100060675825,50.9224454,-1.3871487
100060675826,50.9223893,-1.3867369
100060675827,50.9224723,-1.3871341
100060675828,50.922461,-1.3866932
100060675829,50.922517,-1.3870909
100060675830,50.9224879,-1.3866787
100060675831,50.9225529,-1.3870762
100060675832,50.9225598,-1.3866635
100060675833,50.9226155,-1.3870042
100060675834,50.9225867,-1.3866631
100060675835,50.9227591,-1.3869454
100060675836,50.9227143,-1.3869745
100060675837,50.9227143,-1.3869745
100060675838,50.9226493,-1.3865912
100060675839,50.9228396,-1.3868732
100060675840,50.922685,-1.386548
100060675841,50.9229025,-1.3868582
100060675842,50.9227569,-1.3865328
100060675843,50.9229384,-1.3868435
100060675844,50.9227838,-1.3865183
100060675845,50.9230282,-1.3868281
100060675846,50.9228464,-1.3864463
100060675847,50.9230638,-1.3867564
100060675848,50.9228913,-1.3864457
100060675849,50.9230794,-1.386301
100060675850,50.9234314,-1.3865382
100060675851,50.923133,-1.3862291
100060675852,50.9234672,-1.3865093
100060675853,50.9232138,-1.3862138
100060675854,50.923548,-1.3864797
100060675855,50.9232936,-1.3859994
100060675856,50.9232674,-1.386142
100060675857,50.9233378,-1.3858565
100060675858,50.9236198,-1.3864646
100060675859,50.9236198,-1.3864646
100060675860,50.9236646,-1.3864213
100060675861,50.9237093,-1.386378
100060675862,50.9237271,-1.3863351
100060675863,50.923754,-1.3863348
100060675864,50.9238167,-1.386277
100060675865,50.9239692,-1.3862039
100060675866,50.9240049,-1.3861607
100060675867,50.9238685,-1.385878
100060675868,50.923913,-1.385792
100060675869,50.9240295,-1.3857051
100060675870,50.9240836,-1.3857328
100060675871,50.9242829,-1.3860148
100060675872,50.9241284,-1.3857038
100060675873,50.9243098,-1.3860002
100060675874,50.9241643,-1.3856891
100060675875,50.9243546,-1.3859711
100060675876,50.9242,-1.3856459
100060675877,50.9243815,-1.3859423
100060675878,50.9242359,-1.3856312
100060675879,50.9244263,-1.3859133
100060675880,50.9244331,-1.3855006
100060675881,50.9244531,-1.3858845
100060675883,50.924507,-1.3858838
100060675884,50.924534,-1.3858834
100060675885,50.9244958,-1.3854571
100060675886,50.9246595,-1.3857964
100060675887,50.9245407,-1.3854565
100060675888,50.9246864,-1.3857818
100060675889,50.9246035,-1.385413
100060675890,50.9247491,-1.3857525
100060675891,50.9246837,-1.3852839
100060675892,50.9248029,-1.3857234
100060675893,50.9248185,-1.3852678
100060675894,50.9248656,-1.3856656
100060675895,50.9248544,-1.3852531
100060675896,50.9249016,-1.3856651
100060675897,50.922025,-1.3869289
100060675898,50.9222401,-1.3867927
100060675899,50.9222406,-1.3867936
100060677240,50.9265816,-1.3719264
100060677241,50.9266265,-1.3719116
100060677242,50.926608,-1.3718122
100060677243,50.9265712,-1.3716562
100060677244,50.926571,-1.3716135
100060677245,50.9265703,-1.3714997
100060677246,50.9265701,-1.371457
100060677247,50.9265784,-1.3713288
100060677248,50.9265784,-1.3713288
100060677249,50.9265782,-1.3712862
100060677250,50.9265322,-1.3711018
100060677251,50.9262094,-1.3712627
100060677252,50.9262098,-1.3713338
100060677253,50.9262193,-1.3714333
100060677254,50.9262197,-1.3715044
100060677255,50.9262204,-1.3716467
100060677256,50.9262208,-1.3717179
100060677257,50.9262038,-1.3719031
100060677258,50.9262222,-1.371974
100060677259,50.9263035,-1.372044
100060677260,50.9262949,-1.3721153
100060677261,50.9264318,-1.3724976
100060677262,50.9264318,-1.3724976
100060677263,50.9264318,-1.3724976
100060677264,50.9264318,-1.3724976
100060677724,50.9285655,-1.3863994
100060677725,50.9288253,-1.3862253
100060677726,50.9286016,-1.3864274
100060677727,50.9288253,-1.3862253
100060677728,50.9286468,-1.3864837
100060677729,50.9288253,-1.3862253
100060677730,50.928674,-1.3865119
100060677731,50.9288615,-1.3862675
100060677732,50.9287012,-1.3865684
100060677733,50.9288978,-1.3863239
100060677734,50.9287195,-1.3866251
100060677735,50.9289341,-1.3863946
100060677736,50.928685,-1.3868959
100060677737,50.9289792,-1.3864082
100060677738,50.9287654,-1.3867952
100060677739,50.9290154,-1.3864647
100060677740,50.9288195,-1.386823
100060677741,50.9290516,-1.3864926
100060677742,50.9289367,-1.3868784
100060677743,50.9290966,-1.3865063
100060677744,50.9289547,-1.3868924
100060677745,50.9291505,-1.3864913
100060677746,50.9290448,-1.3869196
100060677747,50.9292046,-1.3865333
100060677748,50.9291078,-1.386933
100060677749,50.9291078,-1.386933
100060677750,50.9292768,-1.3865751
100060677751,50.9291891,-1.3869889
100060677752,50.9293037,-1.3865605
100060677753,50.9292432,-1.3870309
100060677754,50.9293848,-1.3865879
100060677755,50.9293242,-1.3870298
100060677756,50.9294298,-1.3866015
100060677757,50.9293603,-1.3870578
100060677758,50.9294749,-1.3866294
100060677759,50.9294594,-1.3870992
100060677760,50.92952,-1.386643
100060677761,50.9295045,-1.3871128
100060677762,50.9295651,-1.3866709
100060677763,50.9296036,-1.3871542
100060677764,50.92961,-1.3866703
100060677765,50.9296486,-1.3871678
100060677766,50.9296551,-1.3866839
100060677767,50.9297566,-1.3871806
100060677768,50.9296911,-1.3866977
100060677769,50.9298017,-1.3871943
100060677770,50.9297542,-1.3867253
100060677771,50.9298916,-1.3872073
100060677772,50.9297903,-1.3867391
100060677773,50.9299457,-1.3872208
100060677774,50.9298261,-1.3867244
100060677775,50.9300448,-1.3872622
100060677776,50.9298712,-1.386738
100060677777,50.9300809,-1.387276
100060677778,50.9299162,-1.3867516
100060677779,50.9299612,-1.386751
100060677780,50.9299612,-1.386751
100060677900,50.9267506,-1.3749264
100060677901,50.926841,-1.3750106
100060677902,50.9268859,-1.3749958
100060677903,50.9269577,-1.3749663
100060677904,50.9269933,-1.3748947
100060677905,50.9270743,-1.3749221
100060677906,50.927137,-1.3748643
100060677907,50.9271818,-1.3748353
100060677908,50.9272624,-1.3747773
100060677909,50.9273369,-1.3752458
100060677910,50.9273073,-1.3747624
100060677911,50.9273907,-1.3752167
100060677912,50.9274418,-1.3746895
100060677913,50.9274418,-1.3746895
100060677914,50.9274418,-1.3746895
100060677915,50.9274418,-1.3746895
100060677916,50.9274445,-1.3752017
100060677917,50.9275333,-1.3746693
100060677918,50.9274804,-1.3751728
100060677919,50.927522,-1.3745604
100060677920,50.9275704,-1.3752
100060677921,50.9275704,-1.3752
100060677922,50.9276028,-1.3745308
100060677923,50.9276297,-1.3745162
100060677924,50.9276869,-1.3751273
100060677925,50.9277013,-1.3744441
100060677926,50.9277049,-1.3751128
100060677927,50.9277372,-1.3744436
100060677928,50.9277855,-1.3750548
100060677929,50.9278214,-1.3750401
100060677930,50.927845,-1.3744137
100060677931,50.9279021,-1.3750106
100060677932,50.9279257,-1.3743699
100060677933,50.927929,-1.374996
100060677934,50.9279616,-1.3743552
100060677935,50.9280097,-1.3749522
100060677936,50.9280425,-1.3743541
100060677937,50.9280456,-1.3749375
100060677938,50.9280694,-1.3743396
100060677939,50.9281264,-1.374908
100060677940,50.928141,-1.3742817
100060677941,50.9281442,-1.374865
100060677942,50.9281679,-1.3742671
100060677943,50.9282249,-1.3748355
100060677944,50.9282395,-1.374195
100060677945,50.9282518,-1.3748067
100060677946,50.9282518,-1.3748067
100060677947,50.9282848,-1.3742655
100060677948,50.9283242,-1.3747606
100060677949,50.9283478,-1.3742647
100060677950,50.9283836,-1.3742357
100060677951,50.9287806,-1.3744865
100060677952,50.9284464,-1.3742064
100060677953,50.928482,-1.374149
100060677954,50.9286435,-1.3740757
100060677955,50.9286435,-1.3740757
100060677956,50.928978,-1.3744127
100060677957,50.9286884,-1.3740609
100060677958,50.9290855,-1.3743757
100060677959,50.9291752,-1.374282
100060677960,50.9287601,-1.3740172
100060677961,50.9292557,-1.3742098
100060677962,50.9288228,-1.3739737
100060677963,50.9293096,-1.3741948
100060677964,50.9289125,-1.3739298
100060677965,50.9293815,-1.3741796
100060677966,50.9290023,-1.3739001
100060677967,50.9294532,-1.374136
100060677968,50.9290736,-1.3737853
100060677969,50.9290736,-1.3737853
100060677970,50.9295339,-1.3741064
100060677971,50.9296146,-1.3740627
100060677972,50.9291545,-1.3737842
100060677973,50.9297224,-1.3740327
100060677974,50.9292443,-1.3737546
100060677975,50.929803,-1.3739747
100060677976,50.9293161,-1.3737394
100060677977,50.9298657,-1.3739312
100060677978,50.9293697,-1.3736675
100060677979,50.9299554,-1.3738873
100060677980,50.9294327,-1.3736809
100060677981,50.9300449,-1.3738007
100060677982,50.9294775,-1.3736376
100060677983,50.9301343,-1.3736999
100060677984,50.9295312,-1.3735942
100060677985,50.9302058,-1.3736278
100060677986,50.929585,-1.373565
100060677987,50.9302773,-1.3735415
100060677988,50.9296479,-1.3735499
100060677989,50.9302947,-1.3734274
100060677990,50.9297106,-1.3735064
100060677991,50.9303304,-1.3733842
100060677992,50.9297822,-1.3734485
100060677993,50.9303749,-1.3732982
100060677994,50.929836,-1.3734193
100060677995,50.9303926,-1.3732411
100060677996,50.9303926,-1.3732411
100060677997,50.92989,-1.3734328
100060677998,50.9304372,-1.3731693
100060677999,50.9299436,-1.373361
100060678000,50.9304729,-1.3731262
100060678001,50.9299704,-1.3733179
100060678002,50.9300241,-1.3732745
100060678003,50.9300418,-1.3732173
100060678004,50.9300863,-1.3731314
100060678005,50.9301311,-1.3731165
100060678006,50.9301665,-1.3730022
100060678007,50.9301932,-1.3729449
100060678008,50.9302198,-1.3728876
100060678009,50.9302643,-1.3727874
100060678010,50.9302819,-1.3727303
100060678203,50.9386911,-1.3846862
100060678204,50.9386887,-1.3842308
100060678205,50.9387451,-1.3846855
100060678206,50.9387337,-1.3842302
100060678207,50.938826,-1.3846844
100060678208,50.939345,-1.3842079
100060678209,50.93888,-1.384698
100060678210,50.9393899,-1.3841931
100060678211,50.9393202,-1.384621
100060678212,50.9394528,-1.384178
100060678213,50.9393561,-1.3846063
100060678214,50.9395067,-1.3841631
100060678215,50.939428,-1.3845911
100060678216,50.9395874,-1.3841335
100060678217,50.9394729,-1.3845763
100060678218,50.9395629,-1.3845893
100060678242,50.9171628,-1.374614
100060678243,50.9174638,-1.3754066
100060678244,50.9171176,-1.3745719
100060678245,50.9174188,-1.3754072
100060678246,50.9164932,-1.3738406
100060678247,50.9173557,-1.3753796
100060678248,50.9163122,-1.3736296
100060678249,50.9173016,-1.3753519
100060678250,50.9162218,-1.3735455
100060678251,50.9172475,-1.3753099
100060678252,50.9161765,-1.3734749
100060678253,50.9161221,-1.3734045
100060678254,50.9170579,-1.3751844
100060678255,50.9160499,-1.3733486
100060678256,50.9170035,-1.3750998
100060678257,50.9159683,-1.3732217
100060678258,50.9169044,-1.3750585
100060678259,50.915923,-1.3731654
100060678260,50.9168498,-1.3749454
100060678261,50.9158323,-1.3730243
100060678262,50.9167774,-1.374861
100060678263,50.9157782,-1.3729966
100060678264,50.9167141,-1.3747907
100060678265,50.9157146,-1.3728694
100060678266,50.9166508,-1.3747204
100060678267,50.9156424,-1.3728135
100060678268,50.9165964,-1.37465
100060678269,50.9155968,-1.3727003
100060678270,50.916488,-1.3745519
100060678271,50.9155156,-1.3726445
100060678272,50.9164247,-1.3744816
100060678273,50.9154432,-1.3725744
100060678274,50.9163524,-1.3744115
100060678275,50.9153619,-1.3724901
100060678276,50.916289,-1.374327
100060678277,50.9153164,-1.3724054
100060678278,50.9162437,-1.3742707
100060678279,50.9152532,-1.3723493
100060678280,50.9161711,-1.3741578
100060678281,50.9152079,-1.372293
100060678282,50.9160991,-1.3741304
100060678283,50.9148908,-1.3718421
100060678284,50.9160266,-1.3740317
100060678285,50.9148275,-1.371786
100060678286,50.9159721,-1.3739329
100060678287,50.9147464,-1.3717444
100060678288,50.9159087,-1.3738484
100060678289,50.9146471,-1.3716889
100060678290,50.9158539,-1.3736927
100060678291,50.914602,-1.3716468
100060678292,50.9157816,-1.3736225
100060678293,50.9145117,-1.3715769
100060678294,50.9157001,-1.3735098
100060678295,50.9144755,-1.3715347
100060678296,50.9155556,-1.3734121
100060678297,50.9143852,-1.3714648
100060678298,50.9143399,-1.3714085
100060678299,50.915456,-1.3732712
100060678300,50.9142675,-1.3713241
100060678301,50.9153657,-1.3732013
100060678302,50.9142221,-1.3712536
100060678303,50.9153203,-1.3731166
100060678304,50.9141677,-1.3711548
100060678305,50.9152569,-1.3730463
100060678306,50.9140951,-1.371042
100060678307,50.9151935,-1.3729476
100060678308,50.9140498,-1.3709715
100060678309,50.9151301,-1.3728773
100060678310,50.9139861,-1.3708443
100060678311,50.9151025,-1.3727496
100060678312,50.9139318,-1.3707739
100060678313,50.9150124,-1.3727224
100060678314,50.9138772,-1.3706466
100060678315,50.9149484,-1.3725241
100060678316,50.9138409,-1.3705902
100060678317,50.9148583,-1.3724969
100060678318,50.9137863,-1.3704771
100060678319,50.914795,-1.3724266
100060678320,50.913714,-1.370407
100060678321,50.9147405,-1.3723278
100060678322,50.9136684,-1.3702796
100060678323,50.9146772,-1.3722717
100060678324,50.913605,-1.3701951
100060678325,50.914587,-1.372216
100060678326,50.9135415,-1.3700964
100060678327,50.9145508,-1.3721738
100060678328,50.913469,-1.3699978
100060678329,50.9144696,-1.372118
100060678330,50.9133964,-1.3698707
100060678331,50.9144064,-1.3720762
100060678332,50.9133422,-1.3698288
100060678333,50.9143431,-1.3720059
100060678334,50.9132337,-1.3697165
100060678335,50.9142618,-1.3719359
100060678336,50.9131887,-1.3697028
100060678337,50.9141712,-1.3718091
100060678338,50.9130802,-1.3696047
100060678339,50.914099,-1.3717674
100060678340,50.9130351,-1.3695769
100060678341,50.9140083,-1.3716264
100060678342,50.9129628,-1.3695068
100060678343,50.913963,-1.3715558
100060678344,50.9128636,-1.3694654
100060678345,50.9138994,-1.3714429
100060678346,50.9127826,-1.3694381
100060678347,50.9138542,-1.3713866
100060678348,50.9127014,-1.3693965
100060678349,50.9137996,-1.3712736
100060678350,50.9126204,-1.3693834
100060678351,50.9137543,-1.3712173
100060678352,50.9125302,-1.3693277
100060678353,50.9137088,-1.3711183
100060678354,50.9122689,-1.3692316
100060678355,50.9136542,-1.370991
100060678356,50.9121787,-1.3691902
100060678357,50.9135907,-1.3708923
100060678358,50.9121155,-1.3691484
100060678359,50.9135362,-1.3707792
100060678360,50.9120254,-1.3691069
100060678361,50.9134727,-1.3706805
100060678362,50.9119713,-1.3690792
100060678363,50.9134003,-1.3705961
100060678364,50.9118992,-1.3690517
100060678365,50.9133637,-1.3704828
100060678366,50.911827,-1.3689958
100060678367,50.9132822,-1.3703844
100060678368,50.9117188,-1.3689546
100060678369,50.9132188,-1.3702856
100060678370,50.9116736,-1.3689125
100060678371,50.9131374,-1.3702014
100060678372,50.9116012,-1.3688282
100060678373,50.9130651,-1.3701313
100060678374,50.9115109,-1.3687583
100060678375,50.9129748,-1.3700756
100060678376,50.9114294,-1.3686456
100060678377,50.9113572,-1.3686039
100060678378,50.9127855,-1.3699786
100060678379,50.9113115,-1.3684623
100060678380,50.9127042,-1.3699228
100060678381,50.9111297,-1.3680949
100060678382,50.911175,-1.3681654
100060678383,50.9126232,-1.3699096
100060678384,50.9110661,-1.367982
100060678385,50.9125511,-1.3698679
100060678386,50.9110295,-1.3678687
100060678387,50.9124789,-1.3698262
100060678388,50.910984,-1.3677555
100060678389,50.9123977,-1.3697847
100060678390,50.9109474,-1.3676422
100060678391,50.9123077,-1.3697574
100060678392,50.9109018,-1.367529
100060678393,50.9122175,-1.3697017
100060678394,50.9121273,-1.3696603
100060678395,50.9120461,-1.3696187
100060678396,50.9119561,-1.3696057
100060678397,50.9118751,-1.3695783
100060678398,50.9117848,-1.3695227
100060678399,50.9117397,-1.3694948
100060678400,50.9116316,-1.3694536
100060678401,50.9115774,-1.3694117
100060678402,50.9114962,-1.3693559
100060678403,50.9114329,-1.3692998
100060678404,50.9113515,-1.3692156
100060678405,50.9113062,-1.3691451
100060678406,50.9112159,-1.3690752
100060678407,50.9111706,-1.3690189
100060678408,50.9110983,-1.3689488
100060678409,50.9108982,-1.3685247
100060678410,50.9108077,-1.3684264
100060678411,50.9107976,-1.3682132
100060678412,50.9107157,-1.3680436
100060678413,50.9106788,-1.3678734
100060678555,50.910536,-1.3899792
100060678556,50.9105177,-1.3899226
100060678557,50.9104995,-1.3898801
100060678558,50.9104901,-1.3898092
100060678743,50.9253162,-1.3640751
100060678744,50.9252447,-1.3641473
100060678745,50.9255432,-1.3644704
100060678746,50.9252092,-1.3642473
100060678747,50.9255254,-1.3645134
100060678748,50.925156,-1.3643761
100060678749,50.9254541,-1.3646282
100060678750,50.9250934,-1.3644481
100060678751,50.9254274,-1.3646854
100060678752,50.9250491,-1.3645626
100060678753,50.9253652,-1.3648144
100060678754,50.9250047,-1.364677
100060678755,50.9253295,-1.3648718
100060678756,50.9249602,-1.3647487
100060678757,50.9252671,-1.3649722
100060678758,50.9249161,-1.3649201
100060678759,50.9252321,-1.3651434
100060678760,50.9248629,-1.3650489
100060678761,50.9251968,-1.365272
100060678762,50.9248275,-1.3651632
100060678763,50.9251617,-1.365429
100060678764,50.9248012,-1.3652774
100060678765,50.9250905,-1.3655722
100060678766,50.9247566,-1.3653491
100060678767,50.9250372,-1.3656868
100060678768,50.9249928,-1.365787
100060678769,50.9246943,-1.365478
100060678770,50.9246228,-1.3655501
100060678771,50.9246054,-1.36565
100060678772,50.9249393,-1.3658731
100060678773,50.9245519,-1.3657361
100060678774,50.9249038,-1.3659589
100060678775,50.9244895,-1.3658365
100060678776,50.9248775,-1.3660873
100060678777,50.924445,-1.3659367
100060678778,50.9247879,-1.3661455
100060678779,50.9244095,-1.3660084
100060678780,50.9247434,-1.3662315
100060678781,50.924338,-1.3660947
100060678782,50.9247442,-1.3663737
100060678783,50.9242665,-1.366181
100060678784,50.9246817,-1.3664599
100060678785,50.9242401,-1.3662952
100060678786,50.9246191,-1.3665319
100060678787,50.9241777,-1.3663957
100060678788,50.9245656,-1.3666038
100060678789,50.9241332,-1.3664816
100060678790,50.9245031,-1.36669
100060678791,50.9240659,-1.367322
100060678792,50.9244676,-1.3667759
100060678793,50.9240662,-1.3673932
100060678794,50.9243975,-1.3671183
100060678795,50.9240671,-1.3675497
100060678796,50.924407,-1.3672178
100060678797,50.9240675,-1.3676208
100060678798,50.9243988,-1.3673602
100060678799,50.9244175,-1.3675022
100060679313,50.9251145,-1.361716
100060679314,50.9251679,-1.3616157
100060679315,50.9252123,-1.3615154
100060679316,50.9252744,-1.3613581
100060679317,50.9251839,-1.3612455
100060679318,50.9251833,-1.3611317
100060679319,50.9251821,-1.3609183
100060679320,50.9252537,-1.3608461
100060679321,50.9253343,-1.3607881
100060679322,50.9254421,-1.3607724
100060679323,50.9255233,-1.3608282
100060679324,50.9255514,-1.361027
100060679325,50.9256239,-1.3611256
100060679326,50.9256427,-1.3612819
100060679327,50.9256077,-1.3614531
100060679328,50.9255633,-1.3615533
100060679329,50.9255188,-1.3616535
100060679330,50.9254744,-1.3617395
100060679331,50.925421,-1.3618541
100060679332,50.9253766,-1.3619543
100060679333,50.9253323,-1.3620687
100060680216,50.9377838,-1.3899926
100060680217,50.9377476,-1.3899504
100060680218,50.9376929,-1.3898088
100060680219,50.9376657,-1.3897522
100060680220,50.9376293,-1.3896815
100060680221,50.9376021,-1.3896392
100060680222,50.9375659,-1.389597
100060680223,50.9375296,-1.3895263
100060680224,50.9375024,-1.3894839
100060680225,50.9374388,-1.3893709
100060680226,50.9374116,-1.3893143
100060680227,50.9373753,-1.3892579
100060680228,50.937357,-1.3892012
100060680229,50.9373118,-1.3891449
100060680230,50.9372667,-1.389117
100060680231,50.9372303,-1.3890463
100060680232,50.9372121,-1.3890039
100060680233,50.9375349,-1.3888288
100060680234,50.9375713,-1.3888995
100060680235,50.9376075,-1.3889417
100060680236,50.9376438,-1.3890124
100060680237,50.9376621,-1.3890691
100060680238,50.9377708,-1.3892242
100060680239,50.9378157,-1.3892094
100060680240,50.9378513,-1.3891378
100060680241,50.937878,-1.3890805
100060680242,50.9379137,-1.3890373
100060680243,50.9379403,-1.3889658
100060680244,50.9380572,-1.3889643
100060680245,50.9380934,-1.3890065
100060680246,50.9381297,-1.389063
100060680247,50.9381659,-1.3891052
100060680248,50.9381931,-1.3891475
100060680249,50.9381851,-1.3893469
100060680250,50.9381496,-1.3894328
100060680251,50.9381138,-1.3894759
100060680252,50.9380781,-1.3895191
100060680253,50.9380424,-1.3895765
100060680254,50.9380247,-1.3896336
100060680255,50.9381514,-1.3897885
100060680256,50.9381786,-1.3898309
100060680418,50.9175481,-1.3710096
100060680419,50.9179357,-1.3711894
100060680420,50.9176193,-1.3708806
100060680421,50.9179667,-1.37025
100060680422,50.9176542,-1.3706668
100060680423,50.9179732,-1.3697947
100060680424,50.9176535,-1.3705388
100060680425,50.9179446,-1.3694963
100060680426,50.9176343,-1.3703256
100060680427,50.9176336,-1.3701834
100060680428,50.9176274,-1.3690454
100060680429,50.9176179,-1.3689459
100060680430,50.9176528,-1.3687463
100060680431,50.9176524,-1.3686752
100060680518,50.9218401,-1.3681348
100060680519,50.9218306,-1.3680495
100060680520,50.9218209,-1.3679216
100060680521,50.9218204,-1.367822
100060680522,50.9218197,-1.367694
100060680523,50.9218102,-1.3676087
100060680524,50.9217916,-1.3674952
100060680525,50.9217912,-1.3674098
100060680526,50.9216016,-1.3672701
100060680527,50.9215386,-1.3672567
100060680528,50.9214665,-1.3672293
100060680529,50.9214213,-1.3671872
100060680530,50.9213491,-1.3671455
100060680531,50.921304,-1.3671177
100060680532,50.921232,-1.3671044
100060680533,50.921178,-1.3670909
100060680534,50.9211059,-1.3670634
100060680535,50.9210519,-1.3670642
100060680536,50.9208996,-1.3671658
100060680537,50.920918,-1.3672367
100060680538,50.9209546,-1.3673643
100060680539,50.9209641,-1.3674495
100060680540,50.9211095,-1.3677321
100060680541,50.9211724,-1.367717
100060680542,50.9212262,-1.367702
100060680543,50.9212981,-1.3676868
100060680544,50.921352,-1.3676719
100060680545,50.9215318,-1.3676694
100060680546,50.9215414,-1.3677831
100060680547,50.921533,-1.3678828
100060680548,50.9215614,-1.3681528
100060680549,50.9214985,-1.3681678
100060680550,50.9214447,-1.3681828
100060680551,50.9213634,-1.368127
100060680552,50.9213005,-1.3681278
100060680553,50.9212285,-1.3681288
100060680554,50.9211123,-1.3682584
100060680555,50.9211131,-1.3684007
100060680556,50.9211136,-1.368486
100060680557,50.9215725,-1.368551
100060680558,50.9215729,-1.3686221
100060680734,50.9214609,-1.389751
100060680735,50.9214609,-1.389751
100060680736,50.9215866,-1.3897209
100060680743,50.921955,-1.3896592
100060680744,50.9219549,-1.3896449
100060680745,50.922018,-1.3896584
100060680747,50.9221168,-1.3896428
100060680752,50.9227006,-1.3895071
100060680758,50.9234943,-1.389952
100060680759,50.9235302,-1.3899373
100060680760,50.9230693,-1.3895023
100060680761,50.9236377,-1.3898648
100060680762,50.9231232,-1.3894874
100060680763,50.9237005,-1.3898355
100060680764,50.9232489,-1.3894573
100060680765,50.9237905,-1.3898486
100060680766,50.9233296,-1.3894135
100060680767,50.9234376,-1.3894264
100060680768,50.9235272,-1.3893683
100060680770,50.9240957,-1.389745
100060680771,50.92359,-1.389339
100060680772,50.924194,-1.3896299
100060680773,50.9237604,-1.3892514
100060680775,50.9237604,-1.3892514
100060680776,50.9245172,-1.3895118
100060680777,50.9238772,-1.3892356
100060680778,50.9245801,-1.389511
100060680779,50.9239399,-1.3891779
100060680780,50.9247059,-1.3894809
100060680781,50.9240207,-1.3891626
100060680782,50.9249034,-1.3894214
100060680783,50.9240745,-1.3891334
100060680784,50.9250022,-1.3894059
100060680785,50.9241554,-1.3891182
100060680786,50.9251637,-1.3893326
100060680787,50.9242719,-1.3890455
100060680788,50.9252715,-1.3893027
100060680789,50.9244424,-1.3889721
100060680790,50.9245053,-1.3889571
100060680791,50.924577,-1.3889134
100060680792,50.9246847,-1.3888836
100060680793,50.924954,-1.3887947
100060680794,50.9251426,-1.3887353
100060680795,50.9256535,-1.3884156
100060680796,50.9255727,-1.3884451
100060680797,50.9258149,-1.3883281
100060680798,50.9257341,-1.3883576
100060680799,50.9259138,-1.3883268
100060680800,50.9260215,-1.3882827
100060680801,50.9261201,-1.3882245
100060680802,50.926156,-1.3882098
100060680803,50.9262095,-1.3881237
100060680804,50.9262542,-1.3880804
100060680805,50.9261168,-1.3875984
100060680806,50.9263615,-1.3879509
100060680807,50.9263615,-1.3879509
100060680808,50.9264788,-1.3880348
100060680809,50.9265236,-1.3880057
100060680810,50.9265858,-1.3878626
100060680811,50.9266218,-1.3878622
100060680812,50.9267295,-1.3878323
100060680814,50.9268368,-1.3877028
100060680815,50.9268818,-1.3877164
100060680816,50.9270966,-1.3875144
100060680817,50.9271235,-1.3875141
100060680818,50.9272675,-1.3875264
100060680819,50.9225927,-1.3895086
100060680820,50.9229253,-1.3894757
100060681027,50.9344972,-1.3623272
100060681028,50.934569,-1.3622978
100060681029,50.9346495,-1.3622255
100060681030,50.9347032,-1.3621678
100060681031,50.9347839,-1.3621383
100060681032,50.9348556,-1.3620946
100060681033,50.9349542,-1.3620363
100060681034,50.935017,-1.3619928
100060681035,50.9350887,-1.3619633
100060681036,50.9351515,-1.361934
100060681037,50.935214,-1.3618477
100060681038,50.9352948,-1.3618182
100060681039,50.9354021,-1.3617028
100060681040,50.9354463,-1.3615742
100060681041,50.9355176,-1.3614593
100060681042,50.9354986,-1.3612603
100060681043,50.9354169,-1.3611191
100060681044,50.9353355,-1.3610491
100060681045,50.9352094,-1.3610081
100060681046,50.9351197,-1.3610521
100060681047,50.9350031,-1.3610964
100060681048,50.9349505,-1.3613532
100060681049,50.9349058,-1.3613966
100060681050,50.9348256,-1.3615257
100060681051,50.9347543,-1.3616548
100060681052,50.9347006,-1.3616982
100060681053,50.9346112,-1.3617848
100060681054,50.9345394,-1.3618143
100060681055,50.9344498,-1.3618867
100060681056,50.934405,-1.3619015
100060681057,50.9342792,-1.3619317
100060681058,50.9341804,-1.3619473
100060681059,50.9341086,-1.3619767
100060681060,50.9340099,-1.3620208
100060681061,50.9339381,-1.3620502
100060681481,50.9107979,-1.360006
100060681482,50.9104477,-1.3600961
100060681483,50.9105022,-1.3601949
100060681484,50.9105565,-1.3602653
100060681485,50.9106022,-1.3603927
100060681486,50.9106563,-1.3604346
100060681487,50.9107734,-1.3604615
100060681488,50.9108272,-1.3604323
100060681489,50.9109258,-1.360374
100060681490,50.9110063,-1.3603018
100060681491,50.911087,-1.360258
100060681509,50.9176972,-1.382047
100060681667,50.9156331,-1.366085
100060681668,50.9154675,-1.3654044
100060681669,50.9153043,-1.3651506
100060681670,50.9152859,-1.3650797
100060681671,50.9152312,-1.3649524
100060681672,50.915204,-1.3648959
100060681673,50.9151675,-1.3647968
100060681674,50.9151402,-1.3647403
100060681675,50.9150947,-1.3646413
100060681676,50.9150492,-1.3645424
100060681677,50.9149948,-1.3644578
100060681678,50.9149672,-1.3643586
100060681679,50.9149397,-1.3642594
100060681680,50.9148944,-1.3641889
100060681681,50.9148489,-1.3641041
100060681682,50.9148125,-1.3640193
100060681683,50.9147672,-1.363963
100060681684,50.9147486,-1.3638352
100060681685,50.9147122,-1.3637646
100060681686,50.9146756,-1.3636513
100060681687,50.9146483,-1.3635948
100060681688,50.9146782,-1.3608205
100060681689,50.9146206,-1.3634529
100060681690,50.9146779,-1.3607778
100060681691,50.9145932,-1.3633821
100060681692,50.9146775,-1.3607067
100060681693,50.9145386,-1.3632549
100060681694,50.9146771,-1.3606213
100060681695,50.9145113,-1.3631983
100060681696,50.9146766,-1.360536
100060681697,50.9146771,-1.3604926
100060681698,50.9146759,-1.360408
100060681699,50.9147114,-1.3603221
100060681700,50.9143054,-1.3617217
100060681701,50.9142784,-1.3617221
100060681702,50.9146751,-1.3602515
100060681703,50.9146746,-1.3601661
100060681705,50.914294,-1.3612809
100060681841,50.9125554,-1.3656859
100060681842,50.9129073,-1.3659087
100060681843,50.9125849,-1.3661407
100060681844,50.9129534,-1.3661072
100060681845,50.9129534,-1.3661072
100060681846,50.9126215,-1.3662539
100060681847,50.9129728,-1.366363
100060681848,50.9126401,-1.3663817
100060681849,50.9130183,-1.3664619
100060681850,50.9126497,-1.3664812
100060681851,50.9130371,-1.3666181
100060681852,50.9126863,-1.3666087
100060681853,50.913047,-1.3667887
100060681854,50.912678,-1.3667368
100060681855,50.9130658,-1.3669449
100060681856,50.9127057,-1.3668645
100060681857,50.9130757,-1.3671013
100060681858,50.9127244,-1.3669922
100060681859,50.9130945,-1.3672575
100060681860,50.912743,-1.3671058
100060681861,50.9131585,-1.3674558
100060681862,50.9128533,-1.3675452
100060681863,50.9132135,-1.3676399
100060681864,50.9129016,-1.3681705
100060681865,50.9130086,-1.3679983
100060681866,50.9132775,-1.3678382
100060681867,50.9127674,-1.3683003
100060681868,50.9133321,-1.3679513
100060681869,50.9126777,-1.36833
100060681870,50.9133867,-1.3680785
100060681871,50.9126332,-1.3684159
100060681872,50.9134057,-1.3682632
100060681873,50.9125163,-1.3684317
100060681874,50.9134875,-1.3684328
100060681875,50.9124897,-1.368489
100060681876,50.913526,-1.3688875
100060681877,50.9124004,-1.368604
100060681878,50.9133643,-1.3689181
100060681879,50.9123648,-1.3686756
100060681880,50.9131834,-1.3687214
100060681881,50.9122934,-1.3687761
100060681882,50.9131024,-1.3687083
100060681883,50.9130217,-1.368752
100060681884,50.912941,-1.3687958
100060681885,50.9128424,-1.368854
100060681886,50.9127885,-1.368869
100060681887,50.9126719,-1.3689275
100060681950,50.9104504,-1.3622439
100060681951,50.9104418,-1.3623151
100060681952,50.9104153,-1.3624008
100060681954,50.9103707,-1.3624583
100060681956,50.9103444,-1.3625867
100060681958,50.9103268,-1.362658
100060681960,50.9103182,-1.3627293
100060681962,50.9103096,-1.3628005
100060681964,50.9102833,-1.3629289
100060681966,50.9101513,-1.363457
100060681968,50.910098,-1.3635857
100060681970,50.9100893,-1.3636427
100060681972,50.9100718,-1.3637283
100060681974,50.9100542,-1.3637997
100060681976,50.9100101,-1.3639567
100060682533,50.9398361,-1.3886563
100060682534,50.9398863,-1.3862361
100060682535,50.9397452,-1.3884725
100060682536,50.9398858,-1.3861364
100060682537,50.939709,-1.3884303
100060682538,50.9398853,-1.3860368
100060682539,50.9396723,-1.3882742
100060682540,50.9398849,-1.3859656
100060682541,50.9396358,-1.3881893
100060682542,50.9398844,-1.385866
100060682543,50.9396171,-1.3880472
100060682544,50.939875,-1.385795
100060682545,50.9396166,-1.3879476
100060682546,50.9398834,-1.385681
100060682547,50.9396069,-1.3878196
100060682548,50.939883,-1.3855956
100060682549,50.9395975,-1.3877343
100060682550,50.9398734,-1.3854819
100060682551,50.9395969,-1.3876205
100060682552,50.9398731,-1.385425
100060682553,50.9395964,-1.3875351
100060682554,50.9398727,-1.3853538
100060682555,50.9395958,-1.3874212
100060682556,50.9398722,-1.3852684
100060682557,50.9395955,-1.3873501
100060682558,50.9398717,-1.3851688
100060682559,50.9395858,-1.3872221
100060682560,50.9398713,-1.3850976
100060682561,50.9395943,-1.3871366
100060682562,50.939862,-1.3850266
100060682563,50.9396027,-1.3870226
100060682564,50.9398617,-1.3849696
100060682565,50.9395931,-1.3868946
100060682566,50.9398608,-1.3848131
100060682567,50.9396105,-1.3867948
100060682568,50.9398694,-1.3847418
100060682569,50.9396101,-1.3867236
100060682570,50.9398689,-1.3846422
100060682571,50.9396185,-1.3865954
100060682572,50.9398595,-1.3845569
100060682573,50.9398589,-1.3844431
100060682574,50.9396263,-1.3863818
100060682575,50.9398495,-1.384372
100060682576,50.939626,-1.3863249
100060682577,50.9398668,-1.3842437
100060682578,50.9396253,-1.3861968
100060682579,50.9398754,-1.3841724
100060682580,50.9396249,-1.3861114
100060682581,50.9399199,-1.3840722
100060682582,50.9396152,-1.3859834
100060682583,50.9399195,-1.384001
100060682584,50.939615,-1.3859407
100060682585,50.9399638,-1.3838724
100060682586,50.9396145,-1.3858553
100060682587,50.9399815,-1.3838294
100060682588,50.9396052,-1.3857843
100060682590,50.9396046,-1.3856847
100060682592,50.9396133,-1.3856134
100060682594,50.9396037,-1.3855139
100060682596,50.9395944,-1.3854429
100060682598,50.939603,-1.3853716
100060682600,50.9395935,-1.3852863
100060682602,50.9395931,-1.3852009
100060682604,50.9396016,-1.3851154
100060682606,50.9396011,-1.3850158
100060682608,50.9395917,-1.3849305
100060682610,50.9395914,-1.3848878
100060682612,50.9395911,-1.3848167
100060682613,50.9395813,-1.3846745
100060682614,50.9396231,-1.3840761
100060682615,50.9396764,-1.3839473
100060682616,50.9396761,-1.3838904
100060682617,50.9396935,-1.3837763
100060682618,50.9397111,-1.3837191
100060682619,50.9397374,-1.3835765
100060682620,50.9397461,-1.3835336
100060682621,50.9397458,-1.3834625
100060682622,50.9397724,-1.3834052
100060682623,50.9398167,-1.3832765
100060682624,50.9398254,-1.3832195
100060682625,50.9398788,-1.3831191
100060682626,50.9398965,-1.383062
100060682627,50.939923,-1.382962
100060682628,50.9399406,-1.3828906
100060682629,50.9399848,-1.3827619
100060682721,50.9249825,-1.3738973
100060682722,50.9249821,-1.3738261
100060682723,50.9249901,-1.3736411
100060682724,50.9250077,-1.3735555
100060682725,50.9252629,-1.374019
100060682726,50.9252659,-1.3740237
100060682727,50.9250427,-1.3733842
100060682728,50.9252795,-1.373936
100060682729,50.9250515,-1.3733414
100060682730,50.9253416,-1.3737786
100060682731,50.9253413,-1.3737217
100060682732,50.925122,-1.3730702
100060682733,50.9253766,-1.3736074
100060682734,50.9251306,-1.3729989
100060682735,50.9253763,-1.3735505
100060682736,50.9251659,-1.3728704
100060682737,50.9254208,-1.3734503
100060682738,50.9251835,-1.372799
100060682739,50.9253484,-1.3733659
100060682740,50.9252005,-1.372628
100060682741,50.9255394,-1.3724665
100060682742,50.9252536,-1.3724708
100060682744,50.9255877,-1.3723341
100060682745,50.9252801,-1.3723708
100060682746,50.9255814,-1.3722707
100060682747,50.9252975,-1.372271
100060682748,50.9255958,-1.3721623
100060682749,50.9253061,-1.3721855
100060682750,50.9256103,-1.3721033
100060682751,50.9251972,-1.372002
100060682752,50.9256081,-1.3719857
100060682753,50.9252324,-1.3718593
100060682754,50.9256108,-1.371915
100060682755,50.925625,-1.3717948
100060682756,50.9252673,-1.3716738
100060682757,50.9256217,-1.3717242
100060682758,50.9252761,-1.371631
100060682759,50.92563,-1.371616
100060682760,50.9252753,-1.3714745
100060682761,50.9256281,-1.3715454
100060682762,50.9252837,-1.3713748
100060682763,50.9256335,-1.3714394
100060682764,50.9253012,-1.3712892
100060682765,50.9256376,-1.3713711
100060682766,50.9253006,-1.3711611
100060682767,50.9256459,-1.3712746
100060682768,50.9252999,-1.3710473
100060682769,50.9252996,-1.3709762
100060683130,50.9298041,-1.3859562
100060683131,50.9298135,-1.3860415
100060683252,50.9100226,-1.3712391
100060683253,50.9102399,-1.3715206
100060683255,50.9102134,-1.3716063
100060683257,50.9101508,-1.3716783
100060683259,50.9101152,-1.3717357
100060683261,50.9100616,-1.3718075
100060683263,50.9100259,-1.3718649
100060683809,50.927598,-1.3603443
100060683812,50.9275704,-1.3602309
100060683815,50.9275518,-1.3601173
100060683837,50.9269849,-1.360054
100060683839,50.92694,-1.3600688
100060683841,50.9268324,-1.3601272
100060683905,50.9313754,-1.3855086
100060683906,50.9316991,-1.3854901
100060683907,50.931439,-1.3856216
100060683908,50.9316545,-1.3855619
100060683909,50.9314482,-1.3856642
100060683910,50.9316728,-1.3856185
100060683911,50.9314574,-1.3857068
100060683912,50.9316913,-1.3857179
100060683913,50.9314758,-1.3857777
100060683914,50.9317096,-1.3857746
100060683915,50.9314852,-1.3858487
100060683916,50.9317279,-1.3858455
100060683917,50.9314854,-1.3858914
100060683918,50.9317372,-1.3859023
100060683919,50.9314857,-1.3859483
100060683920,50.9317375,-1.3859592
100060683921,50.9317558,-1.3860159
100060683922,50.9317742,-1.3860868
100060683923,50.9318015,-1.3861434
100060683924,50.9318649,-1.3862279
100060683925,50.9318649,-1.3862279
100060683926,50.9318741,-1.3862847
100060683927,50.9318741,-1.3862847
100060683928,50.9318925,-1.3863556
100060683929,50.9318925,-1.3863556
100060683930,50.9319108,-1.3864123
100060683931,50.9319108,-1.3864123
100060683932,50.9319201,-1.3864691
100060683933,50.9319201,-1.3864691
100060683934,50.9317705,-1.3870972
100060683935,50.9317888,-1.3871539
100060683936,50.9320129,-1.3870229
100060683937,50.9318071,-1.3872106
100060683938,50.9320223,-1.3870939
100060683939,50.9318164,-1.3872674
100060683940,50.9320226,-1.3871508
100060683941,50.9318348,-1.3873383
100060683942,50.9320499,-1.3872074
100060683943,50.931844,-1.3873951
100060683944,50.9320592,-1.3872642
100060683945,50.9318534,-1.3874661
100060683946,50.9320775,-1.3873209
100060683947,50.9318627,-1.3875229
100060683948,50.9321047,-1.3873774
100060684216,50.9336341,-1.3840984
100060684217,50.9339745,-1.383852
100060684218,50.9336526,-1.3841835
100060684219,50.9339838,-1.3839088
100060684220,50.9336617,-1.3842119
100060684221,50.9340022,-1.3839797
100060684222,50.9340022,-1.3839797
100060684223,50.9336892,-1.3843111
100060684224,50.9340205,-1.3840506
100060684225,50.9340205,-1.3840506
100060684226,50.9336984,-1.3843537
100060684227,50.9340298,-1.3841074
100060684228,50.9337349,-1.3844528
100060684229,50.9340481,-1.3841641
100060684230,50.9337441,-1.3844954
100060684231,50.9340846,-1.384249
100060684232,50.9338075,-1.38458
100060684233,50.9341028,-1.3842914
100060684234,50.9338168,-1.3846225
100060684235,50.9341212,-1.3843766
100060684236,50.9338084,-1.3847507
100060684237,50.9341306,-1.3844476
100060684238,50.9338177,-1.3847933
100060684239,50.9341489,-1.3845043
100060684240,50.9341489,-1.3845043
100060684241,50.9338811,-1.3848921
100060684242,50.9341581,-1.3845469
100060684243,50.9338903,-1.3849347
100060684244,50.9342126,-1.38466
100060684245,50.9339086,-1.3849913
100060684246,50.9342218,-1.3846883
100060684247,50.933954,-1.3850619
100060684248,50.9342224,-1.3848022
100060684249,50.9339998,-1.3852321
100060684250,50.9342317,-1.384859
100060684251,50.9340183,-1.3853172
100060684252,50.9342949,-1.3849151
100060684253,50.934019,-1.3854595
100060684254,50.9342951,-1.3849435
100060684255,50.9340554,-1.3855302
100060684256,50.9340554,-1.3855302
100060684257,50.9343046,-1.385043
100060684258,50.9340199,-1.385616
100060684259,50.9343046,-1.385043
100060684260,50.934083,-1.3856579
100060684261,50.9343231,-1.3851424
100060684262,50.9343231,-1.3851424
100060684263,50.9341014,-1.3857288
100060684264,50.9343594,-1.3852131
100060684265,50.9341197,-1.3857855
100060684266,50.9343509,-1.3852986
100060684267,50.93412,-1.3858566
100060684268,50.93412,-1.3858566
100060684269,50.9343602,-1.3853554
100060684270,50.9341296,-1.3859561
100060684271,50.9343964,-1.3853976
100060684272,50.9341707,-1.385989
100060684273,50.9341722,-1.3859913
100060684274,50.934424,-1.3855111
100060684275,50.934193,-1.3860549
100060684276,50.9344334,-1.3855964
100060684277,50.9344787,-1.3856669
100060684278,50.9342207,-1.3861826
100060684279,50.9342207,-1.3861826
100060684280,50.9345059,-1.3857092
100060684281,50.9342933,-1.3863098
100060684282,50.9345334,-1.3857943
100060684283,50.9345334,-1.3857943
100060684284,50.9343115,-1.3863522
100060684285,50.9343574,-1.3865224
100060684286,50.9344032,-1.3866783
100060684287,50.9345431,-1.3859365
100060684288,50.9344309,-1.3868203
100060684289,50.9345613,-1.3859789
100060684290,50.9344583,-1.3869053
100060684291,50.9345708,-1.3860642
100060684292,50.9345043,-1.3871039
100060684293,50.9345979,-1.3860923
100060684294,50.9345228,-1.3871891
100060684295,50.9345895,-1.3862062
100060684296,50.9345596,-1.3873451
100060684297,50.9345988,-1.386263
100060684298,50.9345871,-1.3874444
100060684299,50.9346171,-1.3863197
100060684300,50.9346237,-1.387572
100060684301,50.9346444,-1.3863763
100060684302,50.9346512,-1.3876713
100060684303,50.9346537,-1.3864473
100060684304,50.9346971,-1.3878414
100060684305,50.9346811,-1.3865181
100060684306,50.9347065,-1.3879267
100060684307,50.9346993,-1.3865606
100060684308,50.9347523,-1.3880826
100060684309,50.9347177,-1.3866457
100060684310,50.9347706,-1.3881535
100060684311,50.9347359,-1.3866882
100060684312,50.9348164,-1.3883095
100060684313,50.9347634,-1.3867874
100060684314,50.9348531,-1.3884513
100060684315,50.9347818,-1.3868583
100060684316,50.934899,-1.3886215
100060684317,50.9348002,-1.3869293
100060684318,50.9349174,-1.3887066
100060684319,50.9349634,-1.388891
100060684320,50.9348365,-1.3869999
100060684321,50.9349908,-1.3889761
100060684322,50.9348459,-1.387071
100060684323,50.9350826,-1.3893449
100060684324,50.9348643,-1.3871561
100060684325,50.9351099,-1.3894014
100060684326,50.9348825,-1.3871986
100060684327,50.9351561,-1.3896428
100060684328,50.9349099,-1.3872836
100060684329,50.9351836,-1.3897278
100060684330,50.9349192,-1.3873262
100060684331,50.9352384,-1.3898979
100060684332,50.9349646,-1.3874252
100060684333,50.9352658,-1.3899829
100060684334,50.9349829,-1.3874819
100060684335,50.9349829,-1.3874819
100060684337,50.9349838,-1.3876526
100060684339,50.934993,-1.3876952
100060684342,50.9350475,-1.3877941
100060684344,50.9350478,-1.387851
100060684346,50.9350483,-1.3879364
100060684348,50.9350935,-1.3879785
100060684350,50.9351119,-1.3880637
100060684352,50.9351301,-1.3881061
100060684356,50.9351753,-1.3881482
100060684359,50.9351853,-1.3883473
100060684361,50.9351946,-1.3884041
100060684364,50.9352403,-1.3885459
100060684365,50.9352403,-1.3885459
100060684367,50.9352409,-1.3886597
100060684369,50.9352593,-1.3887306
100060684371,50.9353046,-1.3888012
100060684375,50.9354329,-1.3892549
100060684377,50.9354511,-1.3892974
100060684380,50.935461,-1.389468
100060684433,50.9346641,-1.3665517
100060684434,50.9350896,-1.3654216
100060684435,50.9352191,-1.3660887
100060684436,50.935071,-1.365308
100060684437,50.9352814,-1.365974
100060684438,50.9350792,-1.3651656
100060684439,50.9353348,-1.3658594
100060684440,50.9350515,-1.3650379
100060684441,50.9354059,-1.3657019
100060684442,50.9350329,-1.3649243
100060684443,50.935394,-1.3651755
100060684444,50.9354143,-1.3656022
100060684445,50.9350144,-1.3648249
100060684446,50.9349869,-1.3647256
100060684447,50.9353936,-1.3651043
100060684448,50.9349503,-1.3646123
100060684449,50.9353656,-1.3649197
100060684450,50.9348868,-1.3645135
100060684451,50.9353563,-1.3648487
100060684452,50.9348686,-1.3644711
100060684453,50.9353194,-1.3646926
100060684454,50.9348045,-1.3642585
100060684455,50.9352919,-1.3645934
100060684456,50.9347591,-1.3641879
100060684457,50.9352283,-1.3644662
100060684458,50.9346684,-1.3640326
100060684459,50.9351645,-1.3643105
100060684460,50.934632,-1.363962
100060684461,50.9351456,-1.36414
100060684462,50.9345681,-1.3637921
100060684463,50.934973,-1.3638292
100060684464,50.9345318,-1.3637214
100060684465,50.9348916,-1.363745
100060684466,50.9344409,-1.3635519
100060684467,50.9348553,-1.3636743
100060684468,50.9344045,-1.363467
100060684469,50.9348007,-1.3635612
100060684470,50.9343498,-1.3633254
100060684471,50.9347553,-1.3634764
100060684472,50.9343135,-1.363269
100060684473,50.9347367,-1.3633628
100060684474,50.9342408,-1.3631277
100060684475,50.9345547,-1.3629811
100060684476,50.9342044,-1.363057
100060684477,50.9344821,-1.362854
100060684478,50.934105,-1.362973
100060684479,50.9344458,-1.3627975
100060684480,50.9340598,-1.3629167
100060684481,50.9343912,-1.3626844
100060684482,50.9339604,-1.3628326
100060684483,50.934382,-1.3626419
100060684484,50.933834,-1.3627348
100060684485,50.9343541,-1.3624715
100060684486,50.9337257,-1.3626793
100060684487,50.9338484,-1.3620799
100060684488,50.9337856,-1.3621092
100060684489,50.9337408,-1.3621383
100060684490,50.9336871,-1.3621817
100060684491,50.933606,-1.3621544
100060684492,50.9335611,-1.3621692
100060684493,50.9335164,-1.3622126
100060684494,50.9334627,-1.3622702
100060684495,50.933418,-1.3623135
100060684496,50.9332926,-1.3624006
100060684497,50.9256525,-1.3630745
100060684498,50.9254437,-1.3627075
100060684499,50.9257059,-1.3629742
100060684500,50.9254613,-1.3626503
100060684501,50.9257503,-1.362874
100060684502,50.9254875,-1.3624934
100060684503,50.9257768,-1.362774
100060684504,50.9255409,-1.3623931
100060684505,50.9258123,-1.3626882
100060684506,50.9255853,-1.3622929
100060684507,50.9258478,-1.3626023
100060684508,50.9256298,-1.3622069
100060684509,50.9259012,-1.362502
100060684510,50.9256743,-1.3621209
100060684511,50.9259366,-1.3624019
100060684512,50.9257187,-1.3620207
100060684513,50.9259811,-1.3623159
100060684514,50.9257631,-1.3619205
100060684515,50.9260165,-1.3622158
100060684516,50.9258165,-1.3618202
100060684517,50.9258609,-1.36172
100060684518,50.9107688,-1.3712148
100060684519,50.9107782,-1.3712858
100060684520,50.9107786,-1.3713569
100060684521,50.910779,-1.3714423
100060684522,50.9107793,-1.3714849
100060684523,50.9109577,-1.3712265
100060684524,50.9110026,-1.3712117
100060684525,50.9110386,-1.3712112
100060684526,50.9110924,-1.3711962
100060684527,50.9111551,-1.3711385
100060684528,50.9112091,-1.371152
100060684529,50.911245,-1.3711373
100060684530,50.9112989,-1.3711366
100060684531,50.911362,-1.3711499
100060684532,50.9114158,-1.371135
100060684533,50.9114608,-1.3711344
100060684534,50.9114967,-1.3711197
100060684535,50.9115685,-1.3710903
100060684536,50.9116134,-1.3710754
100060684537,50.9116673,-1.3710747
100060684538,50.9117123,-1.3710741
100060684539,50.911771,-1.370291
100060684540,50.911726,-1.3702916
100060684541,50.9116721,-1.3702923
100060684542,50.9116362,-1.370307
100060684543,50.9115733,-1.3703221
100060684544,50.9115283,-1.3703085
100060684545,50.9114924,-1.3703232
100060684546,50.9112695,-1.3706818
100060684547,50.9112156,-1.3706967
100060684548,50.9111618,-1.3707117
100060684549,50.9111078,-1.3707124
100060684669,50.939816,-1.3730573
100060684670,50.9398522,-1.3730995
100060684671,50.9398976,-1.3731843
100060684672,50.939925,-1.3732551
100060684961,50.9129475,-1.360076
100060684963,50.9129662,-1.3602038
100060684965,50.9129667,-1.3602891
100060684967,50.9129763,-1.3604028
100060684969,50.9130319,-1.3607008
100060684971,50.9129241,-1.3607307
100060684974,50.9126939,-1.3613882
100060684976,50.9129067,-1.3624806
100060684978,50.9129701,-1.362565
100060684980,50.9130337,-1.3626922
100060684981,50.9132804,-1.3600999
100060684982,50.913061,-1.3627487
100060684983,50.9132811,-1.3602279
100060684984,50.9131426,-1.3628614
100060684985,50.9132907,-1.3603416
100060684986,50.9132062,-1.3629886
100060684987,50.9132912,-1.3604412
100060684988,50.9132606,-1.3630589
100060684989,50.913301,-1.3605833
100060684990,50.913315,-1.3631578
100060684991,50.9133198,-1.3607253
100060684992,50.9133875,-1.3632563
100060684993,50.9133026,-1.360882
100060684994,50.9134239,-1.363327
100060684995,50.9132674,-1.3610105
100060684996,50.913187,-1.3611112
100060684997,50.9131245,-1.3611974
100060684998,50.9130352,-1.3613124
100060684999,50.9129919,-1.3616117
100060685331,50.9222654,-1.3736492
100060685332,50.9221689,-1.3741058
100060685333,50.9221664,-1.3736364
100060685334,50.922133,-1.3741063
100060685335,50.9220314,-1.3736239
100060685336,50.922034,-1.3741076
100060685337,50.9220045,-1.3736243
100060685338,50.9219892,-1.3741225
100060685339,50.9218969,-1.3736969
100060685340,50.9218994,-1.3741521
100060685341,50.921825,-1.3736978
100060685342,50.9218365,-1.3741672
100060685343,50.9217264,-1.3737561
100060685344,50.9217647,-1.3741824
100060685345,50.9216906,-1.373785
100060685346,50.9216009,-1.3738289
100060685347,50.9213341,-1.3743873
100060685348,50.9212505,-1.3738905
100060685349,50.9210196,-1.37442
100060685350,50.9210196,-1.37442
100060685351,50.921008,-1.3739364
100060685352,50.920921,-1.3744782
100060685353,50.9209181,-1.3739519
100060685354,50.920804,-1.3744656
100060685355,50.9208732,-1.3739667
100060685356,50.9207149,-1.3746233
100060685357,50.9208015,-1.3739961
100060685358,50.9206247,-1.3745676
100060685359,50.9207114,-1.3739689
100060685360,50.9205347,-1.3745546
100060685361,50.9206308,-1.3740269
100060685362,50.9204538,-1.3745556
100060685363,50.9205499,-1.3740422
100060685364,50.9203823,-1.374642
100060685365,50.9204152,-1.3740724
100060685366,50.9202474,-1.3746438
100060685367,50.9203881,-1.3740586
100060685368,50.9202114,-1.3746443
100060685369,50.9202622,-1.3740603
100060685370,50.9201307,-1.3746738
100060685371,50.9202174,-1.3740751
100060685372,50.9200497,-1.3746749
100060685373,50.9201371,-1.3742042
100060685374,50.9199781,-1.3747327
100060685375,50.9200558,-1.3741342
100060685376,50.9198881,-1.3747197
100060685377,50.9199753,-1.3742206
100060685378,50.9198258,-1.3748344
100060685379,50.9198587,-1.3742649
100060685380,50.9197632,-1.3749063
100060685381,50.9198317,-1.3742652
100060685382,50.919628,-1.374837
100060685383,50.9197327,-1.3742523
100060685384,50.9196519,-1.3742676
100060685386,50.9195627,-1.3744111
100060685387,50.9194639,-1.3744266
100060685388,50.9193227,-1.3749265
100060685389,50.91941,-1.3744416
100060685390,50.9192153,-1.3750275
100060685391,50.9192843,-1.3744717
100060685392,50.9192477,-1.3743584
100060685393,50.919249,-1.3744761
100060685394,50.9190893,-1.3750007
100060685395,50.9191226,-1.3745166
100060685396,50.9190177,-1.3750586
100060685397,50.9190868,-1.3745313
100060685398,50.9188918,-1.3750745
100060685399,50.9188918,-1.3750745
100060685400,50.918847,-1.3751036
100060685401,50.9187844,-1.3751613
100060685403,50.9185927,-1.3746233
100060685404,50.9185113,-1.374539
100060685405,50.918425,-1.375223
100060685406,50.9183894,-1.3752804
100060685411,50.9224627,-1.373547
100060685412,50.9224986,-1.3735465
100060685413,50.922382,-1.3735908
100060685414,50.922328,-1.3735773
100060685613,50.9383681,-1.3899565
100060685615,50.9384118,-1.389714
100060685616,50.9384018,-1.3895148
100060685617,50.9384538,-1.3888188
100060685618,50.938452,-1.3887552
100060685619,50.9384487,-1.388694
100060685620,50.9384454,-1.3886329
100060685621,50.9382973,-1.3884488
100060685623,50.9382969,-1.3883634
100060685625,50.9382962,-1.3882353
100060685627,50.9382867,-1.3881501
100060685629,50.9383668,-1.3879782
100060685631,50.9383663,-1.3878786
100060685633,50.9383651,-1.3876651
100060685635,50.9383558,-1.3875941
100060685637,50.9383363,-1.3873239
100060685640,50.9383226,-1.3864275
100060685642,50.9383309,-1.3862993
100060685644,50.9383214,-1.3861997
100060685646,50.93833,-1.3861142
100060685648,50.9383294,-1.3860146
100060685650,50.9383018,-1.3858869
100060685652,50.9383102,-1.3857729
100060685654,50.9382667,-1.3856155
100060685656,50.9382861,-1.3854635
100060685658,50.9382283,-1.3853736
100060685664,50.938224,-1.3847778
100060685666,50.9382503,-1.3846636
100060685670,50.9383266,-1.3837802
100060685671,50.9383266,-1.3837802
100060685673,50.9383698,-1.3834522
100060685675,50.9384051,-1.3833237
100060685677,50.9384312,-1.3831525
100060685684,50.9386252,-1.3824383
100060685686,50.9386697,-1.3823524
100060685688,50.9387053,-1.3822807
100060685689,50.9387457,-1.3899373
100060685690,50.9387406,-1.3821522
100060685691,50.9387453,-1.3898519
100060685692,50.9387582,-1.3820808
100060685693,50.9387535,-1.3897095
100060685694,50.9388025,-1.3819521
100060685695,50.9387532,-1.3896526
100060685696,50.9388376,-1.3817951
100060685697,50.9387706,-1.3895242
100060685698,50.9388639,-1.3816666
100060685699,50.93877,-1.3894246
100060685700,50.9388904,-1.3815666
100060685701,50.9387783,-1.3892822
100060685702,50.9388809,-1.3814814
100060685703,50.9387689,-1.3892112
100060685704,50.9388985,-1.38141
100060685705,50.9387863,-1.3890971
100060685706,50.938925,-1.38131
100060685707,50.9387948,-1.3889973
100060685708,50.9389337,-1.3812529
100060685709,50.9387851,-1.3888694
100060685710,50.938951,-1.3811389
100060685711,50.9387668,-1.3887984
100060685712,50.9389597,-1.3810818
100060685713,50.9387749,-1.3886418
100060685714,50.9387655,-1.3885565
100060685715,50.938774,-1.3884568
100060685716,50.9387554,-1.3883574
100060685717,50.9387548,-1.3882293
100060685718,50.9387633,-1.3881438
100060685719,50.9387651,-1.3867774
100060685720,50.9386737,-1.386494
100060685721,50.9386642,-1.3863945
100060685722,50.9386725,-1.3862663
100060685723,50.938672,-1.3861809
100060685724,50.9386714,-1.386067
100060685725,50.938671,-1.3859817
100060685726,50.9386614,-1.3858679
100060685727,50.93867,-1.3857966
100060685728,50.9386784,-1.3856827
100060685729,50.938669,-1.3855974
100060685730,50.9386593,-1.3854694
100060685731,50.9386499,-1.3853984
100060685732,50.9386492,-1.3852703
100060685733,50.9386399,-1.3851993
100060685734,50.9386213,-1.3850857
100060685735,50.938612,-1.3850288
100060685736,50.9386202,-1.3848864
100060685737,50.9386199,-1.3848153
100060685738,50.9386431,-1.3841176
100060685739,50.9386428,-1.3840464
100060685740,50.9386512,-1.3839467
100060685741,50.9386597,-1.3838469
100060685742,50.9386772,-1.3837613
100060685743,50.9386858,-1.38369
100060685744,50.9387121,-1.3835616
100060685745,50.9387207,-1.3834761
100060685746,50.9387471,-1.3833761
100060685747,50.9387557,-1.3832906
100060685748,50.9387909,-1.383162
100060685749,50.9388086,-1.3831048
100060685750,50.938835,-1.3829906
100060685751,50.9388526,-1.3829192
100060685752,50.9388971,-1.3828333
100060685753,50.9389236,-1.3827475
100060685754,50.9389412,-1.3826761
100060685755,50.9389589,-1.3826189
100060685756,50.9390032,-1.3824903
100060685757,50.9390209,-1.3824331
100060685758,50.9390564,-1.3823472
100060685759,50.9390831,-1.3822899
100060685760,50.9391095,-1.38219
100060685761,50.9391361,-1.3821185
100060685762,50.9391715,-1.3820041
100060685763,50.939198,-1.3819184
100060685764,50.9392334,-1.381804
100060685765,50.9392419,-1.3817185
100060685766,50.9392773,-1.3816184
100060685767,50.9392949,-1.3815328
100060685768,50.9393122,-1.3814187
100060685769,50.9393298,-1.3813331
100060685770,50.9393471,-1.381219
100060685771,50.9393648,-1.3811476
100060685772,50.9393731,-1.3810194
100060685773,50.9393997,-1.3809479
100060685774,50.939408,-1.3808197
100060685775,50.9394256,-1.3807483
100060685776,50.939443,-1.3806342
100060685777,50.9394605,-1.3805485
100060685778,50.9394688,-1.3804203
100060685779,50.9394774,-1.380349
100060686175,50.9244381,-1.3720296
100060686176,50.9244392,-1.371959
100060686177,50.9244403,-1.3718931
100060686178,50.9244459,-1.3718249
100060686179,50.9244441,-1.3717566
100060686180,50.9246218,-1.3719025
100060686181,50.9246783,-1.3718993
100060686182,50.9247467,-1.3719008
100060686183,50.9248136,-1.3719046
100060686184,50.9248852,-1.3719271
100060686185,50.9248972,-1.3714085
100060686186,50.9248557,-1.3714241
100060686187,50.9248124,-1.3714035
100060686188,50.9247679,-1.3714182
100060686189,50.9247261,-1.3714022
100060686190,50.9244115,-1.3714983
100060686191,50.9244081,-1.3714302
100060686192,50.9244107,-1.3713594
100060686193,50.9244148,-1.3712912
100060686194,50.9244278,-1.3712251
100060687492,50.9115325,-1.3627838
100060687493,50.9117426,-1.3630836
100060687494,50.911595,-1.3626976
100060687495,50.9118304,-1.3629931
100060687496,50.9116485,-1.3626258
100060687497,50.9118748,-1.3628929
100060687498,50.9117018,-1.3625112
100060687499,50.9119462,-1.3627924
100060687500,50.9117462,-1.3623968
100060687501,50.9119907,-1.3627064
100060687502,50.9117364,-1.3622547
100060687503,50.9120169,-1.3625638
100060687504,50.9117443,-1.3620555
100060687505,50.9120342,-1.3624356
100060687506,50.9117527,-1.3619416
100060687507,50.9120245,-1.3623219
100060687508,50.9118063,-1.3618697
100060687509,50.9120239,-1.3621939
100060687510,50.9118326,-1.3617556
100060687511,50.9120682,-1.3620795
100060687512,50.9118769,-1.3616269
100060687513,50.9121035,-1.361951
100060687514,50.9119213,-1.3615268
100060687515,50.9121479,-1.3618508
100060687516,50.9119749,-1.3614691
100060687517,50.9121925,-1.3617933
100060687518,50.9120283,-1.3613546
100060687519,50.9122638,-1.3616643
100060687520,50.9121451,-1.3613388
100060687521,50.912272,-1.361522
100060687522,50.9122262,-1.3613804
100060687783,50.9267361,-1.3672145
100060687784,50.9267814,-1.3672708
100060687785,50.9269258,-1.3673685
100060687786,50.927016,-1.3674242
100060687787,50.9270612,-1.3674662
100060687788,50.9271513,-1.3675077
100060687789,50.9271875,-1.3675357
100060687790,50.9273651,-1.3671348
100060687791,50.9272869,-1.3676339
100060687792,50.9274917,-1.367247
100060687793,50.9273231,-1.3676761
100060687794,50.927573,-1.3673312
100060687795,50.9274225,-1.3677601
100060687796,50.9274677,-1.3678022
100060687797,50.9276275,-1.3674301
100060687798,50.9275581,-1.3678864
100060687799,50.9277179,-1.3675142
100060687800,50.9276032,-1.3679284
100060687801,50.9278082,-1.3675842
100060687802,50.9276936,-1.3679984
100060687803,50.9278896,-1.3676684
100060687804,50.9277478,-1.3680545
100060687805,50.9279888,-1.3677098
100060687806,50.9279888,-1.3677098
100060687807,50.9278291,-1.3681246
100060687808,50.9278743,-1.3681667
100060687809,50.9279646,-1.3682366
100060687810,50.928001,-1.3683072
100060687811,50.9280912,-1.3683629
100060687812,50.9281365,-1.3684335
100060687813,50.9281997,-1.3684753
100060687814,50.9282723,-1.3685881
100060687815,50.9282818,-1.3686876
100060687816,50.9283091,-1.3687442
100060687817,50.9283278,-1.368872
100060687818,50.9283372,-1.3689572
100060687819,50.9283648,-1.3690707
100060687820,50.9283743,-1.3691559
100060687821,50.9283839,-1.3692696
100060687822,50.9283934,-1.3693691
100060687823,50.9283939,-1.3694687
100060687824,50.9284035,-1.3695824
100060687825,50.9284221,-1.3696818
100060687826,50.9284406,-1.3697954
100060687827,50.9284411,-1.3698807
100060687828,50.9284689,-1.3700226
100060687829,50.9284873,-1.3701078
100060687830,50.9284968,-1.3702073
100060687831,50.9284974,-1.3703211
100060687832,50.9285069,-1.3704063
100060687833,50.9285074,-1.3705059
100060687834,50.9285259,-1.3705911
100060688269,50.9181681,-1.3776165
100060688270,50.9182124,-1.3775021
100060688271,50.9182569,-1.3774161
100060688272,50.9183012,-1.3772875
100060688273,50.918403,-1.3778267
100060688274,50.9184393,-1.3778831
100060688275,50.9185205,-1.3779247
100060688276,50.9185747,-1.3779809
100060688277,50.9182975,-1.3782691
100060688278,50.9186198,-1.3780088
100060688279,50.9183698,-1.3783393
100060688280,50.918683,-1.3780506
100060688281,50.9184421,-1.3784095
100060688282,50.9187101,-1.3780645
100060688283,50.9184876,-1.3785085
100060688284,50.9187735,-1.378149
100060688285,50.9185959,-1.3785781
100060688286,50.9188094,-1.3781485
100060688287,50.9186683,-1.3786625
100060688288,50.9187587,-1.3787609
100060688289,50.9188644,-1.3783327
100060688290,50.918822,-1.378817
100060688291,50.9189454,-1.3783459
100060688292,50.9188583,-1.3788734
100060688293,50.9189639,-1.3784452
100060688294,50.9189217,-1.3789721
100060688295,50.9190183,-1.3785298
100060688296,50.9190995,-1.3785714
100060688297,50.9191536,-1.3785992
100060688298,50.9189668,-1.3789858
100060688299,50.9192707,-1.3786403
100060688300,50.919021,-1.3790277
100060688301,50.9192805,-1.3787966
100060688302,50.9190663,-1.3790983
100060688303,50.9193342,-1.3787533
100060688304,50.9191389,-1.3792253
100060688305,50.9190936,-1.3791548
100060688306,50.9193975,-1.3788093
100060688307,50.9191929,-1.3792246
100060688308,50.9194339,-1.3788942
100060688309,50.9192381,-1.3792667
100060688310,50.9194702,-1.3789506
100060688311,50.9193102,-1.3792942
100060688312,50.9195154,-1.3789927
100060688313,50.9193195,-1.3793652
100060688314,50.9195697,-1.3790631
100060688315,50.9193832,-1.3794924
100060688316,50.9196331,-1.3791476
100060688317,50.9196693,-1.3791898
100060688318,50.9197505,-1.3792314
100060688319,50.9197777,-1.3792737
100060688320,50.9198319,-1.3793299
100060688321,50.919859,-1.379358
100060688322,50.9199314,-1.3794282
100060688323,50.9199853,-1.3794275
100060688324,50.9202824,-1.3794804
100060688655,50.9107585,-1.3895496
100060688656,50.9107859,-1.3896204
100060688657,50.9107952,-1.3896914
100060688658,50.9107955,-1.389734
100060688659,50.9108056,-1.3899473
100060688660,50.9108687,-1.3899891
100060688661,50.9109136,-1.3899743
100060688662,50.9109674,-1.3899452
100060688663,50.9110212,-1.389916
100060689099,50.91319,-1.364966
100060689100,50.9132454,-1.3652355
100060689101,50.9132734,-1.3654201
100060689102,50.9136426,-1.3655146
100060689103,50.9133013,-1.3655904
100060689104,50.9136703,-1.3656423
100060689105,50.9136986,-1.3658837
100060689106,50.9133665,-1.366002
100060689107,50.9137356,-1.3660823
100060689108,50.9133944,-1.3661723
100060689109,50.9137541,-1.3661817
100060689110,50.9134313,-1.3663425
100060689111,50.9137824,-1.3664231
100060689112,50.9134688,-1.3666265
100060689113,50.9134321,-1.366499
100060689114,50.9138374,-1.3666215
100060689115,50.9135066,-1.3669674
100060689116,50.9134877,-1.3667969
100060689117,50.9138472,-1.3667636
100060689118,50.9135436,-1.367166
100060689119,50.9135436,-1.367166
100060689120,50.913866,-1.3669056
100060689121,50.9135898,-1.367393
100060689122,50.9138667,-1.3670336
100060689123,50.9136446,-1.3675345
100060689124,50.9139032,-1.3671327
100060689125,50.9136361,-1.3676342
100060689126,50.9139401,-1.3673171
100060689127,50.913968,-1.3674732
100060689128,50.913664,-1.3678045
100060689129,50.9139778,-1.3676296
100060689130,50.9136738,-1.3679609
100060689131,50.9139966,-1.3677858
100060689132,50.9137469,-1.3681732
100060689133,50.9140424,-1.3679274
100060689134,50.9138286,-1.3683144
100060689135,50.9140884,-1.3681259
100060689136,50.9138111,-1.3684
100060689137,50.9141522,-1.3682816
100060689138,50.9138569,-1.3685558
100060689139,50.9141529,-1.3684096
100060689140,50.9138843,-1.3686266
100060689141,50.9142164,-1.3685225
100060689142,50.9139121,-1.3687827
100060689143,50.9142349,-1.3686218
100060689144,50.9139487,-1.3689102
100060689145,50.9142805,-1.368735
100060689146,50.9139855,-1.369052
100060689147,50.9143177,-1.3689621
100060689148,50.9140223,-1.3692079
100060689149,50.9143451,-1.3690329
100060689150,50.914041,-1.3693357
100060689151,50.9144087,-1.36916
100060689152,50.9140956,-1.369463
100060689153,50.9144454,-1.3692876
100060689154,50.9141507,-1.3696756
100060689155,50.9144644,-1.3694865
100060689156,50.9141692,-1.3697607
100060689157,50.9145011,-1.369614
100060689158,50.9142239,-1.3699022
100060689159,50.9145282,-1.3696421
100060689160,50.9142784,-1.3700011
100060689161,50.914556,-1.3697982
100060689162,50.914324,-1.3701285
100060689163,50.9146016,-1.3699114
100060689164,50.9143695,-1.3702274
100060689165,50.914656,-1.369996
100060689166,50.9144059,-1.3702981
100060689167,50.9147193,-1.3700662
100060689168,50.9144693,-1.3703968
100060689169,50.9147469,-1.3701654
100060689170,50.9144877,-1.3704677
100060689171,50.914819,-1.3702072
100060689172,50.9145332,-1.3705666
100060689173,50.9148824,-1.3702916
100060689174,50.9145967,-1.3706654
100060689175,50.9149459,-1.3703904
100060689176,50.9146691,-1.3707497
100060689177,50.9149821,-1.3704326
100060689178,50.9147236,-1.3708486
100060689179,50.9150727,-1.3705594
100060689180,50.9147957,-1.3708903
100060689181,50.9151179,-1.3706014
100060689182,50.9148412,-1.3709892
100060689183,50.9151905,-1.3707142
100060689184,50.914932,-1.3711445
100060689185,50.9152629,-1.3708128
100060689186,50.9149954,-1.371229
100060689187,50.9153263,-1.3708973
100060689188,50.9150407,-1.3712995
100060689189,50.9153985,-1.370939
100060689190,50.9150951,-1.3713699
100060689191,50.9154441,-1.3710522
100060689192,50.9154985,-1.3711511
100060689193,50.915553,-1.3712357
100060689194,50.9156163,-1.371306
100060689195,50.9156887,-1.3713903
100060689196,50.9157788,-1.3714318
100060689197,50.915999,-1.3688967
100060689198,50.915796,-1.3696107
100060689199,50.9159719,-1.3688686
100060689200,50.9157593,-1.369469
100060689201,50.9159073,-1.3685707
100060689202,50.9157315,-1.3693271
100060689203,50.9158705,-1.3684148
100060689204,50.9157129,-1.3692135
100060689205,50.915834,-1.3683157
100060689206,50.9156763,-1.3691002
100060689207,50.9158152,-1.3681737
100060689208,50.9156305,-1.3689444
100060689209,50.9157879,-1.3681171
100060689210,50.9156123,-1.3688877
100060689211,50.9157601,-1.367961
100060689212,50.9154945,-1.3687328
100060689213,50.9157416,-1.3678617
100060689214,50.9154851,-1.3686618
100060689215,50.9156959,-1.3677201
100060689216,50.9155373,-1.3683339
100060689217,50.9156953,-1.3676205
100060689218,50.915501,-1.3682775
100060689219,50.9156586,-1.3674788
100060689220,50.9154642,-1.3681073
100060689221,50.9156222,-1.3674081
100060689222,50.9154459,-1.3680507
100060689223,50.9155854,-1.3672521
100060689224,50.9154089,-1.3678662
100060689225,50.915567,-1.367167
100060689226,50.9153906,-1.3678096
100060689227,50.9155392,-1.3670252
100060689228,50.9153537,-1.3676394
100060689229,50.9155389,-1.366954
100060689230,50.9153442,-1.3675399
100060689231,50.9154751,-1.3667984
100060689232,50.9152984,-1.3673841
100060689233,50.9154565,-1.3666849
100060689234,50.9152801,-1.3673274
100060689235,50.9153928,-1.3665577
100060689236,50.9152251,-1.367129
100060689237,50.9153386,-1.3665015
100060689238,50.9151978,-1.3670725
100060689239,50.9152211,-1.3664036
100060689240,50.9150893,-1.3669601
100060689241,50.9151312,-1.3664048
100060689242,50.915044,-1.3669039
100060689243,50.9150414,-1.3664202
100060689244,50.914927,-1.3668912
100060689245,50.9149425,-1.3664216
100060689246,50.9148641,-1.3669063
100060689247,50.9148885,-1.3664223
100060689248,50.9147715,-1.3664097
100060689249,50.9147176,-1.3664104
100060689250,50.9146094,-1.3663692
100060689251,50.9143017,-1.3660035
100060689252,50.9143023,-1.3661031
100060689253,50.9142223,-1.3662749
100060689254,50.9142407,-1.36636
100060689255,50.9142144,-1.3664884
100060689256,50.9141972,-1.3666308
100060689257,50.9142163,-1.366844
100060689258,50.9145759,-1.3668249
100060689259,50.9142528,-1.3669288
100060689260,50.9145854,-1.3669101
100060689261,50.9142804,-1.3670565
100060689262,50.9146224,-1.3671087
100060689263,50.9142993,-1.3672269
100060689264,50.914632,-1.3672082
100060689265,50.9143086,-1.3672837
100060689266,50.9146508,-1.3673644
100060689267,50.9143546,-1.367468
100060689268,50.9146872,-1.367435
100060689269,50.914409,-1.3675526
100060689270,50.914679,-1.3675916
100060689271,50.9144096,-1.3676664
100060689272,50.9147336,-1.3677047
100060689273,50.9144013,-1.3677945
100060689274,50.9147795,-1.3678748
100060689275,50.914438,-1.3679221
100060689276,50.9148071,-1.3679882
100060689277,50.9144747,-1.3680496
100060689278,50.9148255,-1.3680733
100060689279,50.9144932,-1.3681489
100060689280,50.9148713,-1.3682291
100060689281,50.9145298,-1.3682622
100060689282,50.9148898,-1.3683285
100060689283,50.9145575,-1.3684041
100060689284,50.9149354,-1.3684417
100060689285,50.9145763,-1.3685603
100060689286,50.9146128,-1.3686452
100060689287,50.9149631,-1.3685693
100060689288,50.9146405,-1.368787
100060689289,50.9149905,-1.3686543
100060689290,50.914659,-1.3688864
100060689291,50.9147139,-1.3690563
100060689292,50.9147323,-1.3691414
100060689293,50.915064,-1.3689378
100060689294,50.9147692,-1.3693116
100060689295,50.9150734,-1.369023
100060689296,50.9147875,-1.3693683
100060689297,50.9151282,-1.3691788
100060689298,50.9148516,-1.3695808
100060689299,50.9151556,-1.3692495
100060689300,50.914888,-1.3696514
100060689301,50.9152068,-1.3693817
100060689302,50.9149875,-1.3697639
100060689303,50.9152652,-1.3694586
100060689304,50.9150238,-1.3698203
100060689305,50.915355,-1.3695455
100060689306,50.9151235,-1.3699754
100060689307,50.9154093,-1.3696017
100060689308,50.9151688,-1.3700317
100060689309,50.9154907,-1.3697002
100060689310,50.9152414,-1.3701588
100060689311,50.9155449,-1.3697421
100060689312,50.9152957,-1.3702149
100060689313,50.9156266,-1.3698833
100060689314,50.9153682,-1.3703278
100060689315,50.9156899,-1.3699393
100060689316,50.9154226,-1.3703982
100060689317,50.9155039,-1.3704824
100060689318,50.9155492,-1.3705387
100060689319,50.9156309,-1.3706799
100060689320,50.9156761,-1.3707219
100060689321,50.9158922,-1.3707759
100060689322,50.9160181,-1.3707742
100060689323,50.9158085,-1.3702649
100060689324,50.9160628,-1.3707309
100060689325,50.9158441,-1.3701933
100060689326,50.9161879,-1.3705728
100060689327,50.9162145,-1.3705013
100060689328,50.9162577,-1.3701877
100060689329,50.9162572,-1.3700882
100060689330,50.9162202,-1.3699037
100060689331,50.9162192,-1.3697188
100060689332,50.9158788,-1.3699652
100060689333,50.9161919,-1.369648
100060689334,50.9158422,-1.3698377
100060689335,50.916119,-1.3694783
100060689336,50.9161007,-1.3694074
100060689769,50.9108284,-1.368924
100060689770,50.9107841,-1.3690384
100060689771,50.9107397,-1.3691527
100060689772,50.9106864,-1.3692673
100060689773,50.9106149,-1.3693536
100060689774,50.9105259,-1.3695255
100060689775,50.9104731,-1.3697395
100060689776,50.9104195,-1.3698114
100060689778,50.9102361,-1.3708237
100060689779,50.9101737,-1.3709241
100060689780,50.9101025,-1.3710531
100060689781,50.9104822,-1.371432
100060689782,50.9104822,-1.371432
100060689783,50.9109351,-1.3686949
100060690254,50.9392162,-1.371884
100060690255,50.9389451,-1.3716315
100060690256,50.9392157,-1.3717986
100060690257,50.9388821,-1.3716323
100060690258,50.9392062,-1.3716991
100060690259,50.9388012,-1.3716334
100060690260,50.9392148,-1.3716278
100060690261,50.9387203,-1.3716487
100060690262,50.9392051,-1.3714856
100060690263,50.9386484,-1.3716497
100060690264,50.9392046,-1.3714003
100060690265,50.9385765,-1.3716649
100060690266,50.9391948,-1.3712581
100060690267,50.9385046,-1.3716659
100060690268,50.9391946,-1.3712154
100060690269,50.9383697,-1.3716677
100060690270,50.939185,-1.3711016
100060690271,50.9382979,-1.3716971
100060690272,50.9391845,-1.371002
100060690273,50.9382351,-1.3717265
100060690274,50.9391118,-1.3708607
100060690275,50.9381723,-1.3717415
100060690276,50.9390488,-1.3708615
100060690277,50.9380338,-1.3710745
100060690278,50.9389949,-1.3708765
100060690279,50.9381056,-1.371045
100060690280,50.9389232,-1.3709059
100060690281,50.9381505,-1.3710302
100060690282,50.9382402,-1.3710005
100060690283,50.9383929,-1.37097
100060690284,50.9384559,-1.3709691
100060690285,50.9385188,-1.3709541
100060690286,50.9385906,-1.3709389
100060690287,50.9386625,-1.3709379
100060690288,50.9387074,-1.3709231
100060690447,50.9288725,-1.3632012
100060690448,50.9288388,-1.3636143
100060690449,50.9288185,-1.3631877
100060690450,50.9287758,-1.3636009
100060690451,50.9287551,-1.3631032
100060690452,50.9286946,-1.3635451
100060690453,50.9286917,-1.3630187
100060690454,50.9286315,-1.3635175
100060690455,50.9286375,-1.3629767
100060690456,50.9285681,-1.3634472
100060690457,50.9285654,-1.3629492
100060690458,50.9285319,-1.3633908
100060690459,50.9285022,-1.3629074
100060690460,50.9284505,-1.3633066
100060690461,50.9284302,-1.3628942
100060690462,50.9283784,-1.3632791
100060690463,50.9283581,-1.3628525
100060690464,50.9283153,-1.3632515
100060690465,50.9283038,-1.3627963
100060690466,50.9282433,-1.3632383
100060690467,50.9282318,-1.3627831
100060690468,50.9281713,-1.3632392
100060690469,50.9281775,-1.3627127
100060690470,50.9280992,-1.3631975
100060690471,50.9281054,-1.3626852
100060690472,50.9280541,-1.3631839
100060690473,50.9280333,-1.3626577
100060690474,50.9279639,-1.3631282
100060690475,50.9279882,-1.3626299
100060690476,50.9279189,-1.3631146
100060690477,50.927907,-1.3625883
100060690478,50.9278377,-1.3630731
100060690479,50.9278529,-1.3625606
100060690480,50.9277566,-1.3630457
100060690481,50.9277718,-1.3625332
100060690482,50.9276665,-1.3630185
100060690483,50.9276275,-1.3624641
100060690484,50.9277357,-1.3625053
100060690485,50.9275854,-1.3629769
100060690486,50.9269512,-1.3621176
100060690487,50.9275133,-1.3629494
100060690488,50.926906,-1.3620756
100060690489,50.9268369,-1.3625888
100060690490,50.9268249,-1.362034
100060690491,50.9268249,-1.362034
100060690492,50.9268097,-1.3625464
100060690493,50.9267797,-1.3619919
100060690494,50.9267797,-1.3619919
100060690495,50.9267015,-1.362491
100060690496,50.9266983,-1.3619077
100060690497,50.9266653,-1.362463
100060690498,50.9266532,-1.3618798
100060690499,50.9264845,-1.3622806
100060690500,50.9265808,-1.3617955
100060690501,50.9264394,-1.3622527
100060690502,50.9265356,-1.3617534
100060690503,50.9263668,-1.3621399
100060690504,50.9264632,-1.361669
100060690505,50.9263306,-1.3620977
100060690506,50.9264269,-1.3616126
100060690507,50.9262672,-1.3620132
100060690508,50.9263543,-1.3614998
100060690509,50.926222,-1.3619711
100060690514,50.9263092,-1.3614719
100060690515,50.9261675,-1.3618723
100060690516,50.9261994,-1.3611177
100060690517,50.9261314,-1.3618443
100060690518,50.9261721,-1.3610612
100060690519,50.9260039,-1.3615473
100060690520,50.9261444,-1.3609335
100060690521,50.9259767,-1.3615192
100060690522,50.926117,-1.3608627
100060690523,50.9259308,-1.3613491
100060690524,50.9260804,-1.3607494
100060690525,50.9259036,-1.3613067
100060690526,50.926044,-1.3606645
100060690527,50.9259024,-1.3610791
100060690528,50.9260255,-1.3605652
100060690529,50.9258484,-1.3610656
100060690530,50.926007,-1.3604658
100060690531,50.9258298,-1.360952
100060690532,50.9259614,-1.3603526
100060690533,50.9257747,-1.3607536
100060690534,50.9257933,-1.3608672
100060690535,50.925943,-1.3602817
100060690536,50.9257197,-1.3605552
100060690537,50.9259152,-1.3601398
100060690538,50.9256924,-1.3604986
100060690539,50.9258969,-1.3600689
100060690540,50.9256556,-1.3603426
100060690542,50.9256283,-1.3602861
100060690850,50.9217655,-1.37266
100060690851,50.9216913,-1.3722342
100060690852,50.921631,-1.372733
100060690853,50.9215834,-1.3722499
100060690855,50.9214691,-1.3727209
100060690857,50.9214489,-1.3723086
100060690860,50.9213499,-1.3722957
100060690862,50.921191,-1.3728527
100060690864,50.9212152,-1.3723402
100060690865,50.9212152,-1.3723402
100060690869,50.9211521,-1.3723126
100060690871,50.9209216,-1.3729275
100060690873,50.9210442,-1.3722998
100060690876,50.9209548,-1.3724149
100060690877,50.9206975,-1.3730585
100060690878,50.9208648,-1.3723876
100060690879,50.9205537,-1.3730747
100060690880,50.9206345,-1.3730452
100060690881,50.9207566,-1.3723464
100060690882,50.9204909,-1.373104
100060690883,50.9206668,-1.3723618
100060690885,50.9202573,-1.3731356
100060690887,50.9201766,-1.3731794
100060690888,50.9200597,-1.3731809
100060690889,50.9200928,-1.3726541
100060690890,50.9200928,-1.3726541
100060690891,50.920048,-1.3726831
100060690892,50.9195928,-1.3733152
100060690893,50.9198415,-1.3727286
100060690894,50.9195032,-1.3733734
100060690895,50.9198056,-1.3727433
100060690896,50.9193954,-1.3734033
100060690897,50.9196888,-1.3727733
100060690898,50.919243,-1.3734764
100060690899,50.9193298,-1.3729062
100060690900,50.9191533,-1.3735345
100060690901,50.9190456,-1.3735644
100060690902,50.9189794,-1.3729678
100060690903,50.9188839,-1.3735951
100060690904,50.9188808,-1.3730261
100060690905,50.9187672,-1.3736393
100060690906,50.9185695,-1.3736562
100060690907,50.918567,-1.3731868
100060690908,50.9184892,-1.3737853
100060690910,50.924083,-1.3755314
100060690911,50.9240379,-1.3754893
100060690912,50.9240276,-1.3752618
100060690913,50.9229844,-1.3735827
100060690914,50.9229653,-1.3733695
100060690915,50.9229295,-1.3733985
100060690916,50.9227574,-1.3731731
100060690917,50.9222267,-1.3731376
100060690918,50.922181,-1.3730101
100060690919,50.9221896,-1.3729247
100060690920,50.9221171,-1.372826
100060690921,50.9224468,-1.3722667
100060690922,50.9221166,-1.3727407
100060690923,50.9224011,-1.3721251
100060690924,50.9220438,-1.3725775
100060690925,50.9223102,-1.3719413
100060690926,50.9222008,-1.3716583
100060690927,50.9219251,-1.3722311
100060690928,50.9218156,-1.3719338
100060690929,50.9218156,-1.3719338
100060690930,50.9217513,-1.3716928
100060690931,50.9211732,-1.3712026
100060690932,50.921243,-1.3708033
100060690933,50.9212509,-1.370604
100060690934,50.921073,-1.3699834
100060690935,50.9209946,-1.3697681
100060690936,50.9209668,-1.369612
100060690937,50.9209027,-1.3694137
100060690938,50.9207368,-1.3686619
100060690939,50.9206904,-1.3683922
100060690940,50.9206359,-1.3682933
100060690941,50.9206071,-1.3679523
100060690942,50.9206071,-1.3679523
100060690943,50.9206071,-1.3679523
100060690944,50.9206071,-1.3679523
100060690945,50.9206071,-1.3679523
100060690946,50.9206071,-1.3679523
100060690947,50.9206071,-1.3679523
100060690948,50.9204975,-1.3676408
100060690949,50.9204691,-1.3673851
100060690950,50.9204407,-1.3671151
100060690951,50.9204744,-1.3666879
100060690952,50.9204116,-1.3667172
100060690953,50.922638,-1.3727052
100060690954,50.922638,-1.3727052
100060690955,50.922638,-1.3727052
100060690956,50.922638,-1.3727052
100060690957,50.9225287,-1.3724506
100060690958,50.9202275,-1.3659372
100060690959,50.9202604,-1.3653677
100060690960,50.9201556,-1.3659382
100060690961,50.9201883,-1.3653402
100060690962,50.9200655,-1.365911
100060690963,50.9200984,-1.3653557
100060690964,50.9199845,-1.3658978
100060690965,50.9200083,-1.3653142
100060690966,50.9199035,-1.3658847
100060690967,50.9199274,-1.3653295
100060690968,50.9198135,-1.3658717
100060690969,50.9198554,-1.3653021
100060690970,50.9197326,-1.3658728
100060690971,50.9197743,-1.3652747
100060690972,50.9196515,-1.3658455
100060690973,50.9196844,-1.3652759
100060690974,50.9195706,-1.3658608
100060690975,50.9196123,-1.3652627
100060690976,50.9194894,-1.365805
100060690977,50.9195224,-1.3652639
100060690978,50.9194085,-1.3658203
100060690979,50.9194414,-1.3652508
100060690980,50.9193184,-1.3657788
100060690981,50.9193694,-1.3652375
100060690982,50.9192464,-1.3657798
100060690983,50.9192794,-1.3652245
100060690984,50.9191566,-1.3657953
100060690985,50.9192072,-1.3651828
100060690986,50.9190666,-1.3657823
100060690987,50.9190993,-1.3651843
100060690988,50.9189765,-1.365755
100060690989,50.9190093,-1.3651713
100060690990,50.9188956,-1.3657561
100060690991,50.918919,-1.3651014
100060690992,50.9188237,-1.3657571
100060690993,50.9188556,-1.3650169
100060690994,50.9187247,-1.3657442
100060690995,50.9186346,-1.365717
100060690996,50.9185622,-1.3656326
100060690997,50.9184897,-1.365534
100060690998,50.9184876,-1.3651357
100060690999,50.9243536,-1.3740053
100060691000,50.9246503,-1.3739871
100060691001,50.9243531,-1.37392
100060691002,50.9246498,-1.3739018
100060691003,50.9243704,-1.3737917
100060691004,50.9246672,-1.3738019
100060691005,50.9243791,-1.3737347
100060691006,50.9246847,-1.3737021
100060691007,50.9243965,-1.3736206
100060691008,50.9247111,-1.3735879
100060691009,50.924414,-1.373535
100060691010,50.9247197,-1.3735167
100060691011,50.9244404,-1.3734208
100060691012,50.924746,-1.3733882
100060691013,50.924449,-1.3733496
100060691014,50.9247635,-1.3733026
100060691015,50.924484,-1.3731641
100060691016,50.92479,-1.3732169
100060691017,50.9244927,-1.3731071
100060691018,50.9247985,-1.3731172
100060691117,50.9199647,-1.3722432
100060691118,50.9198918,-1.3720593
100060691119,50.9198552,-1.371946
100060691120,50.9196313,-1.3721055
100060691121,50.9198366,-1.3718182
100060691122,50.919604,-1.3720489
100060691123,50.9198087,-1.3716478
100060691124,50.919576,-1.3718643
100060691125,50.9197902,-1.3715627
100060691126,50.9195665,-1.3717649
100060691127,50.9197802,-1.3713779
100060691128,50.9195296,-1.3715947
100060691129,50.9197618,-1.3712928
100060691130,50.9195113,-1.3715238
100060691131,50.9197248,-1.3710941
100060691132,50.9194834,-1.3713677
100060691133,50.9195007,-1.3712252
100060691134,50.9194727,-1.3710406
100060691210,50.9216319,-1.3829766
100060691211,50.9215963,-1.383034
100060691212,50.9215605,-1.3830771
100060691213,50.9215249,-1.3831345
100060691214,50.9214982,-1.3831918
100060691215,50.9214624,-1.3832349
100060691216,50.9214465,-1.3836193
100060691217,50.9214194,-1.3835912
100060691218,50.9213832,-1.383549
100060691219,50.9213471,-1.383521
100060691220,50.9213109,-1.3834788
100060691221,50.9212747,-1.3834366
100060691222,50.9211299,-1.3832678
100060691223,50.9211299,-1.3832678
100060691224,50.9211299,-1.3832678
100060691225,50.9211299,-1.3832678
100060691226,50.9211299,-1.3832678
100060691227,50.9211299,-1.3832678
100060691228,50.9210766,-1.3833965
100060691229,50.9210766,-1.3833965
100060691230,50.9210766,-1.3833965
100060691231,50.9210766,-1.3833965
100060691232,50.9210766,-1.3833965
100060691233,50.9210766,-1.3833965
100060691234,50.9210323,-1.3835252
100060691235,50.9210323,-1.3835252
100060691236,50.9210323,-1.3835252
100060691237,50.9210323,-1.3835252
100060691238,50.9210323,-1.3835252
100060691239,50.9210323,-1.3835252
100060691240,50.9209969,-1.3836252
100060691241,50.9209702,-1.3836825
100060691681,50.9303211,-1.3600365
100060691682,50.9303396,-1.3601358
100060691683,50.9303582,-1.3602494
100060691684,50.9303857,-1.3603486
100060691685,50.9303954,-1.3604766
100060691686,50.9304049,-1.360576
100060691687,50.9304324,-1.3606611
100060691688,50.9304188,-1.3614724
100060691689,50.9304188,-1.3614724
100060691690,50.9304188,-1.3614724
100060691691,50.9308051,-1.3613959
100060691692,50.9304188,-1.3614724
100060691693,50.9308051,-1.3613959
100060691694,50.9304188,-1.3614724
100060691695,50.9308051,-1.3613959
100060691696,50.9304188,-1.3614724
100060691697,50.9308051,-1.3613959
100060691698,50.9304188,-1.3614724
100060691699,50.9308051,-1.3613959
100060691700,50.9304188,-1.3614724
100060691701,50.9308051,-1.3613959
100060691702,50.9304188,-1.3614724
100060691703,50.9304188,-1.3614724
100060691704,50.9304188,-1.3614724
100060691705,50.9304188,-1.3614724
100060691706,50.9304188,-1.3614724
100060691707,50.9304188,-1.3614724
100060691708,50.9304188,-1.3614724
100060691709,50.9304188,-1.3614724
100060691710,50.9324081,-1.3701116
100060691711,50.932345,-1.3700698
100060691712,50.9322726,-1.3699996
100060691713,50.9322364,-1.3699574
100060691714,50.9321821,-1.369887
100060691715,50.9321369,-1.3698449
100060691716,50.9320826,-1.3697887
100060691717,50.9320374,-1.3697324
100060691718,50.9319742,-1.3696906
100060691719,50.9319469,-1.369634
100060691720,50.9318747,-1.3695781
100060691721,50.9318474,-1.3695215
100060691722,50.9317751,-1.3694513
100060691723,50.9317389,-1.3694091
100060691724,50.9316756,-1.3693531
100060691725,50.9316304,-1.3692968
100060691726,50.9315579,-1.3691981
100060691727,50.9315216,-1.3691417
100060691728,50.9314401,-1.369029
100060691729,50.9313857,-1.3689585
100060691730,50.9313045,-1.3689027
100060691731,50.9312051,-1.3688187
100060691732,50.9311328,-1.3687485
100060691733,50.9311056,-1.3687062
100060691734,50.9310334,-1.3686503
100060691735,50.9310151,-1.3685936
100060691736,50.9309156,-1.3684953
100060691737,50.9309518,-1.3685375
100060691738,50.9308521,-1.3683966
100060691739,50.930834,-1.3683684
100060691740,50.9307527,-1.3682983
100060691741,50.9307167,-1.3682988
100060691742,50.9306622,-1.3681999
100060691743,50.9305991,-1.3681723
100060691744,50.9304903,-1.368003
100060691745,50.9303999,-1.3679189
100060691746,50.9303362,-1.3677775
100060691747,50.9302192,-1.3677506
100060691748,50.9301376,-1.3676379
100060691749,50.9294547,-1.3677325
100060691750,50.929374,-1.3677763
100060691751,50.9292933,-1.3678201
100060691752,50.9292215,-1.3678495
100060691753,50.9291497,-1.367879
100060691754,50.9290599,-1.3678944
100060691755,50.9289882,-1.3679381
100060691756,50.9288984,-1.3679678
100060691757,50.9288084,-1.3679547
100060691758,50.9287189,-1.3680271
100060691759,50.9286017,-1.367986
100060691760,50.9285028,-1.3679874
100060691761,50.9283862,-1.3680459
100060691804,50.9283315,-1.3612876
100060691805,50.9281877,-1.3612896
100060691806,50.9281154,-1.3612337
100060691807,50.9280432,-1.3611777
100060691808,50.9286997,-1.3644984
100060691809,50.9287607,-1.3641276
100060691810,50.9286457,-1.3644849
100060691811,50.9287066,-1.3640999
100060691812,50.9285735,-1.364429
100060691813,50.9286345,-1.3640724
100060691814,50.9285104,-1.3644014
100060691815,50.9285623,-1.3640307
100060691816,50.9284382,-1.3643597
100060691817,50.9284992,-1.3640031
100060691818,50.9283661,-1.3643322
100060691819,50.9284361,-1.3639755
100060691820,50.928303,-1.3643046
100060691821,50.9283639,-1.3639196
100060691822,50.9282311,-1.3643056
100060691823,50.9283005,-1.3638493
100060691824,50.928141,-1.3642784
100060691825,50.9282375,-1.363836
100060691826,50.9280868,-1.3642365
100060691827,50.9281294,-1.3637948
100060691828,50.9280411,-1.3640948
100060691829,50.9280576,-1.3638242
100060691830,50.9280314,-1.3639669
100060691831,50.9288731,-1.3649514
100060691832,50.9288704,-1.3628028
100060691833,50.9288995,-1.3648514
100060691834,50.9287039,-1.3619655
100060691835,50.9288899,-1.3647377
100060691836,50.9286116,-1.3615257
100060691837,50.9289163,-1.3646235
100060691838,50.928566,-1.3613982
100060691839,50.9289426,-1.3645093
100060691840,50.9285384,-1.3612848
100060691841,50.928951,-1.3643954
100060691842,50.9284928,-1.3611715
100060691843,50.9289774,-1.3642954
100060691844,50.9284563,-1.3610867
100060691845,50.9289767,-1.3641674
100060691846,50.9284287,-1.3609732
100060691847,50.9289942,-1.3640817
100060691848,50.9283556,-1.3607608
100060691849,50.9290117,-1.3639819
100060691851,50.929029,-1.3638536
100060691853,50.9290463,-1.3637395
100060691855,50.9290728,-1.3636538
100060691857,50.9290815,-1.3635825
100060691859,50.9290986,-1.3634257
100060691861,50.9291161,-1.3633401
100060691863,50.9291154,-1.3632121
100060691865,50.9291329,-1.3631265
100060691867,50.9291502,-1.3629981
100060691869,50.9291587,-1.3629127
100060691871,50.929149,-1.3627847
100060691873,50.9291576,-1.3626992
100060691875,50.9291477,-1.3625428
100060691877,50.9291293,-1.3624577
100060691879,50.9291105,-1.3623157
100060691881,50.9290921,-1.3622305
100060691882,50.9290646,-1.3621313
100060691883,50.9290549,-1.3620176
100060691884,50.9290004,-1.3619187
100060691885,50.9289639,-1.3618054
100060691886,50.9289542,-1.3616917
100060691887,50.9288996,-1.3615644
100060691888,50.9288812,-1.3614935
100060691889,50.9288446,-1.3613802
100060691890,50.9288352,-1.3612949
100060691891,50.9287985,-1.3611673
100060691892,50.9287711,-1.3610823
100060691893,50.9287615,-1.3609829
100060691894,50.9287249,-1.3608695
100060691895,50.9287063,-1.360756
100060691896,50.9286607,-1.3606427
100060691897,50.9286418,-1.3604722
100060691898,50.9286052,-1.3603589
100060691899,50.9285776,-1.3602455
100060691900,50.9285321,-1.3601323
100060691901,50.9285403,-1.3600041
100060691902,50.9285403,-1.3600041
100060693251,50.9159642,-1.3724536
100060693252,50.9149897,-1.3718407
100060693253,50.9155306,-1.3721037
100060693254,50.9150524,-1.3717972
100060693255,50.9155846,-1.372103
100060693256,50.9151332,-1.3717677
100060693257,50.9156744,-1.3720734
100060693258,50.9151959,-1.3717242
100060693259,50.9157283,-1.3720726
100060693260,50.9152767,-1.3716946
100060693261,50.915818,-1.3720288
100060693262,50.9158899,-1.3720278
100060693263,50.9159889,-1.3720407
100060693264,50.9160338,-1.3720258
100060693265,50.9161418,-1.3720386
100060693266,50.9158958,-1.3714445
100060693267,50.9159501,-1.3715149
100060693268,50.9160221,-1.3715139
100060693269,50.9161031,-1.371527
100060693270,50.9161751,-1.3715403
100060693271,50.916319,-1.3715526
100060693857,50.9398584,-1.3894673
100060693858,50.9394255,-1.389231
100060693859,50.939885,-1.38941
100060693860,50.9395426,-1.3892722
100060693861,50.9399384,-1.3892954
100060693862,50.9395876,-1.3892716
100060693863,50.939974,-1.3892238
100060693864,50.9396588,-1.3891425
100060693866,50.9396944,-1.3890709
100060693867,50.93973,-1.3889993
100060693868,50.9397834,-1.388899
100060693869,50.9398726,-1.3887555
100060694366,50.9100522,-1.36013
100060694367,50.9100879,-1.3600868
100060694729,50.9270002,-1.366158
100060694730,50.9271173,-1.3661991
100060694731,50.9272071,-1.3661836
100060694732,50.9273149,-1.3661537
100060694733,50.9275306,-1.3661365
100060694734,50.9274224,-1.3660811
100060694735,50.9274348,-1.366707
100060694736,50.9275158,-1.3667201
100060694737,50.9276829,-1.3660349
100060694738,50.9276688,-1.3667465
100060694739,50.9277731,-1.3660763
100060694740,50.9277951,-1.3668159
100060694741,50.9278813,-1.3661318
100060694742,50.9279188,-1.3666698
100060694743,50.9279984,-1.3661729
100060694744,50.9281242,-1.3661427
100060694745,50.9280289,-1.3668128
100060694746,50.9282413,-1.3661838
100060694747,50.9280829,-1.3668263
100060694748,50.9283043,-1.3661971
100060694749,50.9281458,-1.3668254
100060694750,50.9284481,-1.366181
100060694751,50.9282447,-1.3668241
100060694752,50.9285293,-1.3662225
100060694753,50.9285653,-1.3662363
100060694754,50.9284782,-1.366764
100060694755,50.9286914,-1.3662772
100060694756,50.9285954,-1.3668193
100060694757,50.9287989,-1.3662046
100060694758,50.9287036,-1.3668605
100060694759,50.9289431,-1.3662596
100060694760,50.9287939,-1.3669304
100060694761,50.9290697,-1.3663859
100060694762,50.9289108,-1.3669288
100060694763,50.9289922,-1.3670273
100060694764,50.9291337,-1.3665843
100060694765,50.9291277,-1.3671251
100060694766,50.929206,-1.3666544
100060694767,50.9291999,-1.367181
100060694768,50.9292692,-1.3666963
100060694769,50.9293325,-1.3667523
100060694770,50.9296519,-1.367616
100060694771,50.9293956,-1.3667942
100060694772,50.9295766,-1.3669909
100060694773,50.929613,-1.3670758
100060694774,50.9296853,-1.367146
100060694775,50.9297214,-1.3671739
100060694776,50.9297939,-1.3672725
100060694777,50.9298481,-1.3673145
100060694778,50.9299115,-1.367399
100060694779,50.9299567,-1.3674411
100060694780,50.9300382,-1.3675396
100060694781,50.9300833,-1.3675674
100060695241,50.9271284,-1.3699127
100060695242,50.9271284,-1.3699127
100060695243,50.92711,-1.3698418
100060695244,50.9270918,-1.3697994
100060695245,50.9270914,-1.3697283
100060695246,50.9270822,-1.3696857
100060695247,50.9268209,-1.3695896
100060695248,50.9267849,-1.3695901
100060695249,50.9267578,-1.3695763
100060695250,50.9267219,-1.3695767
100060695251,50.9266591,-1.3696061
100060695252,50.9266321,-1.3696064
100060695253,50.9265961,-1.3696069
100060695254,50.9265602,-1.3696074
100060695255,50.9265333,-1.3696362
100060695256,50.9264884,-1.3696368
100060695257,50.9264614,-1.3696372
100060695258,50.9264345,-1.3696518
100060695259,50.9262107,-1.3698398
100060695260,50.9262109,-1.3698682
100060695261,50.9262112,-1.3699252
100060695262,50.9254392,-1.3701917
100060695263,50.9253944,-1.3702208
100060695264,50.9254061,-1.3707186
100060695265,50.9253315,-1.3702216
100060695266,50.9253521,-1.3707051
100060695267,50.9252236,-1.3702231
100060695268,50.9252532,-1.3707065
100060695269,50.9251606,-1.370224
100060695270,50.9251901,-1.3706931
100060695271,50.9249753,-1.369202
100060695272,50.9251002,-1.3706943
100060695273,50.9248594,-1.3693886
100060695274,50.9250462,-1.3706808
100060695275,50.9249654,-1.3707104
100060695276,50.9250168,-1.3702259
100060695277,50.9249808,-1.3702264
100060695278,50.9247479,-1.3707244
100060695279,50.9249088,-1.3702131
100060695280,50.9246719,-1.3707112
100060695281,50.9248638,-1.3702137
100060695282,50.9246211,-1.3706649
100060695283,50.9247466,-1.3701584
100060695284,50.9245677,-1.370682
100060695285,50.9245154,-1.3706358
100060695286,50.924456,-1.3706719
100060695287,50.9243978,-1.3706302
100060695288,50.9256669,-1.3707293
100060695289,50.925721,-1.3707428
100060695290,50.925802,-1.3707702
100060695291,50.9258651,-1.3707836
100060695292,50.9258651,-1.3707836
100060695293,50.9256819,-1.3701742
100060695294,50.925919,-1.3707828
100060695295,50.925919,-1.3707828
100060695296,50.9257632,-1.37023
100060695297,50.9260089,-1.3707816
100060695298,50.9258351,-1.3702291
100060695299,50.9260449,-1.3707811
100060695300,50.9259252,-1.3702563
100060695301,50.926135,-1.3708084
100060695302,50.9259702,-1.3702699
100060695303,50.9261889,-1.3708076
100060695304,50.9260512,-1.370283
100060695305,50.9260962,-1.3702824
100060695306,50.9261952,-1.3702953
100060695307,50.9265128,-1.3708317
100060695308,50.9262491,-1.3702946
100060695309,50.9266209,-1.3708729
100060695310,50.926348,-1.3702933
100060695311,50.9266479,-1.3708726
100060695312,50.9267288,-1.3708715
100060695313,50.9265367,-1.3702622
100060695314,50.9267559,-1.3708853
100060695315,50.9266269,-1.3703179
100060695316,50.9267438,-1.3703164
100060695317,50.9269088,-1.3708975
100060695318,50.9268158,-1.3703154
100060695319,50.9274692,-1.3714306
100060695320,50.9270561,-1.3715216
100060695321,50.9269536,-1.3708684
100060695322,50.9268967,-1.3703143
100060695323,50.9270344,-1.3708389
100060695324,50.9269688,-1.3703418
100060695325,50.9271604,-1.3708514
100060695326,50.9270319,-1.3703694
100060695327,50.9272143,-1.3708507
100060695328,50.9271218,-1.3703682
100060695329,50.9273223,-1.3708635
100060695330,50.9271848,-1.3703673
100060695331,50.9273674,-1.3708913
100060695332,50.9272477,-1.3703665
100060695333,50.9274484,-1.3708902
100060695334,50.9273107,-1.3703798
100060695335,50.9275383,-1.370889
100060695336,50.9274186,-1.3703784
100060695337,50.9275833,-1.3709026
100060695338,50.9274727,-1.3703919
100060695339,50.9276555,-1.3709443
100060695340,50.9277725,-1.3709712
100060695341,50.9275625,-1.3703764
100060695342,50.9278176,-1.3709848
100060695343,50.9278801,-1.3708986
100060695344,50.9277787,-1.3704446
100060695345,50.927907,-1.3708982
100060695346,50.9278236,-1.3704298
100060695347,50.9279884,-1.3709825
100060695348,50.9278864,-1.3704147
100060695349,50.9280421,-1.3709391
100060695350,50.9279403,-1.3703998
100060695351,50.9281141,-1.3709524
100060695352,50.9280305,-1.3704555
100060695353,50.9281771,-1.3709515
100060695354,50.9280664,-1.3704407
100060695355,50.92824,-1.3709507
100060695356,50.9281474,-1.3704539
100060695357,50.9282939,-1.3709357
100060695358,50.9281923,-1.370439
100060695359,50.9283927,-1.3709201
100060695360,50.9285458,-1.3709608
100060695361,50.9286179,-1.370974
100060695362,50.9288065,-1.3709288
100060695363,50.9288514,-1.3709282
100060695364,50.928914,-1.3708562
100060695365,50.9289589,-1.3708413
100060695366,50.9290034,-1.3707554
100060695367,50.9290572,-1.3707404
100060695368,50.92912,-1.3707111
100060695369,50.9291739,-1.3706961
100060695370,50.9292549,-1.3707093
100060695371,50.9292816,-1.370652
100060695372,50.9293538,-1.3707079
100060695373,50.9293806,-1.3706791
100060695374,50.929453,-1.3707493
100060695375,50.929498,-1.3707629
100060695376,50.9294111,-1.3713333
100060695377,50.9295887,-1.370904
100060695378,50.929661,-1.3709741
100060695379,50.9297063,-1.3710304
100060695380,50.9297969,-1.3711573
100060695381,50.9300516,-1.3717088
100060695382,50.9300878,-1.371751
100060695383,50.9301244,-1.3718644
100060695384,50.9301607,-1.3719208
100060695385,50.9301972,-1.3720199
100060695386,50.9302246,-1.3721049
100060695387,50.9302701,-1.3721897
100060695388,50.9307021,-1.372255
100060695389,50.9303063,-1.3722461
100060695390,50.9307837,-1.372382
100060695391,50.9303339,-1.3723596
100060695392,50.9308202,-1.3724953
100060695393,50.9303701,-1.3724018
100060695394,50.9309109,-1.3726222
100060695395,50.9304066,-1.3725009
100060695396,50.9309742,-1.3726925
100060695397,50.9304519,-1.3725572
100060695398,50.9310463,-1.3727342
100060695399,50.9305882,-1.3728258
100060695400,50.9311006,-1.3727904
100060695401,50.9306425,-1.372882
100060695402,50.9311639,-1.3728465
100060695403,50.930724,-1.3729947
100060695404,50.9312449,-1.3728738
100060695405,50.9307782,-1.3730367
100060695406,50.9313169,-1.3728729
100060695407,50.9308686,-1.3731351
100060695408,50.9309138,-1.3731771
100060695409,50.9310041,-1.3732471
100060695410,50.9310674,-1.3733031
100060695411,50.9316165,-1.3734096
100060695414,50.9289665,-1.3891262
100060695415,50.9286528,-1.3893153
100060695416,50.9289398,-1.3891835
100060695417,50.9286623,-1.3894148
100060695418,50.9289588,-1.3893682
100060695419,50.9286451,-1.3895716
100060695420,50.9289772,-1.3894534
100060695421,50.9286455,-1.3896569
100060695422,50.9289961,-1.3896239
100060695423,50.9286282,-1.389771
100060695424,50.9289965,-1.3897092
100060695425,50.9286287,-1.3898706
100060695430,50.9290068,-1.389951
100060695574,50.9112748,-1.3600563
100060695576,50.9113293,-1.3601551
100060695578,50.9113748,-1.3602541
100060695580,50.9114292,-1.3603387
100060695582,50.9114747,-1.3604376
100060695584,50.9115293,-1.3605507
100060695585,50.9117245,-1.3600786
100060695586,50.9115927,-1.3606351
100060695587,50.9117789,-1.3601632
100060695588,50.911674,-1.3607051
100060695589,50.9118603,-1.3602474
100060695590,50.9117731,-1.3607322
100060695591,50.9119055,-1.3602752
100060695592,50.9118542,-1.3607738
100060695593,50.9119866,-1.3603168
100060695594,50.9119353,-1.3608011
100060695595,50.9120768,-1.3603725
100060695596,50.9120165,-1.3608427
100060695597,50.9121219,-1.3603861
100060695598,50.9121247,-1.3608981
100060695599,50.912203,-1.3604276
100060695600,50.9122238,-1.3609394
100060695601,50.9122751,-1.3604551
100060695602,50.9123139,-1.3609666
100060695603,50.9123562,-1.3604824
100060695604,50.912395,-1.360994
100060695605,50.9124761,-1.3610213
100060695606,50.9125364,-1.3605511
100060695607,50.9125662,-1.3610628
100060695608,50.9125994,-1.3605502
100060695609,50.9126385,-1.3611187
100060695610,50.9126716,-1.3606061
100060695611,50.9127018,-1.3611889
100060695612,50.9127528,-1.3606477
100060695613,50.9128611,-1.3607173
100060695614,50.9300402,-1.3662589
100060695615,50.9303113,-1.3664971
100060695616,50.9300576,-1.3661448
100060695617,50.9303106,-1.366369
100060695618,50.930066,-1.3660451
100060695619,50.930337,-1.3662548
100060695620,50.9300925,-1.3659451
100060695621,50.9303453,-1.3661409
100060695622,50.9301187,-1.3658024
100060695623,50.9303718,-1.3660551
100060695624,50.9301446,-1.3656029
100060695625,50.9303893,-1.3659553
100060695626,50.9304156,-1.3658268
100060695627,50.9304327,-1.3656701
100060695884,50.9245307,-1.3835643
100060695885,50.924441,-1.3836081
100060695886,50.9244859,-1.3835933
100060695887,50.9243603,-1.3836519
100060695888,50.9244052,-1.3836371
100060695889,50.9242706,-1.3836958
100060695890,50.9243245,-1.3836808
100060695891,50.9242993,-1.3840084
100060695892,50.9242456,-1.384066
100060695893,50.9242099,-1.3841092
100060695894,50.9241469,-1.38411
100060695895,50.9241022,-1.3841533
100060695896,50.9241492,-1.3845368
100060695897,50.9241134,-1.3845657
100060695898,50.9240865,-1.3845946
100060695899,50.9240597,-1.3846234
100060695900,50.9239701,-1.3846815
100060695901,50.9239432,-1.384696
100060695902,50.9239072,-1.3846965
100060695903,50.9238713,-1.3847112
100060695904,50.9238535,-1.3847399
100060696504,50.9219067,-1.3843631
100060696505,50.9219436,-1.3843295
100060696506,50.9219787,-1.384305
100060696507,50.9220176,-1.3842834
100060696508,50.9220058,-1.3839533
100060696509,50.9220547,-1.3842619
100060696510,50.9220974,-1.3842462
100060696511,50.9221296,-1.3842112
100060696512,50.922169,-1.3841931
100060696513,50.9222074,-1.3841755
100060696514,50.922452,-1.3836437
100060696515,50.9225266,-1.3838957
100060696516,50.9226242,-1.3835468
100060696517,50.9225793,-1.3835758
100060696518,50.9228592,-1.3837856
100060696519,50.9226959,-1.3835032
100060696520,50.92266,-1.3835179
100060696521,50.9228861,-1.383771
100060696522,50.9227812,-1.3834362
100060696523,50.9229489,-1.3837275
100060696524,50.9229489,-1.3837275
100060696525,50.922897,-1.3833773
100060696526,50.922861,-1.3833974
100060696527,50.9229378,-1.3833435
100060696528,50.9230116,-1.383684
100060696529,50.9229737,-1.3833288
100060696530,50.9230564,-1.3836549
100060696531,50.9230005,-1.3833
100060696532,50.9231101,-1.3836115
100060696533,50.9230274,-1.3832854
100060696534,50.9231548,-1.3835682
100060696535,50.9230543,-1.3832708
100060696536,50.9232177,-1.3835532
100060696537,50.9230812,-1.3832562
100060696538,50.9232625,-1.3835241
100060696539,50.923135,-1.383227
100060696540,50.9232985,-1.3835237
100060696541,50.9231614,-1.3831129
100060696542,50.9232156,-1.3831548
100060696543,50.9232241,-1.3830694
100060696544,50.9232785,-1.3831398
100060696669,50.9259327,-1.363341
100060696670,50.9262484,-1.3635217
100060696671,50.9259863,-1.3632692
100060696672,50.9262929,-1.3634215
100060696673,50.9260218,-1.3631833
100060696674,50.9263283,-1.3633214
100060696675,50.9260752,-1.363083
100060696676,50.9263727,-1.3632212
100060696677,50.9261106,-1.3629829
100060696678,50.9264172,-1.3631352
100060696679,50.9261461,-1.362897
100060696680,50.9264528,-1.3630636
100060696681,50.9261906,-1.3628111
100060696682,50.9265061,-1.362949
100060696683,50.9262351,-1.3627251
100060696684,50.9265506,-1.362863
100060696685,50.9262884,-1.3625963
100060696686,50.9265949,-1.3627486
100060696687,50.926315,-1.3625248
100060696744,50.9106075,-1.3613741
100060696745,50.910888,-1.3616831
100060696746,50.910888,-1.3616831
100060696747,50.910888,-1.3616831
100060696748,50.910888,-1.3616831
100060696749,50.9106433,-1.3613309
100060696750,50.9109408,-1.3614691
100060696751,50.9107233,-1.3611733
100060696752,50.9109855,-1.3614258
100060696753,50.9107679,-1.3611016
100060696754,50.911066,-1.3613536
100060696755,50.9108482,-1.3609867
100060696756,50.9111378,-1.3613241
100060696757,50.9108929,-1.3609292
100060696758,50.9112271,-1.3612091
100060696759,50.9109822,-1.3608284
100060696760,50.9113166,-1.3611225
100060696761,50.9110449,-1.3607707
100060696762,50.9113972,-1.3610645
100060696763,50.9111075,-1.3607129
100060696764,50.9115137,-1.3609918
100060696765,50.9111611,-1.3606553
100060696766,50.9112687,-1.3605827
100060697290,50.9183142,-1.3813987
100060697291,50.9183774,-1.3814405
100060697292,50.9184287,-1.3809419
100060697293,50.9184316,-1.3814825
100060697294,50.9184829,-1.3809981
100060697295,50.9185194,-1.381083
100060697296,50.9185224,-1.381652
100060697297,50.9186002,-1.3810677
100060697298,50.9185497,-1.3817228
100060697299,50.9186632,-1.3810811
100060697300,50.9186305,-1.3816932
100060697301,50.9186996,-1.3811517
100060697302,50.9187272,-1.3812652
100060697303,50.918694,-1.381792
100060697304,50.9187573,-1.3818623
100060697305,50.9188025,-1.3819044
100060697306,50.9188476,-1.3819322
100060697307,50.9188837,-1.3819602
100060698022,50.9399253,-1.3766567
100060698023,50.9398085,-1.3766725
100060698024,50.9397637,-1.3767016
100060698025,50.9397188,-1.3767307
100060698026,50.9396485,-1.3762279
100060698027,50.93968,-1.3761903
100060698028,50.9397315,-1.3761657
100060698029,50.9399253,-1.3766567
100060698030,50.939787,-1.3760181
100060698031,50.939787,-1.3760181
100060698194,50.9226613,-1.3620484
100060698195,50.9227987,-1.3625018
100060698196,50.922745,-1.3625453
100060698197,50.9226734,-1.3626174
100060698198,50.9226197,-1.3626608
100060698199,50.9225391,-1.3627188
100060698200,50.9224945,-1.3627763
100060698201,50.9224049,-1.3628487
100060698202,50.9223423,-1.3629065
100060698203,50.9225141,-1.3630891
100060698204,50.9225863,-1.3631308
100060698205,50.9227123,-1.3631433
100060698206,50.9227389,-1.3630718
100060698207,50.9228017,-1.3630567
100060698208,50.9228555,-1.3630275
100060698209,50.9229092,-1.3629699
100060698210,50.922945,-1.3629409
100060698211,50.9230166,-1.362883
100060698212,50.9230615,-1.3628682
100060698213,50.9231151,-1.3627963
100060698214,50.9231688,-1.3627529
100060698215,50.9232226,-1.3627237
100060698216,50.9232582,-1.3626663
100060698217,50.9233209,-1.3626227
100060698218,50.9233657,-1.3625937
100060698219,50.9234194,-1.362536
100060698220,50.9234643,-1.3625212
100060698221,50.9235263,-1.3623496
100060698222,50.923544,-1.3622924
100060698223,50.9234612,-1.3619663
100060698224,50.9234076,-1.362024
100060698225,50.923336,-1.3620819
100060698226,50.9232823,-1.3621253
100060698227,50.9232017,-1.3621975
100060698228,50.9231389,-1.3622269
100060698229,50.9230583,-1.3622849
100060698230,50.9230226,-1.3623281
100060698231,50.9228671,-1.3618464
100060698276,50.9218599,-1.3634964
100060698277,50.9216257,-1.3634284
100060698278,50.9215811,-1.3634859
100060698279,50.9215004,-1.3635297
100060698280,50.9214556,-1.363573
100060698281,50.9213662,-1.3636596
100060698282,50.9213305,-1.3637028
100060698283,50.9212772,-1.3638315
100060698284,50.9212597,-1.3639171
100060698285,50.9212694,-1.3640451
100060698286,50.9212699,-1.3641446
100060698287,50.9213247,-1.3643004
100060698288,50.9214245,-1.3644555
100060698289,50.9213432,-1.3643855
100060698290,50.9214786,-1.3644833
100060698291,50.9216314,-1.3644669
100060698292,50.9215864,-1.3644676
100060698293,50.9217208,-1.3643804
100060698294,50.9217655,-1.3643371
100060698295,50.9218372,-1.3642934
100060698296,50.9218908,-1.3642215
100060698297,50.921997,-1.3639071
100060698568,50.9386463,-1.3796485
100060698569,50.9386182,-1.3794354
100060698570,50.9386178,-1.3793642
100060698571,50.9386175,-1.3793073
100060698572,50.9386172,-1.3792361
100060698573,50.9386079,-1.3791793
100060698574,50.9386075,-1.3791082
100060698575,50.9385982,-1.3790514
100060698576,50.9385795,-1.3789235
100060698577,50.9385792,-1.3788666
100060698578,50.9385792,-1.3788666
100060698579,50.9388139,-1.3790342
100060698642,50.9337257,-1.3692968
100060698643,50.9333017,-1.3707257
100060698644,50.9337432,-1.3692112
100060698645,50.9333102,-1.370626
100060698646,50.9337785,-1.3690827
100060698647,50.9333094,-1.3704837
100060698648,50.9338049,-1.3689827
100060698649,50.933309,-1.3703983
100060698650,50.9338311,-1.36884
100060698651,50.9333081,-1.3702417
100060698652,50.9338487,-1.3687686
100060698653,50.9332897,-1.3701566
100060698654,50.9338749,-1.3686259
100060698655,50.9333249,-1.3700138
100060698656,50.9339283,-1.3685114
100060698657,50.9333244,-1.3699284
100060698658,50.9339811,-1.3683114
100060698659,50.9333326,-1.3697718
100060698660,50.9340077,-1.3682399
100060698661,50.9333411,-1.3696863
100060698662,50.9340606,-1.3680399
100060698663,50.9333402,-1.3695155
100060698664,50.9340871,-1.3679542
100060698665,50.9333397,-1.3694301
100060698666,50.9341402,-1.3677827
100060698667,50.9333479,-1.3692735
100060698668,50.9341846,-1.3676825
100060698669,50.9333475,-1.3692023
100060698670,50.9342198,-1.3675397
100060698671,50.9333734,-1.3690028
100060698672,50.934264,-1.367411
100060698673,50.933391,-1.3689456
100060698674,50.9343351,-1.3672393
100060698675,50.933426,-1.3687601
100060698676,50.9343434,-1.3671253
100060698677,50.9334436,-1.3686887
100060698678,50.9344054,-1.3669537
100060698679,50.9334787,-1.3685175
100060698680,50.934441,-1.3668678
100060698681,50.9335053,-1.368446
100060698682,50.934494,-1.3666963
100060698683,50.9335585,-1.3683172
100060698684,50.9345385,-1.3666103
100060698685,50.933576,-1.3682315
100060698686,50.9349214,-1.365922
100060698687,50.9336472,-1.3680882
100060698688,50.9349031,-1.3658511
100060698689,50.9336558,-1.368017
100060698690,50.9348667,-1.3657804
100060698691,50.9337,-1.3678741
100060698692,50.9348393,-1.3656954
100060698693,50.9337266,-1.3678025
100060698694,50.9348027,-1.365582
100060698695,50.9337799,-1.3676737
100060698696,50.9347843,-1.3655111
100060698697,50.9337973,-1.3675739
100060698698,50.9347478,-1.365412
100060698699,50.9338506,-1.3674451
100060698700,50.9347114,-1.3653271
100060698701,50.9338682,-1.3673879
100060698702,50.934675,-1.3652565
100060698703,50.9339124,-1.367245
100060698704,50.9346564,-1.3651429
100060698705,50.933939,-1.3671735
100060698706,50.9346021,-1.3650724
100060698707,50.9341427,-1.3666015
100060698708,50.9345748,-1.3650159
100060698709,50.9341692,-1.3665015
100060698710,50.9345473,-1.3649166
100060698711,50.9341869,-1.3664443
100060698712,50.9345108,-1.3648318
100060698713,50.9342668,-1.3662582
100060698714,50.9344648,-1.3646331
100060698715,50.9342217,-1.3662304
100060698716,50.9344195,-1.3645768
100060698717,50.9341675,-1.3661884
100060698718,50.9343556,-1.3643927
100060698719,50.9341224,-1.3661606
100060698720,50.9343283,-1.3643361
100060698721,50.9342735,-1.3658312
100060698722,50.9342646,-1.3641947
100060698723,50.934273,-1.3657458
100060698724,50.9342283,-1.3641383
100060698725,50.9342722,-1.3655893
100060698726,50.9341734,-1.3639682
100060698727,50.9342715,-1.3654754
100060698728,50.9341191,-1.3638978
100060698729,50.9342527,-1.3653191
100060698730,50.9340466,-1.3637992
100060698731,50.9342433,-1.3652481
100060698732,50.9340102,-1.3637285
100060698733,50.9342154,-1.3650777
100060698734,50.9339467,-1.3636156
100060698735,50.934206,-1.3650067
100060698736,50.9339103,-1.3635449
100060698737,50.9341422,-1.3648368
100060698738,50.9338468,-1.3634461
100060698739,50.9341238,-1.3647659
100060698740,50.9337924,-1.3633615
100060698741,50.9340601,-1.3646244
100060698742,50.933702,-1.3632773
100060698743,50.9340327,-1.3645536
100060698744,50.9336748,-1.363235
100060698745,50.9339511,-1.3644267
100060698746,50.9336112,-1.3631078
100060698747,50.9339148,-1.3643703
100060698748,50.9335568,-1.3630232
100060698749,50.9334933,-1.3629244
100060698750,50.933457,-1.362868
100060699176,50.9100376,-1.3657059
100060699187,50.9113387,-1.3635261
100060699188,50.9112942,-1.3636121
100060699189,50.9112052,-1.363784
100060699190,50.910991,-1.3640856
100060699191,50.9109734,-1.364157
100060699192,50.9109377,-1.3642001
100060699193,50.9108929,-1.3642292
100060699194,50.9105371,-1.3649452
100060699195,50.9104923,-1.3649743
100060699196,50.9102606,-1.3653757
100060699197,50.9102526,-1.3655607
100060699198,50.9101813,-1.3656755
100060699199,50.9101369,-1.3657756
100060699256,50.9389662,-1.3755737
100060699257,50.9389658,-1.3754883
100060699258,50.9389652,-1.3753887
100060699259,50.9389558,-1.3753034
100060699260,50.9389642,-1.3751894
100060699261,50.9389457,-1.3751043
100060699262,50.9389358,-1.3749336
100060699263,50.9389354,-1.3748482
100060699264,50.9389348,-1.3747486
100060699265,50.9389254,-1.3746776
100060699266,50.9389337,-1.3745351
100060699267,50.9389331,-1.3744355
100060699268,50.9393223,-1.3749
100060699269,50.9392413,-1.3748868
100060699270,50.9392418,-1.3749722
100060699271,50.9393223,-1.3749
100060699272,50.9392413,-1.3748868
100060699273,50.9392418,-1.3749722
100060699274,50.9392518,-1.3751571
100060699275,50.9392521,-1.375214
100060699276,50.9392435,-1.3752853
100060699277,50.9392529,-1.3753706
100060699278,50.9392532,-1.3754275
100060699279,50.9392538,-1.3755271
100060699280,50.9392541,-1.3755983
100060699712,50.9169637,-1.374389
100060699713,50.9165379,-1.3737973
100060699714,50.9169633,-1.3743037
100060699715,50.9164819,-1.3734139
100060699716,50.9169267,-1.3741904
100060699717,50.9164722,-1.373286
100060699718,50.9169262,-1.3740908
100060699719,50.9164627,-1.3731866
100060699720,50.9169075,-1.373963
100060699721,50.9164441,-1.373073
100060699722,50.9168799,-1.3738496
100060699723,50.9164343,-1.3729167
100060699724,50.9168794,-1.37375
100060699725,50.9164515,-1.3727742
100060699726,50.9168609,-1.3736507
100060699727,50.9164061,-1.3726894
100060699728,50.916851,-1.3734943
100060699729,50.9163784,-1.3725618
100060699730,50.9168417,-1.3734376
100060699731,50.9163687,-1.3724197
100060699732,50.9168318,-1.373267
100060699733,50.9163499,-1.3722777
100060699734,50.9168133,-1.3731676
100060699735,50.9163402,-1.3721498
100060699736,50.9168128,-1.3730681
100060699737,50.9163127,-1.3720505
100060699738,50.9168032,-1.3729544
100060699739,50.9162268,-1.371127
100060699740,50.9168296,-1.3728545
100060699741,50.9163789,-1.3709827
100060699742,50.9167657,-1.3726846
100060699743,50.9164057,-1.3709397
100060699744,50.9167472,-1.3725711
100060699745,50.9164858,-1.3707964
100060699746,50.9167377,-1.3724858
100060699747,50.9165215,-1.370739
100060699748,50.9167282,-1.3723864
100060699749,50.9167187,-1.3722869
100060699750,50.9166998,-1.3721307
100060699751,50.9166543,-1.3720317
100060699752,50.9166538,-1.3719321
100060699753,50.9166351,-1.3718044
100060699754,50.9165983,-1.3716484
100060699755,50.9165977,-1.3715346
100060699756,50.9166235,-1.3713066
100060699757,50.9167126,-1.3711632
100060700355,50.9162891,-1.366005
100060700356,50.9165798,-1.3665416
100060700357,50.9163879,-1.3659752
100060700358,50.9166605,-1.3664978
100060700359,50.9164776,-1.3659455
100060700360,50.9167953,-1.3664818
100060700361,50.9165584,-1.365916
100060700362,50.9166393,-1.3659149
100060700363,50.9167201,-1.3658853
100060700364,50.9168007,-1.3658273
100060700365,50.9168816,-1.365812
100060700366,50.9169353,-1.3657686
100060700367,50.9170073,-1.3657818
100060700368,50.917124,-1.3657376
100060700369,50.9171867,-1.3657082
100060700370,50.9172853,-1.3656358
100060700371,50.917339,-1.3655924
100060700372,50.9178525,-1.3657561
100060700373,50.9174465,-1.3655198
100060700374,50.9179421,-1.3657122
100060700375,50.917509,-1.3654336
100060700376,50.9180317,-1.3656399
100060700377,50.9177231,-1.3651177
100060700378,50.9180761,-1.3655397
100060700379,50.9178303,-1.3649882
100060700380,50.9181474,-1.3654249
100060700381,50.9179287,-1.3648873
100060700382,50.918192,-1.3653532
100060700383,50.9179734,-1.364844
100060700384,50.9182635,-1.365281
100060700385,50.9180537,-1.3647291
100060700386,50.9183351,-1.3652089
100060700387,50.9180894,-1.3646717
100060700388,50.9184424,-1.3650937
100060700389,50.9181877,-1.3645565
100060700390,50.9182324,-1.3645133
100060700391,50.9183399,-1.3644407
100060700392,50.9183664,-1.3643549
100060700393,50.918456,-1.3642826
100060700394,50.9187014,-1.3647629
100060700395,50.9185366,-1.3642246
100060700396,50.9187728,-1.3646624
100060700397,50.9186169,-1.3641097
100060700398,50.9188625,-1.3646185
100060700399,50.9189036,-1.3639208
100060700400,50.9189429,-1.364532
100060700401,50.9189934,-1.3638911
100060700402,50.9190236,-1.3644882
100060700403,50.9190832,-1.3638615
100060700404,50.9191135,-1.364487
100060700405,50.9191637,-1.3637892
100060700406,50.9191942,-1.364429
100060700407,50.9192355,-1.3637598
100060700408,50.919275,-1.3644137
100060700409,50.9193163,-1.3637445
100060700410,50.9193558,-1.3643841
100060700411,50.9193971,-1.3637149
100060700412,50.9194455,-1.3643545
100060700413,50.9194778,-1.3636711
100060700414,50.9195271,-1.3644672
100060700415,50.9195494,-1.3636133
100060700416,50.9195986,-1.3643951
100060700417,50.9196393,-1.3635978
100060700418,50.9196973,-1.364351
100060700419,50.9197202,-1.3635967
100060700420,50.9197511,-1.3643218
100060700421,50.919801,-1.3635814
100060700422,50.9198229,-1.3642924
100060700423,50.9198819,-1.363566
100060700424,50.9199036,-1.3642486
100060700425,50.9199714,-1.3634937
100060700426,50.9199748,-1.3641196
100060700427,50.9200253,-1.3634787
100060700428,50.9200645,-1.3640757
100060700429,50.9201332,-1.3634773
100060700430,50.9201452,-1.3640319
100060700431,50.9201868,-1.3634054
100060700432,50.9202351,-1.3640307
100060700433,50.9202945,-1.3633755
100060700434,50.9203068,-1.3639728
100060700435,50.9203393,-1.3633464
100060700436,50.9203697,-1.363972
100060700437,50.920447,-1.3633022
100060700438,50.920492,-1.3633016
100060700439,50.9206083,-1.3632005
100060700440,50.9183419,-1.3631603
100060700441,50.9182883,-1.3632179
100060700442,50.9182258,-1.3633041
100060700443,50.9181631,-1.3633476
100060700444,50.9182829,-1.3638866
100060700445,50.9180737,-1.3634485
100060700446,50.9182203,-1.3639444
100060700447,50.9180291,-1.363506
100060700448,50.9181396,-1.3639881
100060700449,50.9179216,-1.3635786
100060700450,50.9180771,-1.3640744
100060700451,50.9178769,-1.3636361
100060700452,50.9180057,-1.3641749
100060700453,50.9177873,-1.3636942
100060700454,50.9179521,-1.3642325
100060700455,50.9177247,-1.363752
100060700456,50.9178716,-1.364319
100060700457,50.9176351,-1.3638101
100060700458,50.9178002,-1.3644053
100060700459,50.9175904,-1.3638676
100060700460,50.9177377,-1.3644915
100060700461,50.9175372,-1.3639964
100060700462,50.9176751,-1.3645635
100060700463,50.9174567,-1.3640828
100060700464,50.9176216,-1.3646496
100060700465,50.9175592,-1.36475
100060700466,50.9173498,-1.3642692
100060700467,50.917524,-1.3648786
100060700468,50.9172874,-1.3643696
100060700469,50.9173097,-1.365166
100060700470,50.9172249,-1.3644558
100060700471,50.917202,-1.3651959
100060700472,50.9171714,-1.3645419
100060700473,50.9171302,-1.3652253
100060700474,50.9170819,-1.3646143
100060700475,50.9170495,-1.3652691
100060700476,50.9170103,-1.3646864
100060700477,50.916951,-1.3653558
100060700478,50.9168701,-1.3653569
100060700479,50.9169386,-1.3647158
100060700480,50.9167803,-1.3653724
100060700481,50.9168671,-1.3648021
100060700482,50.9166902,-1.3653451
100060700483,50.9167683,-1.3648177
100060700484,50.9166092,-1.365332
100060700485,50.9166874,-1.364833
100060700486,50.9165371,-1.3653045
100060700487,50.9165791,-1.3647634
100060700488,50.916438,-1.3652774
100060700489,50.9164979,-1.3647076
100060700490,50.9163479,-1.3652502
100060700491,50.9164254,-1.364609
100060700492,50.9162843,-1.365123
100060700493,50.916362,-1.3645245
100060700494,50.916212,-1.3650529
100060700495,50.9162986,-1.36444
100060700496,50.9161485,-1.3649542
100060700497,50.916244,-1.364327
100060700498,50.916094,-1.3648553
100060700499,50.9161984,-1.3642138
100060700500,50.9160306,-1.3647709
100060700501,50.9159762,-1.3646862
100060700502,50.9159306,-1.3645731
100060700503,50.9158851,-1.3644741
100060700504,50.9158305,-1.364361
100060700505,50.915785,-1.3642621
100060701301,50.9339327,-1.3895592
100060701302,50.9341649,-1.3892431
100060701303,50.9339511,-1.3896301
100060701304,50.9341741,-1.3892999
100060701305,50.9339967,-1.3897576
100060701306,50.9342201,-1.3894843
100060701307,50.9340061,-1.3898286
100060701308,50.9342384,-1.3895552
100060701309,50.9340247,-1.3899565
100060701310,50.9342574,-1.3897399
100060701312,50.9342757,-1.3898109
100060701314,50.9343125,-1.3899527
100060701403,50.9144655,-1.3647068
100060701404,50.9142036,-1.364497
100060701405,50.9144651,-1.3646215
100060701406,50.9142392,-1.3644254
100060701407,50.9145185,-1.3645212
100060701408,50.9142835,-1.364311
100060701409,50.9145361,-1.3644498
100060701410,50.9143101,-1.3642395
100060701411,50.9145894,-1.3643353
100060701412,50.9143814,-1.3641247
100060701413,50.9146341,-1.3642778
100060701414,50.914399,-1.3640534
100060701415,50.9144433,-1.3639247
100060701416,50.9144698,-1.363839
100060701417,50.9269952,-1.3602957
100060701418,50.9272551,-1.3601356
100060701419,50.9270316,-1.3603806
100060701420,50.9272738,-1.3602634
100060701421,50.9270595,-1.3605367
100060701422,50.9273195,-1.3603908
100060701423,50.9270603,-1.360679
100060701424,50.9273829,-1.3604753
100060701425,50.927079,-1.360821
100060701426,50.9274195,-1.3605887
100060701427,50.9271876,-1.3609476
100060701428,50.9273579,-1.3608457
100060701756,50.9225491,-1.3829645
100060701757,50.9225937,-1.3828927
100060701758,50.9226472,-1.3828067
100060701759,50.9227096,-1.3827062
100060701760,50.9227096,-1.3827062
100060701761,50.9226472,-1.3828067
100060701762,50.9225937,-1.3828927
100060701763,50.9225491,-1.3829645
100060701764,50.9228072,-1.3824631
100060701765,50.9228072,-1.3824631
100060701766,50.9228072,-1.3824631
100060701767,50.9228072,-1.3824631
100060701768,50.928582,-1.3878364
100060701769,50.9286085,-1.3877364
100060701770,50.9285805,-1.3875518
100060701771,50.9285802,-1.3874807
100060701772,50.9282826,-1.3873281
100060701773,50.9282379,-1.3873856
100060701774,50.928266,-1.3875844
100060701775,50.9282484,-1.3876558
100060701776,50.9292044,-1.388184
100060701777,50.9292128,-1.3880842
100060701778,50.9292482,-1.3879699
100060701779,50.9292567,-1.3878702
100060701780,50.9292829,-1.3877276
100060701781,50.9293538,-1.3875274
100060701782,50.9293093,-1.3876276
100060701783,50.9295792,-1.3876383
100060701784,50.9295527,-1.3877383
100060701785,50.9295264,-1.3878525
100060701786,50.9294999,-1.3879524
100060701787,50.9306294,-1.3889906
100060701788,50.9305637,-1.3884507
100060701789,50.9305484,-1.3889774
100060701790,50.9305187,-1.3884513
100060701791,50.9304765,-1.3889784
100060701792,50.9304199,-1.3884811
100060701793,50.9304136,-1.3889792
100060701794,50.9302637,-1.3878428
100060701795,50.9303658,-1.3884391
100060701796,50.9303238,-1.3890088
100060701797,50.930231,-1.3884693
100060701798,50.9301317,-1.3883852
100060701799,50.9300864,-1.3883289
100060701800,50.9300272,-1.3890412
100060701801,50.9299968,-1.388387
100060701802,50.9299462,-1.389028
100060701803,50.9299428,-1.3883877
100060701804,50.9298384,-1.3890579
100060701805,50.929772,-1.38839
100060701806,50.9297664,-1.3890446
100060701807,50.9296585,-1.389046
100060701808,50.9296191,-1.388392
100060701809,50.9295503,-1.3889905
100060701810,50.9295113,-1.3884076
100060701811,50.9294874,-1.3889913
100060701812,50.929421,-1.3883376
100060701813,50.9294513,-1.3889776
100060701814,50.9293792,-1.3889501
100060701815,50.9293433,-1.3889505
100060701816,50.9292714,-1.3889657
100060701817,50.9292265,-1.3889663
100060701818,50.9285925,-1.3881208
100060701819,50.9291724,-1.3889385
100060701820,50.9285564,-1.3880929
100060701821,50.9291272,-1.3889107
100060701822,50.929019,-1.388841
100060701823,50.9289649,-1.3888274
100060701828,50.9287042,-1.3888451
100060702088,50.9310703,-1.3671698
100060702089,50.9312871,-1.3673518
100060702090,50.9310877,-1.3670557
100060702091,50.9313135,-1.3672376
100060702092,50.931114,-1.3669415
100060702093,50.9313219,-1.3671237
100060702094,50.9311315,-1.3668417
100060702095,50.9313482,-1.3670095
100060702096,50.9311579,-1.3667417
100060702097,50.9313657,-1.3669096
100060702098,50.9311753,-1.3666276
100060702099,50.9313831,-1.3668098
100060702100,50.9311747,-1.3665138
100060702101,50.9314005,-1.3666957
100060702102,50.9312011,-1.3664138
100060702103,50.9314179,-1.3665958
100060702104,50.9312275,-1.3662996
100060702105,50.9314353,-1.3664818
100060702106,50.9312448,-1.3661855
100060702107,50.9314528,-1.3663961
100060702108,50.9312534,-1.3661
100060702109,50.9314791,-1.3662677
100060702110,50.9312796,-1.3659716
100060702111,50.9314965,-1.3661679
100060702112,50.9312972,-1.365886
100060702113,50.9315051,-1.3660966
100060702114,50.9313055,-1.365772
100060702115,50.9315224,-1.365954
100060702116,50.9313231,-1.3657006
100060702117,50.9315309,-1.3658685
100060702118,50.9315664,-1.3657827
100060702267,50.9220591,-1.3754162
100060702268,50.922023,-1.3753882
100060702269,50.9218094,-1.3758179
100060702270,50.9219864,-1.3752749
100060702271,50.9217911,-1.375747
100060702272,50.9219682,-1.3752325
100060702273,50.9219406,-1.375119
100060702275,50.9219224,-1.3750908
100060702276,50.9219038,-1.374963
100060702277,50.921662,-1.3751512
100060702278,50.921662,-1.3751512
100060702279,50.9218855,-1.3749064
100060702280,50.9216614,-1.3750516
100060702281,50.921858,-1.3748071
100060702282,50.921634,-1.3749666
100060702283,50.9218577,-1.3747502
100060702284,50.9216066,-1.3748959
100060702285,50.9222621,-1.3747795
100060702286,50.9218303,-1.3746795
100060702287,50.9216061,-1.3747963
100060702288,50.9216061,-1.3747963
100060702289,50.9216061,-1.3747963
100060702290,50.9216061,-1.3747963
100060702291,50.9216061,-1.3747963
100060702292,50.9216061,-1.3747963
100060702293,50.9216061,-1.3747963
100060702294,50.9216061,-1.3747963
100060702295,50.92206,-1.3755869
100060702296,50.9220694,-1.3756579
100060702322,50.9361222,-1.3818596
100060702323,50.9364266,-1.3816136
100060702324,50.9361405,-1.3819305
100060702325,50.9364269,-1.3816705
100060702326,50.9361771,-1.3820439
100060702327,50.9364814,-1.3817694
100060702328,50.9361956,-1.3821432
100060702329,50.9364726,-1.3818122
100060702330,50.9362322,-1.3822566
100060702331,50.9365182,-1.3819255
100060702332,50.9362597,-1.3823559
100060702333,50.9365274,-1.381968
100060702334,50.9362872,-1.3824551
100060702335,50.9365193,-1.3821247
100060702336,50.9363149,-1.3825828
100060702337,50.9365376,-1.3821814
100060702338,50.9365744,-1.3823375
100060702339,50.9363609,-1.3827815
100060702340,50.9365926,-1.3823941
100060702341,50.9363975,-1.3829091
100060702342,50.9366202,-1.3825076
100060702343,50.9364251,-1.3830226
100060702344,50.9366387,-1.3825928
100060702345,50.9364526,-1.3831218
100060702346,50.9366753,-1.3827204
100060702347,50.9364891,-1.383221
100060702348,50.9367027,-1.3828054
100060702349,50.9365179,-1.3835622
100060702350,50.9367393,-1.3829188
100060702351,50.9365543,-1.3836328
100060702352,50.9367578,-1.3830039
100060702353,50.9365909,-1.3837604
100060702354,50.9368303,-1.3831168
100060702355,50.9366183,-1.3838312
100060702356,50.9368486,-1.3831735
100060702357,50.9366103,-1.3840164
100060702358,50.9368855,-1.3833438
100060702359,50.9366195,-1.3840589
100060702360,50.9369036,-1.383372
100060702361,50.9366563,-1.3842292
100060702362,50.9369314,-1.3835282
100060702363,50.9366748,-1.3843144
100060702364,50.9369587,-1.3835848
100060702365,50.9367113,-1.3844135
100060702366,50.9370222,-1.3836978
100060702367,50.9367297,-1.3844987
100060702368,50.9370497,-1.3837828
100060702369,50.9367664,-1.3846405
100060702370,50.9371043,-1.3839102
100060702371,50.9367938,-1.3847113
100060702372,50.9370957,-1.3839957
100060702373,50.9368305,-1.3848531
100060702374,50.9371415,-1.3841374
100060702375,50.936849,-1.3849525
100060702376,50.9371599,-1.3842226
100060702377,50.9368857,-1.3850801
100060702378,50.9372055,-1.3843358
100060702379,50.936904,-1.385151
100060702380,50.9372241,-1.3844494
100060702381,50.9369317,-1.3852788
100060702382,50.9372516,-1.3845487
100060702383,50.936959,-1.3853496
100060702384,50.93727,-1.3846338
100060702385,50.9370496,-1.3854764
100060702386,50.9372977,-1.3847758
100060702387,50.937059,-1.3855475
100060702388,50.9373341,-1.3848607
100060702389,50.9370866,-1.385661
100060702390,50.9373618,-1.3849884
100060702391,50.937114,-1.385746
100060702392,50.9373802,-1.3850736
100060702393,50.9371508,-1.3859021
100060702394,50.9373811,-1.3852444
100060702395,50.9371691,-1.3859588
100060702396,50.9374085,-1.3853152
100060702397,50.9372416,-1.3860574
100060702398,50.9374361,-1.3854429
100060702399,50.9372691,-1.3861709
100060702400,50.9374726,-1.385542
100060702401,50.9373416,-1.3862696
100060702402,50.9375004,-1.385684
100060702403,50.9373511,-1.3863691
100060702404,50.9375097,-1.385755
100060702405,50.9373698,-1.3864969
100060702406,50.9375104,-1.3858831
100060702407,50.9373972,-1.386582
100060702408,50.9375289,-1.3859825
100060702409,50.9374429,-1.3867237
100060702410,50.9375565,-1.386096
100060702411,50.9374612,-1.3867804
100060702412,50.9375839,-1.386181
100060702413,50.9374888,-1.3869081
100060702414,50.9376206,-1.3863086
100060702415,50.9375161,-1.3869504
100060702416,50.9376391,-1.386408
100060702417,50.9375262,-1.387178
100060702418,50.9376757,-1.3865356
100060702419,50.9377032,-1.3866206
100060702420,50.9377307,-1.3867341
100060702421,50.9377492,-1.3868193
100060702422,50.9378399,-1.3869746
100060702498,50.9355484,-1.3821945
100060702499,50.9355401,-1.3823227
100060702500,50.9355944,-1.3823789
100060702501,50.9356585,-1.3826058
100060702502,50.9356129,-1.3824783
100060702503,50.9356952,-1.3827334
100060702504,50.9356768,-1.3826625
100060702505,50.9357499,-1.382875
100060702506,50.9357135,-1.3828043
100060702507,50.9357865,-1.3830026
100060702508,50.9357592,-1.3829318
100060702509,50.9358142,-1.3831303
100060702510,50.9358327,-1.3832297
100060702511,50.9358513,-1.3833433
100060702512,50.9359063,-1.3835418
100060702513,50.9359158,-1.383627
100060702514,50.9359435,-1.383769
100060702515,50.9359708,-1.3838256
100060702516,50.9359983,-1.3839391
100060702517,50.9360168,-1.3840242
100060702518,50.9360803,-1.3841372
100060702519,50.9360986,-1.3841939
100060702520,50.9361443,-1.3843356
100060702521,50.9361537,-1.3844066
100060702522,50.9361903,-1.3845342
100060702523,50.9362087,-1.3846052
100060702524,50.9354466,-1.3833344
100060702525,50.9362186,-1.3847758
100060702526,50.9354649,-1.3833911
100060702527,50.9362369,-1.3848325
100060702528,50.9355015,-1.3835187
100060702529,50.9362736,-1.3849743
100060702530,50.9355291,-1.3836322
100060702531,50.936292,-1.3850453
100060702532,50.9355383,-1.3836747
100060702533,50.9363196,-1.385173
100060702534,50.9355658,-1.383774
100060702535,50.936338,-1.3852439
100060702536,50.935584,-1.3838164
100060702537,50.9363837,-1.3853856
100060702538,50.9356478,-1.3839722
100060702539,50.9364021,-1.3854565
100060702540,50.9356944,-1.3840356
100060702541,50.9364924,-1.3855265
100060702542,50.9357027,-1.3841564
100060702543,50.9365197,-1.3855973
100060702544,50.9357212,-1.3842416
100060702545,50.9365473,-1.3857108
100060702546,50.9357488,-1.3843551
100060702547,50.9357488,-1.3843551
100060702548,50.9365658,-1.3858102
100060702549,50.9357761,-1.3844259
100060702550,50.9366024,-1.3859235
100060702551,50.9358037,-1.3845394
100060702552,50.9366207,-1.3859945
100060702553,50.935822,-1.3846103
100060702554,50.9366483,-1.3861079
100060702555,50.9358585,-1.3847094
100060702556,50.9366757,-1.386193
100060702557,50.935877,-1.3847946
100060702558,50.9366943,-1.3863066
100060702559,50.9359046,-1.3849081
100060702560,50.9367217,-1.3863916
100060702561,50.9359319,-1.3849788
100060702562,50.9367048,-1.3865911
100060702563,50.9359686,-1.3851065
100060702564,50.936714,-1.3866337
100060702565,50.9359871,-1.3852058
100060702566,50.9367598,-1.3867896
100060702567,50.9360236,-1.3853192
100060702568,50.9367782,-1.3868605
100060702569,50.936042,-1.3853901
100060702570,50.9368237,-1.3869596
100060702571,50.9360519,-1.3855608
100060702572,50.9368421,-1.3870447
100060702573,50.9360973,-1.3856456
100060702574,50.9368608,-1.3871725
100060702575,50.9360711,-1.3857882
100060702576,50.9368791,-1.3872435
100060702577,50.9360895,-1.3858734
100060702578,50.9368888,-1.3873714
100060702579,50.9361262,-1.3860152
100060702580,50.9369253,-1.3874706
100060702581,50.9361446,-1.3860861
100060702582,50.9361721,-1.3861854
100060702583,50.9361998,-1.3863131
100060702584,50.9362272,-1.3863981
100060702585,50.9362367,-1.3864976
100060702586,50.9362912,-1.3865965
100060702587,50.9362917,-1.3866962
100060702588,50.9363911,-1.3867802
100060702589,50.9364184,-1.386851
100060702590,50.9364551,-1.3869786
100060702591,50.9364735,-1.3870638
100060702592,50.9365011,-1.3871773
100060702593,50.9365285,-1.3872623
100060702594,50.9365652,-1.3874041
100060702595,50.9365836,-1.3874751
100060702596,50.9366293,-1.3876168
100060702597,50.9366477,-1.3877019
100060702796,50.9171688,-1.3841595
100060702797,50.9172052,-1.3842443
100060702798,50.9172416,-1.3843292
100060702799,50.9172781,-1.3844283
100060702800,50.9173236,-1.3845131
100060702801,50.917369,-1.3845978
100060702802,50.9174055,-1.3846969
100060702803,50.9174508,-1.3847675
100060702804,50.9174963,-1.3848664
100060702805,50.9175505,-1.3849226
100060702806,50.9175958,-1.3849789
100060702807,50.9176503,-1.3850778
100060702808,50.9176955,-1.3851199
100060702809,50.9177589,-1.3852044
100060702810,50.9178041,-1.3852607
100060702811,50.9178674,-1.3853168
100060702812,50.9179754,-1.3853296
100060703576,50.9368179,-1.3807829
100060703577,50.9368359,-1.3807827
100060703579,50.9369258,-1.3807815
100060703580,50.9369618,-1.380781
100060703581,50.9370246,-1.380766
100060703582,50.9370246,-1.380766
100060703583,50.9370515,-1.3807514
100060703584,50.9371145,-1.3807505
100060703585,50.9371414,-1.3807502
100060703586,50.9371414,-1.3807502
100060703587,50.9371202,-1.3801385
100060703588,50.9371202,-1.3801385
100060703589,50.9372218,-1.3806495
100060703590,50.9372667,-1.3806346
100060703591,50.9373565,-1.380605
100060703592,50.9374104,-1.38059
100060703593,50.9375002,-1.3805746
100060703594,50.9375542,-1.3805739
100060703595,50.937635,-1.3805586
100060703596,50.9376773,-1.3800599
100060703597,50.9376889,-1.3805436
100060703598,50.9377132,-1.3800452
100060703599,50.9377697,-1.3805283
100060703600,50.9378776,-1.3805127
100060703601,50.9378776,-1.3805127
100060703602,50.9379315,-1.3804977
100060703603,50.9381163,-1.3799816
100060703604,50.9381148,-1.3799816
100060703605,50.938149,-1.3799788
100060703606,50.9380213,-1.3804823
100060703607,50.9382703,-1.3799666
100060703608,50.9380663,-1.3804817
100060703609,50.9383782,-1.3799652
100060703610,50.9381472,-1.3804806
100060703611,50.9382011,-1.3804657
100060703612,50.9384679,-1.3799213
100060703613,50.9383446,-1.3803926
100060703614,50.9385847,-1.3798913
100060703615,50.9385847,-1.3798913
100060703616,50.9383984,-1.3803776
100060703617,50.9385847,-1.3798913
100060703618,50.9384524,-1.3803769
100060703619,50.9386559,-1.379748
100060703620,50.9385063,-1.380362
100060703621,50.9388362,-1.379831
100060703622,50.938542,-1.3803188
100060703623,50.9388813,-1.3798731
100060703624,50.938632,-1.3803318
100060703625,50.9389533,-1.3798721
100060703626,50.9387184,-1.3806266
100060703627,50.9387849,-1.3803298
100060703628,50.9387849,-1.3803298
100060703629,50.9387849,-1.3803298
100060703630,50.9390341,-1.3798568
100060703631,50.9391593,-1.379727
100060703632,50.9395217,-1.3802204
100060703633,50.9395663,-1.3801628
100060703634,50.9392762,-1.3797113
100060703635,50.9396288,-1.3800766
100060703636,50.9396736,-1.3800475
100060703638,50.9397362,-1.3799755
100060703639,50.9397899,-1.3799321
100060703640,50.9394733,-1.3795805
100060703641,50.939915,-1.3797739
100060703642,50.939518,-1.3795372
100060703643,50.9395715,-1.3794511
100060703645,50.9396878,-1.3793357
100060703646,50.9396691,-1.3789716
100060703914,50.9216759,-1.3627448
100060703915,50.9219719,-1.3625985
100060703916,50.9217311,-1.3629575
100060703917,50.9220269,-1.3627827
100060703918,50.9217494,-1.3630141
100060703919,50.9220451,-1.3628252
100060703920,50.9217951,-1.3631558
100060703921,50.9220817,-1.3629527
100060703922,50.9218134,-1.3632125
100060703923,50.9221091,-1.3630235
100060703924,50.9218774,-1.3634108
100060703925,50.9221458,-1.363151
100060703926,50.922042,-1.3639065
100060703927,50.9221731,-1.3632075
100060703928,50.9220971,-1.3641191
100060703929,50.9222188,-1.3633492
100060703930,50.9221333,-1.3641613
100060703931,50.922255,-1.3633914
100060703932,50.9222506,-1.3642451
100060703933,50.9223186,-1.3635043
100060703934,50.9223404,-1.3642154
100060703935,50.9223637,-1.3635322
100060703936,50.9224034,-1.3642146
100060703937,50.922454,-1.3636021
100060703938,50.9224662,-1.3641995
100060703939,50.9225079,-1.3636013
100060703940,50.9225199,-1.3641561
100060703941,50.9225891,-1.3636429
100060703942,50.9225828,-1.364141
100060703943,50.922643,-1.3636422
100060703944,50.9226368,-1.3641545
100060703945,50.9227148,-1.3636128
100060703946,50.9227085,-1.3641108
100060703947,50.9227687,-1.3635978
100060703948,50.9227445,-1.3641103
100060703949,50.9228495,-1.3635682
100060703950,50.9228344,-1.3641091
100060703951,50.9228944,-1.3635676
100060703952,50.9228702,-1.3640659
100060703953,50.9229752,-1.3635381
100060703954,50.9229331,-1.3640651
100060703955,50.92302,-1.363509
100060703956,50.922987,-1.3640501
100060703957,50.9231008,-1.3634794
100060703958,50.9230588,-1.3640207
100060703959,50.9231454,-1.3634219
100060703960,50.9231126,-1.3640057
100060703961,50.9232081,-1.3633641
100060703962,50.9231842,-1.3639336
100060703963,50.9232438,-1.363321
100060703964,50.92322,-1.3639046
100060703965,50.9232976,-1.3632918
100060703966,50.9233008,-1.3638893
100060703967,50.9233423,-1.3632343
100060703968,50.9233456,-1.363846
100060703969,50.923387,-1.363191
100060703970,50.9234348,-1.3637167
100060703971,50.9234974,-1.363659
100060703972,50.9234588,-1.3631757
100060703973,50.9235601,-1.3636012
100060703974,50.9235036,-1.3631467
100060703975,50.9236228,-1.3635576
100060703976,50.9235573,-1.363089
100060703977,50.9237749,-1.3634133
100060703978,50.923593,-1.3630459
100060703979,50.9238196,-1.36337
100060703980,50.9236557,-1.3629881
100060703981,50.9238822,-1.3633122
100060703982,50.9237004,-1.3629448
100060703983,50.923927,-1.3632689
100060703984,50.9237539,-1.3628729
100060703985,50.9237808,-1.3628441
100060704321,50.9332639,-1.3620879
100060704322,50.9332544,-1.3619884
100060704323,50.9254179,-1.3729239
100060704324,50.9254383,-1.3733647
100060704325,50.9254721,-1.3729658
100060704326,50.9255351,-1.372965
100060704327,50.9255709,-1.3729361
100060704328,50.9256249,-1.3729496
100060704329,50.9256518,-1.372935
100060704330,50.9257539,-1.3735312
100060704331,50.9257324,-1.372877
100060704332,50.9258256,-1.3734875
100060704333,50.9258614,-1.3734586
100060704334,50.9258131,-1.372819
100060704336,50.9259331,-1.3734149
100060704337,50.9259543,-1.3723191
100060704338,50.92596,-1.3734004
100060704339,50.9259208,-1.3727891
100060704340,50.9260228,-1.3733711
100060704341,50.9259742,-1.3726887
100060704342,50.9259742,-1.3726887
100060704343,50.9260766,-1.3733419
100060704344,50.9260011,-1.3726741
100060704345,50.9261394,-1.3732983
100060704346,50.9260909,-1.3726445
100060704347,50.9261088,-1.37263
100060704348,50.9262733,-1.3731258
100060704349,50.9261896,-1.3726005
100060704350,50.9263453,-1.3731248
100060704351,50.9262165,-1.3725859
100060704352,50.9263722,-1.3731102
100060704353,50.9264346,-1.3730098
100060704354,50.9263241,-1.3725275
100060704355,50.9265333,-1.37298
100060704356,50.9263866,-1.3724555
100060704357,50.9265691,-1.3729511
100060704358,50.9266498,-1.3728931
100060704359,50.9266199,-1.3723528
100060704360,50.9266074,-1.3723811
100060704361,50.9267217,-1.3728921
100060704362,50.9266378,-1.3723383
100060704363,50.9267184,-1.3722803
100060704364,50.9268202,-1.3728196
100060704365,50.9267453,-1.3722657
100060704366,50.9267453,-1.3722657
100060704367,50.9268561,-1.3727907
100060704368,50.9268172,-1.3722505
100060704369,50.9269279,-1.3727755
100060704370,50.9268621,-1.3722357
100060704371,50.9269548,-1.3727609
100060704372,50.9269248,-1.3721921
100060704373,50.9270175,-1.3727174
100060704374,50.9270624,-1.3727025
100060704375,50.9270232,-1.3720912
100060704376,50.927125,-1.3726305
100060704377,50.927068,-1.3720764
100060704378,50.9271699,-1.3726157
100060704379,50.9271672,-1.3721177
100060704380,50.9272506,-1.3725719
100060704381,50.9272478,-1.3720597
100060704382,50.9273044,-1.372557
100060704383,50.9273644,-1.3720012
100060704384,50.9274661,-1.3725263
100060704385,50.9275651,-1.372525
100060704386,50.9276188,-1.3724816
100060704387,50.9273492,-1.3725279
100060704388,50.9273913,-1.3719866
100060704389,50.9276811,-1.3723669
100060704390,50.9274631,-1.3719572
100060704391,50.9274631,-1.3719572
100060704392,50.927708,-1.3723523
100060704393,50.927499,-1.3719425
100060704394,50.9277799,-1.3723371
100060704395,50.9275795,-1.3718703
100060704396,50.9278517,-1.3723077
100060704397,50.9276875,-1.371883
100060704398,50.9279054,-1.3722643
100060704399,50.9277949,-1.371782
100060704400,50.9279772,-1.3722349
100060704401,50.9278753,-1.3716813
100060704402,50.9280041,-1.3722203
100060704403,50.92792,-1.371638
100060704404,50.9280665,-1.3721198
100060704405,50.9279738,-1.3716088
100060704406,50.9281387,-1.3721758
100060704407,50.9280276,-1.3715796
100060704408,50.9281656,-1.3721612
100060704409,50.9280815,-1.3715789
100060704410,50.9282279,-1.3720465
100060704411,50.9281353,-1.3715497
100060704412,50.9282458,-1.372032
100060704413,50.9281891,-1.3715063
100060704414,50.9283358,-1.372045
100060704415,50.9282339,-1.3714772
100060704416,50.9283624,-1.3719593
100060704417,50.9283061,-1.3715332
100060704418,50.9284431,-1.3719155
100060704419,50.9283419,-1.3715042
100060704420,50.9284139,-1.3715033
100060704421,50.9285328,-1.3718716
100060704422,50.9284676,-1.3714598
100060704423,50.9285686,-1.3718569
100060704424,50.9285393,-1.3714162
100060704425,50.9286765,-1.3718412
100060704426,50.9285929,-1.3713585
100060704427,50.9287212,-1.3717979
100060704428,50.928775,-1.3717687
100060704429,50.9288655,-1.3718671
100060704430,50.9289193,-1.3718379
100060704431,50.9290087,-1.3717514
100060704432,50.9290173,-1.3716801
100060704433,50.9290256,-1.3715377
100060704434,50.9290251,-1.3714523
100060704435,50.9292605,-1.371748
100060704436,50.9293858,-1.3716324
100060704993,50.9202602,-1.3770195
100060704994,50.9202865,-1.3768911
100060704995,50.9203128,-1.3767769
100060704996,50.9204114,-1.3767187
100060704997,50.9205372,-1.3766886
100060704998,50.920734,-1.376501
100060704999,50.9208064,-1.3765854
100060705377,50.939407,-1.3891316
100060705379,50.9394153,-1.3890034
100060705381,50.939397,-1.3889467
100060705383,50.9394053,-1.3888043
100060705385,50.9394049,-1.3887331
100060705387,50.9394133,-1.3886192
100060705389,50.9394038,-1.3885339
100060705391,50.9393943,-1.3884344
100060705393,50.939385,-1.3883633
100060705395,50.9393844,-1.3882495
100060705397,50.9393839,-1.3881641
100060705399,50.9393834,-1.3880645
100060705401,50.9393829,-1.3879791
100060705403,50.9393735,-1.3878938
100060705405,50.939364,-1.3877943
100060705407,50.9393635,-1.3876947
100060705409,50.939363,-1.3876093
100060705411,50.9393533,-1.3874813
100060705413,50.939353,-1.3874244
100060705415,50.9393526,-1.387339
100060705417,50.9393521,-1.3872394
100060705419,50.9393515,-1.3871255
100060705421,50.939342,-1.3870403
100060705423,50.9393413,-1.3868979
100060705425,50.9393409,-1.3868268
100060705427,50.9393309,-1.3866419
100060705429,50.9393306,-1.386585
100060705431,50.93933,-1.3864711
100060705433,50.9393205,-1.3863716
100060705435,50.9393198,-1.3862435
100060705437,50.9393195,-1.3861724
100060705439,50.9393192,-1.3861154
100060705441,50.9393099,-1.3860586
100060705443,50.9393271,-1.3859161
100060705445,50.9393177,-1.385845
100060705447,50.9393174,-1.3857739
100060705449,50.939308,-1.3857028
100060705451,50.9392893,-1.385575
100060705453,50.939289,-1.3855181
100060705455,50.9392886,-1.3854327
100060705457,50.9392883,-1.38539
100060705459,50.9392697,-1.3852621
100060705461,50.9392692,-1.3851767
100060705463,50.9392685,-1.3850344
100060705464,50.9390787,-1.3899756
100060705465,50.9392592,-1.3849776
100060705466,50.9390871,-1.3898759
100060705467,50.9392674,-1.3848209
100060705468,50.9390957,-1.3897904
100060705469,50.939249,-1.38475
100060705470,50.9391044,-1.3897334
100060705471,50.93929,-1.3840094
100060705472,50.9391129,-1.3896478
100060705473,50.9392986,-1.3839381
100060705474,50.9391124,-1.3895482
100060705475,50.939316,-1.3838098
100060705476,50.9391209,-1.3894627
100060705477,50.9393336,-1.3837384
100060705478,50.9391206,-1.3894058
100060705479,50.93936,-1.3836384
100060705480,50.9391292,-1.3893203
100060705481,50.9393687,-1.3835813
100060705482,50.9391286,-1.3892064
100060705483,50.9393953,-1.3835098
100060705484,50.9391372,-1.3891352
100060705485,50.9394131,-1.3834669
100060705486,50.9391275,-1.3890072
100060705487,50.9394395,-1.3833669
100060705488,50.9391271,-1.3889218
100060705489,50.9394572,-1.3833097
100060705490,50.9391084,-1.388794
100060705491,50.9394927,-1.3832239
100060705492,50.9391081,-1.3887228
100060705493,50.9395014,-1.3831668
100060705494,50.9390985,-1.3886091
100060705495,50.9395279,-1.3830811
100060705496,50.939098,-1.3885237
100060705497,50.9395455,-1.3830097
100060705498,50.9391155,-1.3884238
100060705499,50.9395811,-1.3829381
100060705500,50.9391151,-1.3883527
100060705501,50.9396077,-1.3828665
100060705502,50.9391145,-1.3882388
100060705503,50.939643,-1.382738
100060705504,50.939105,-1.3881393
100060705505,50.9396607,-1.382695
100060705506,50.9396784,-1.3826379
100060705507,50.9390334,-1.3865035
100060705508,50.939705,-1.3825664
100060705509,50.9390419,-1.3864037
100060705510,50.9397314,-1.3824521
100060705511,50.9390325,-1.3863185
100060705512,50.9397402,-1.3824093
100060705513,50.939023,-1.3862332
100060705514,50.9397668,-1.3823378
100060705515,50.9390227,-1.3861763
100060705516,50.9397752,-1.3822381
100060705517,50.9390223,-1.3861051
100060705518,50.9398107,-1.382138
100060705519,50.9390128,-1.3859914
100060705520,50.9398283,-1.3820666
100060705521,50.9390125,-1.3859345
100060705522,50.9398547,-1.3819666
100060705523,50.9390031,-1.3858634
100060705524,50.9398543,-1.3818954
100060705525,50.9390026,-1.385778
100060705526,50.9398988,-1.3817952
100060705527,50.939002,-1.3856642
100060705528,50.9399073,-1.3817097
100060705529,50.9390018,-1.3856215
100060705530,50.9399336,-1.3815812
100060705531,50.9390013,-1.3855219
100060705532,50.9399511,-1.3814956
100060705533,50.9389919,-1.3854508
100060705534,50.9399774,-1.3813672
100060705535,50.9390002,-1.3853226
100060705536,50.939995,-1.3812815
100060705537,50.9389819,-1.3852659
100060705539,50.9389813,-1.3851521
100060705541,50.9389807,-1.3850382
100060705543,50.9389801,-1.3849244
100060705545,50.9389707,-1.3848391
100060705547,50.9390462,-1.3838133
100060705549,50.9390726,-1.3837134
100060705550,50.939081,-1.3835994
100060705551,50.9390896,-1.3835281
100060705552,50.9390983,-1.3834568
100060705553,50.9391159,-1.3833854
100060705554,50.9391423,-1.3832855
100060705555,50.9391688,-1.3831997
100060705556,50.9391774,-1.3831142
100060705557,50.939204,-1.3830427
100060705558,50.9392395,-1.3829568
100060705559,50.939266,-1.3828711
100060705560,50.9393014,-1.382771
100060705561,50.939328,-1.3826852
100060705562,50.9393546,-1.3826137
100060705563,50.9393722,-1.3825565
100060705564,50.9394076,-1.3824422
100060705565,50.9394162,-1.3823709
100060705566,50.9394609,-1.3823134
100060705567,50.9394784,-1.3822278
100060705568,50.9395409,-1.3821415
100060705569,50.9395584,-1.3820559
100060705570,50.9395758,-1.3819418
100060705571,50.9395843,-1.3818563
100060705572,50.9396017,-1.3817422
100060705573,50.9396103,-1.3816567
100060705574,50.9396366,-1.3815283
100060705575,50.9396541,-1.3814426
100060705576,50.9396625,-1.3813287
100060705577,50.9396801,-1.3812573
100060705578,50.9397065,-1.381143
100060705579,50.9397151,-1.3810718
100060705580,50.9397414,-1.3809576
100060705581,50.93975,-1.3808863
100060705582,50.9397855,-1.3807862
100060705583,50.939803,-1.3807005
100060705584,50.9398293,-1.3805721
100060705585,50.9398468,-1.3804865
100060705586,50.9398823,-1.3803864
100060705587,50.9398909,-1.3803151
100060705588,50.9399083,-1.380201
100060705589,50.9399259,-1.3801296
100060705590,50.9399506,-1.3797165
100060705920,50.9172683,-1.3674854
100060705921,50.916918,-1.3675613
100060705922,50.9172678,-1.3673858
100060705923,50.9169174,-1.3674475
100060705924,50.9168986,-1.3673055
100060705925,50.9168891,-1.367206
100060705926,50.9168796,-1.3671066
100060705927,50.9168338,-1.3669507
100060705928,50.9168152,-1.3668371
100060706360,50.9389658,-1.3671336
100060706361,50.938826,-1.3679041
100060706362,50.9388938,-1.3671346
100060706363,50.9387717,-1.3678337
100060706364,50.9388216,-1.3670787
100060706365,50.9386992,-1.367735
100060706366,50.9387585,-1.3670511
100060706367,50.9385912,-1.3677223
100060706368,50.9386774,-1.3670237
100060706369,50.9385191,-1.3676948
100060706370,50.9386142,-1.3669818
100060706371,50.9384469,-1.3676388
100060706372,50.9387385,-1.3666813
100060706373,50.9383568,-1.3676116
100060706374,50.9387741,-1.3666096
100060706375,50.9388364,-1.3664949
100060706376,50.9388808,-1.3663947
100060706377,50.9389165,-1.3663373
100060706378,50.938952,-1.3662514
100060706488,50.9211731,-1.386326
100060706489,50.9212359,-1.386311
100060706490,50.9212808,-1.3862819
100060706491,50.9212987,-1.3862675
100060706492,50.9213705,-1.3862381
100060706493,50.9213997,-1.3862084
100060706494,50.9214614,-1.3861669
100060706495,50.9214957,-1.3861226
100060706496,50.9215226,-1.386108
100060706497,50.9215496,-1.3861077
100060706498,50.9215855,-1.386093
100060706499,50.9216305,-1.3861066
100060706500,50.9216843,-1.3860632
100060706501,50.9216843,-1.3860632
100060706502,50.9217468,-1.3859913
100060706503,50.9217917,-1.3859764
100060706504,50.9218365,-1.3859474
100060706505,50.9218635,-1.385947
100060706506,50.9219082,-1.3858895
100060706507,50.9219351,-1.385875
100060706508,50.9218525,-1.3855631
100060706509,50.921971,-1.3858603
100060706510,50.9218884,-1.3855484
100060706511,50.9219977,-1.3858172
100060706512,50.921933,-1.3854909
100060706513,50.9220246,-1.3858026
100060706514,50.9219868,-1.3854617
100060706515,50.9220783,-1.3857593
100060706516,50.9220586,-1.3854181
100060706517,50.9221233,-1.3857587
100060706518,50.9221033,-1.3853748
100060706519,50.9221591,-1.3857297
100060706520,50.9221392,-1.3853601
100060706521,50.922186,-1.3857152
100060706522,50.922175,-1.3853312
100060706523,50.9222219,-1.3857005
100060706524,50.9222467,-1.3852875
100060706525,50.9222487,-1.3856717
100060706526,50.9222915,-1.3852585
100060706527,50.9225201,-1.3859669
100060706528,50.9222937,-1.3856711
100060706529,50.9223274,-1.3852438
100060706530,50.9224013,-1.3856127
100060706531,50.9224461,-1.3855837
100060706532,50.9224819,-1.3855548
100060706533,50.9223655,-1.3856417
100060706534,50.9223632,-1.3852149
100060706535,50.9225448,-1.3855397
100060706536,50.9223991,-1.3852002
100060706537,50.9224349,-1.3851712
100060706538,50.9226612,-1.3854386
100060706540,50.9224708,-1.3851565
100060706541,50.9227062,-1.3854522
100060706542,50.9225337,-1.3851415
100060706543,50.9231811,-1.3851187
100060706544,50.9225605,-1.3850984
100060706545,50.9232169,-1.3850898
100060706546,50.9226053,-1.3850694
100060706547,50.9232707,-1.3850606
100060706548,50.9228201,-1.3850257
100060706549,50.9232976,-1.385046
100060706550,50.9230803,-1.3847786
100060706551,50.9233513,-1.3850026
100060706552,50.923152,-1.384735
100060706553,50.9233873,-1.3850022
100060706554,50.9231789,-1.3847061
100060706555,50.9234229,-1.3849448
100060706556,50.9234588,-1.3849301
100060706557,50.9234948,-1.3849296
100060706558,50.9232954,-1.3846335
100060706559,50.9234121,-1.3845892
100060706719,50.9226164,-1.3820815
100060706720,50.9225712,-1.3820394
100060706721,50.9225079,-1.3819833
100060706722,50.9224627,-1.3819412
100060706723,50.9224355,-1.3818989
100060706724,50.9221639,-1.381561
100060706725,50.9221373,-1.3816183
100060706726,50.9221195,-1.3816612
100060706727,50.9220843,-1.381804
100060706728,50.9220577,-1.3818755
100060706729,50.922031,-1.3819327
100060706730,50.9220224,-1.3819897
100060706731,50.9219868,-1.3820614
100060706732,50.921978,-1.3821042
100060706733,50.9219425,-1.38219
100060706734,50.9219247,-1.3822329
100060706735,50.9219073,-1.3823327
100060706736,50.9218806,-1.38239
100060707135,50.9168691,-1.3685008
100060707136,50.9169232,-1.3685143
100060707137,50.9170394,-1.3683847
100060707138,50.9169859,-1.368485
100060707139,50.9171837,-1.3684681
100060707140,50.9172825,-1.3684526
100060707141,50.9173635,-1.3684657
100060707142,50.917426,-1.3683795
100060707143,50.917489,-1.3683786
100060707144,50.9175694,-1.3682922
100060707145,50.9176054,-1.3682917
100060707146,50.9176863,-1.3682906
100060707147,50.9175402,-1.36788
100060707148,50.9174233,-1.3678816
100060707149,50.9173876,-1.3679248
100060707150,50.9172977,-1.3679402
100060707151,50.917244,-1.3679694
100060707152,50.9170371,-1.367958
100060707153,50.9169742,-1.367973
100060707154,50.9168933,-1.3679884
100060707155,50.9168305,-1.3680034
100060707780,50.9257148,-1.3847011
100060707781,50.9257418,-1.3847008
100060707782,50.9257866,-1.3846717
100060707783,50.9258223,-1.3846285
100060707784,50.9254124,-1.3853454
100060707785,50.9254483,-1.3853307
100060707786,50.9254839,-1.3852591
100060707787,50.9260016,-1.3845266
100060707788,50.9255109,-1.3852587
100060707789,50.9260375,-1.3845119
100060707790,50.9255738,-1.3852437
100060707791,50.9260643,-1.3844831
100060707792,50.9256097,-1.385229
100060707793,50.9261003,-1.3844826
100060707794,50.9256635,-1.3851998
100060707795,50.9261362,-1.3844679
100060707796,50.9256902,-1.3851567
100060707797,50.92619,-1.3844387
100060707798,50.925726,-1.3851278
100060707799,50.9262347,-1.3843954
100060707800,50.9257708,-1.3850988
100060707801,50.9262706,-1.3843807
100060707802,50.9258339,-1.3851264
100060707803,50.9263206,-1.3843556
100060707804,50.9258607,-1.3850834
100060707805,50.9263513,-1.3843228
100060707806,50.9259144,-1.38504
100060707807,50.926405,-1.3842794
100060707808,50.9259503,-1.3850253
100060707809,50.9264765,-1.3842073
100060707810,50.925995,-1.3849678
100060707811,50.9265303,-1.3841639
100060707812,50.9260398,-1.3849387
100060707813,50.9266112,-1.3841628
100060707814,50.9261026,-1.3849094
100060707815,50.9267277,-1.3840901
100060707816,50.9261385,-1.3848947
100060707817,50.9267636,-1.3840754
100060707818,50.9261834,-1.3848941
100060707819,50.9268444,-1.3840459
100060707820,50.926237,-1.3848223
100060707821,50.9268712,-1.3840171
100060707822,50.9262638,-1.3847935
100060707823,50.9269606,-1.3839163
100060707824,50.9269428,-1.3839592
100060707825,50.9263266,-1.3847642
100060707826,50.9270415,-1.3839152
100060707827,50.9263534,-1.3847211
100060707828,50.92714,-1.3838285
100060707829,50.9270684,-1.3839006
100060707830,50.9264432,-1.3847057
100060707831,50.9264792,-1.3847052
100060707832,50.9272029,-1.3838135
100060707833,50.9265508,-1.3846474
100060707834,50.9265776,-1.3846186
100060707835,50.9273641,-1.3836975
100060707836,50.9266762,-1.3845461
100060707837,50.927391,-1.3836829
100060707838,50.926748,-1.3845167
100060707839,50.9274449,-1.383668
100060707840,50.9267927,-1.3844734
100060707841,50.9274987,-1.3836388
100060707842,50.9268377,-1.3844871
100060707843,50.9268915,-1.3844437
100060707844,50.9275345,-1.3836099
100060707845,50.9269451,-1.3843861
100060707846,50.9275882,-1.3835665
100060707847,50.9270169,-1.3843566
100060707848,50.9276241,-1.3835518
100060707849,50.9276599,-1.3835229
100060707850,50.9270708,-1.3843559
100060707851,50.9279468,-1.3833483
100060707852,50.9271512,-1.3842553
100060707853,50.9280184,-1.3832904
100060707854,50.9271871,-1.3842406
100060707855,50.9280901,-1.3832468
100060707856,50.9272319,-1.3841973
100060707857,50.9281259,-1.3832036
100060707858,50.9272768,-1.3841967
100060707859,50.9273577,-1.3841814
100060707860,50.9274024,-1.3841381
100060707861,50.9275013,-1.3841368
100060707862,50.927519,-1.3840797
100060707863,50.9275906,-1.3840076
100060707864,50.9276265,-1.3839929
100060707865,50.9277161,-1.3839348
100060707866,50.927761,-1.3839199
100060707867,50.9278596,-1.3838617
100060707868,50.9278238,-1.3838906
100060707869,50.9279222,-1.383804
100060707870,50.927958,-1.383775
100060707871,50.9280031,-1.3837887
100060707872,50.928344,-1.3836419
100060707873,50.9283798,-1.3836129
100060707874,50.9284514,-1.3835408
100060707875,50.9285051,-1.3834974
100060707876,50.9286315,-1.3835954
100060707877,50.9286587,-1.3836235
100060707878,50.9287312,-1.3837363
100060707879,50.9287494,-1.3837788
100060708717,50.928784,-1.3601572
100060708718,50.9288648,-1.3601277
100060708719,50.9289546,-1.3601122
100060708720,50.9290085,-1.3600972
100060708721,50.9290734,-1.3604663
100060708722,50.92911,-1.3605654
100060708723,50.9291197,-1.3607076
100060708724,50.9291294,-1.3608355
100060708725,50.9292019,-1.3609341
100060708726,50.9292208,-1.3611046
100060708727,50.9291945,-1.361233
100060708728,50.9294822,-1.3612149
100060708729,50.9292312,-1.3613606
100060708730,50.9295009,-1.3613427
100060708731,50.9292768,-1.3614738
100060708732,50.9295372,-1.3614133
100060708733,50.9293044,-1.3615873
100060708734,50.9295558,-1.3615127
100060708735,50.9293501,-1.361729
100060708736,50.929691,-1.361582
100060708737,50.9293686,-1.3618283
100060708738,50.9297096,-1.3616813
100060708739,50.9294324,-1.3619697
100060708740,50.9297372,-1.3617948
100060708741,50.9294419,-1.3620692
100060708742,50.9297648,-1.3619082
100060708743,50.9294966,-1.3622108
100060708744,50.9295152,-1.3623243
100060708745,50.9339508,-1.3660348
100060708746,50.9336627,-1.3659676
100060708747,50.9339959,-1.3660627
100060708748,50.9336595,-1.3653699
100060708749,50.9340321,-1.3660906
100060708750,50.9335858,-1.3650578
100060708751,50.9340863,-1.3661326
100060708752,50.9335676,-1.3650154
100060708753,50.9339848,-1.3656643
100060708754,50.9334859,-1.3648742
100060708755,50.9339843,-1.365579
100060708756,50.9334587,-1.3648319
100060708757,50.9339742,-1.3653656
100060708758,50.9333769,-1.3646764
100060708759,50.9339649,-1.3653088
100060708760,50.9333405,-1.3645916
100060708761,50.9339372,-1.3651811
100060708762,50.9332861,-1.3645069
100060708763,50.9339186,-1.3650675
100060708764,50.9332317,-1.3644365
100060708765,50.9338818,-1.3649115
100060708766,50.9331414,-1.3643666
100060708767,50.9338545,-1.3648549
100060708768,50.9330963,-1.3643387
100060708769,50.9337997,-1.3646991
100060708770,50.9337633,-1.3646143
100060708884,50.9321939,-1.3855405
100060708885,50.932398,-1.3850255
100060708886,50.9321943,-1.3856117
100060708887,50.9324254,-1.3850963
100060708888,50.932249,-1.3857532
100060708889,50.9324083,-1.3852673
100060708890,50.9322857,-1.3858951
100060708891,50.9324265,-1.3853097
100060708892,50.9322953,-1.3860088
100060708893,50.9324364,-1.3854804
100060708894,50.9323142,-1.3861651
100060708895,50.9324457,-1.3855372
100060708896,50.9323234,-1.3862219
100060708897,50.9324824,-1.385679
100060708898,50.9323599,-1.386321
100060708899,50.9325097,-1.3857356
100060708900,50.9323694,-1.3864063
100060708901,50.9325195,-1.385892
100060708902,50.9323697,-1.3864632
100060708903,50.9325288,-1.3859488
100060708904,50.9324064,-1.386605
100060708905,50.9325656,-1.3861048
100060708906,50.9324067,-1.3866619
100060708907,50.932584,-1.3861757
100060708908,50.9324435,-1.386818
100060708909,50.9326207,-1.3863176
100060708910,50.9324529,-1.386889
100060708911,50.93263,-1.3863744
100060708912,50.9324714,-1.3869884
100060708913,50.9326666,-1.386502
100060708914,50.9324897,-1.3870593
100060708915,50.9326851,-1.3865871
100060708916,50.9324903,-1.3871731
100060708917,50.9327038,-1.3867292
100060708918,50.9325458,-1.387457
100060708919,50.9327042,-1.3868003
100060708920,50.9325914,-1.3875845
100060708921,50.9327408,-1.3869279
100060708922,50.9326099,-1.3876696
100060708923,50.9327503,-1.3870132
100060708924,50.9326734,-1.3877826
100060708925,50.9328049,-1.3871405
100060708926,50.9326919,-1.387882
100060708927,50.9328233,-1.3872114
100060708928,50.9327287,-1.3880381
100060708929,50.932887,-1.3873671
100060708930,50.932747,-1.3880947
100060708931,50.9328964,-1.3874382
100060708932,50.9328467,-1.38825
100060708933,50.9329601,-1.3875796
100060708934,50.932856,-1.3883068
100060708935,50.9329785,-1.3876505
100060708936,50.9328748,-1.3884631
100060708937,50.9330243,-1.3878207
100060708938,50.9328842,-1.3885341
100060708939,50.9330335,-1.3878633
100060708940,50.9329389,-1.3886757
100060708941,50.9330882,-1.3879906
100060708942,50.9329573,-1.3887608
100060708943,50.9331247,-1.3880898
100060708944,50.933012,-1.3889024
100060708945,50.933012,-1.3889024
100060708946,50.9331614,-1.3882316
100060708947,50.9330304,-1.3889733
100060708948,50.9331708,-1.3883169
100060708949,50.9330941,-1.3891148
100060708950,50.9332436,-1.3884725
100060708951,50.9331124,-1.3891857
100060708952,50.9332439,-1.3885436
100060708953,50.9333076,-1.3886708
100060708954,50.9333261,-1.3887702
100060708955,50.9333808,-1.388926
100060708956,50.9333993,-1.3890112
100060709217,50.9236366,-1.3711125
100060709218,50.9234927,-1.3711002
100060709219,50.9233489,-1.3711164
100060709220,50.9232495,-1.3710323
100060709221,50.9232485,-1.3708474
100060709222,50.9232027,-1.3706773
100060709223,50.9229253,-1.3709371
100060709224,50.922953,-1.371079
100060709225,50.9230076,-1.3711921
100060709226,50.923044,-1.371277
100060709227,50.9230807,-1.3714188
100060709228,50.9229373,-1.3714918
100060709229,50.9226049,-1.3715532
100060709230,50.9227142,-1.3718221
100060709231,50.9228114,-1.3715078
100060709232,50.9228327,-1.3721193
100060709233,50.9227689,-1.3719494
100060709234,50.9230577,-1.3721589
100060709235,50.9231287,-1.371973
100060709236,50.9232,-1.3718582
100060709237,50.9232625,-1.371772
100060709238,50.9233249,-1.3716716
100060709239,50.9233875,-1.3715996
100060709240,50.9237922,-1.3716084
100060709241,50.9239091,-1.3716068
100060709453,50.9110974,-1.3704423
100060709454,50.9110969,-1.370357
100060709455,50.9110964,-1.3702574
100060709456,50.9110959,-1.3701721
100060709457,50.9112402,-1.3702555
100060709458,50.9112851,-1.3702264
100060709459,50.9113391,-1.3702399
100060709460,50.911384,-1.3702393
100060709461,50.9113274,-1.3697422
100060709462,50.9112735,-1.3697572
100060709463,50.9112194,-1.3697294
100060709464,50.9111476,-1.3697446
100060709465,50.9109946,-1.3697183
100060709466,50.9109406,-1.369719
100060709467,50.9109046,-1.3697195
100060709468,50.9108508,-1.3697344
100060709469,50.9107977,-1.3698916
100060709470,50.9107981,-1.3699769
100060709471,50.9107895,-1.3700482
100060709472,50.9107899,-1.3701193
100060709473,50.9108083,-1.3701902
100060709474,50.9108176,-1.3702612
100060709475,50.910809,-1.3703324
100060709476,50.9108094,-1.3704035
100060709477,50.9108461,-1.3705453
100060709478,50.9108466,-1.3706306
100060709479,50.9108471,-1.3707159
100060709480,50.9108564,-1.3707869
100060709485,50.9367229,-1.3815243
100060709486,50.9367492,-1.3813958
100060709487,50.9371537,-1.381362
100060709488,50.9368037,-1.3814947
100060709489,50.9372438,-1.3814035
100060709490,50.9368582,-1.3816079
100060709491,50.9372537,-1.3815741
100060709492,50.9369039,-1.3817353
100060709493,50.9369403,-1.3818202
100060709494,50.9372902,-1.3816733
100060709495,50.9369676,-1.3818768
100060709496,50.9373264,-1.3817155
100060709497,50.9370221,-1.3819757
100060709498,50.9373359,-1.3818008
100060709499,50.9370494,-1.3820465
100060709500,50.9373631,-1.3818431
100060709501,50.937104,-1.3821596
100060709502,50.9373904,-1.3819139
100060709503,50.9371313,-1.3822162
100060709504,50.9374177,-1.3819705
100060709505,50.9372035,-1.3822722
100060709506,50.9374451,-1.3820413
100060709507,50.9372222,-1.3824
100060709508,50.9374813,-1.3820835
100060709509,50.9374995,-1.3821259
100060709510,50.9373139,-1.3827404
100060709511,50.9373489,-1.3825549
100060709512,50.9375358,-1.3821824
100060709513,50.9375541,-1.3822533
100060709514,50.9374038,-1.3827392
100060709515,50.9375726,-1.3823384
100060709516,50.9374402,-1.3828099
100060709517,50.9376177,-1.3823805
100060709518,50.9374857,-1.3829089
100060709519,50.937636,-1.3824372
100060709520,50.9375129,-1.3829655
100060709521,50.9376724,-1.3825079
100060709522,50.9375401,-1.3829936
100060709523,50.9376906,-1.3825504
100060709524,50.9375674,-1.3830644
100060709525,50.9377179,-1.3826212
100060709526,50.9375857,-1.383121
100060709527,50.9377541,-1.3826634
100060709528,50.9376129,-1.3831634
100060709529,50.9377814,-1.38272
100060709530,50.9376314,-1.3832628
100060709531,50.9377997,-1.3827766
100060709532,50.9376858,-1.3833474
100060709533,50.9378271,-1.3828474
100060709534,50.9377311,-1.3834038
100060709535,50.9378543,-1.382904
100060709536,50.9377675,-1.3834887
100060709537,50.9378908,-1.3829889
100060709538,50.9378039,-1.3835594
100060709539,50.9379272,-1.3830738
100060709540,50.937822,-1.3835876
100060709541,50.9379634,-1.3831303
100060709542,50.9378764,-1.3836723
100060709543,50.9379997,-1.3831867
100060709544,50.9379401,-1.3838137
100060709545,50.9380361,-1.3832574
100060709546,50.9380039,-1.3839695
100060709547,50.9380633,-1.3832997
100060709548,50.9380676,-1.3841109
100060709549,50.9381088,-1.3833988
100060709550,50.938113,-1.3841957
100060709551,50.938136,-1.3834553
100060709552,50.9381584,-1.3842805
100060709553,50.9381904,-1.38354
100060709554,50.9381859,-1.3843798
100060709555,50.9382267,-1.3835965
100060709556,50.9382043,-1.3844649
100060710447,50.9218886,-1.3605225
100060710448,50.9218431,-1.3604235
100060710449,50.9218063,-1.3602675
100060710450,50.9217521,-1.3602256
100060710451,50.9219803,-1.3608342
100060710452,50.9219619,-1.3607633
100060710454,50.9122997,-1.3896276
100060710455,50.912341,-1.3896181
100060710456,50.9123838,-1.389613
100060710457,50.9124238,-1.3896011
100060710458,50.9124651,-1.3895939
100060710459,50.9125094,-1.3896068
100060710460,50.9125478,-1.3895724
100060710461,50.9125877,-1.3895674
100060710462,50.9126291,-1.3895533
100060710463,50.9126718,-1.3895459
100060710464,50.9127089,-1.3895365
100060710465,50.9127532,-1.3895426
100060710466,50.912791,-1.3895799
100060710467,50.9128359,-1.3895651
100060710468,50.9128718,-1.3895504
100060710469,50.9129167,-1.3895498
100060710470,50.9129619,-1.3895919
100060710471,50.9129146,-1.3891373
100060710472,50.9128786,-1.3891378
100060710473,50.9128427,-1.3891525
100060710474,50.9128067,-1.389153
100060710475,50.9127618,-1.3891678
100060710476,50.9127259,-1.3891825
100060710477,50.91269,-1.3891829
100060710478,50.9126541,-1.3891976
100060710479,50.9126092,-1.3892125
100060710480,50.9125822,-1.3892128
100060710481,50.9125463,-1.3892275
100060710482,50.9125014,-1.3892281
100060710483,50.9124745,-1.3892427
100060710484,50.9124295,-1.3892433
100060710485,50.9123846,-1.3892581
100060710822,50.9324173,-1.3668099
100060710823,50.9324173,-1.3668099
100060710824,50.9323636,-1.3668676
100060710825,50.9323636,-1.3668676
100060710826,50.9322836,-1.3670394
100060710827,50.9322836,-1.3670394
100060710828,50.932266,-1.3671108
100060710829,50.932266,-1.3671108
100060710830,50.9323033,-1.3673523
100060710831,50.9323033,-1.3673523
100060710832,50.9323665,-1.3673941
100060710833,50.9323665,-1.3673941
100060710834,50.9324748,-1.3674638
100060710835,50.9324748,-1.3674638
100060710836,50.9325291,-1.3675342
100060710837,50.9325291,-1.3675342
100060710838,50.9326996,-1.3674607
100060710839,50.9326996,-1.3674607
100060710840,50.9327443,-1.3674174
100060710841,50.9327443,-1.3674174
100060710842,50.9327878,-1.3671464
100060710843,50.9327878,-1.3671464
100060710844,50.9327876,-1.3671037
100060710845,50.9327876,-1.3671037
100060710945,50.9271762,-1.3638078
100060710946,50.9273358,-1.363393
100060710947,50.9272303,-1.3638355
100060710948,50.927408,-1.3634347
100060710949,50.9273204,-1.3638627
100060710950,50.9274891,-1.363462
100060710951,50.9273926,-1.3639044
100060710952,50.9275702,-1.3634894
100060710953,50.9274648,-1.3639461
100060710954,50.9276598,-1.3634312
100060710955,50.9274919,-1.3639742
100060710956,50.9277411,-1.3635013
100060710957,50.9275551,-1.3640161
100060710958,50.9275551,-1.3640161
100060710959,50.9278682,-1.363713
100060710960,50.9276182,-1.3640437
100060710961,50.9278329,-1.3638415
100060710962,50.9276725,-1.3641141
100060710963,50.9278156,-1.3639698
100060710964,50.9268629,-1.3640682
100060710965,50.9268629,-1.3640682
100060710966,50.9268629,-1.3640682
100060710967,50.9268629,-1.3640682
100060710968,50.9267336,-1.3634439
100060710969,50.9267336,-1.3634439
100060710970,50.9267336,-1.3634439
100060710971,50.9268629,-1.3640682
100060710972,50.9267336,-1.3634439
100060710973,50.9267336,-1.3634439
100060710974,50.9267336,-1.3634439
100060710975,50.9268629,-1.3640682
100060710976,50.9267956,-1.3632581
100060710977,50.9268629,-1.3640682
100060710978,50.9268042,-1.363201
100060710979,50.9268664,-1.3630579
100060710980,50.9268629,-1.3640682
100060710981,50.9268629,-1.3640682
100060710982,50.926893,-1.3629864
100060710983,50.9270137,-1.363682
100060710984,50.9270137,-1.363682
100060710985,50.9269553,-1.3628717
100060710986,50.9270137,-1.363682
100060710987,50.9270137,-1.363682
100060710988,50.9269819,-1.3628002
100060710989,50.9271291,-1.36341
100060710990,50.9270352,-1.3626714
100060710991,50.9270352,-1.3626714
100060710992,50.9271825,-1.3633097
100060710993,50.9270438,-1.3626144
100060710994,50.9272179,-1.3631954
100060710995,50.9272712,-1.3630808
100060710996,50.9271315,-1.3622005
100060710997,50.9273154,-1.3629379
100060710998,50.9271669,-1.3620862
100060710999,50.9273418,-1.362838
100060711000,50.9272022,-1.3619719
100060711001,50.9273683,-1.3627522
100060711002,50.9272196,-1.3618578
100060711003,50.9274386,-1.3624382
100060711004,50.9273169,-1.3615577
100060711005,50.9274559,-1.3623241
100060711006,50.9273524,-1.3614718
100060711007,50.9274913,-1.3622098
100060711008,50.9273877,-1.3613575
100060711009,50.9275175,-1.3620814
100060711010,50.9274231,-1.3612574
100060711011,50.9275351,-1.36201
100060711012,50.9274585,-1.3611431
100060711013,50.9276682,-1.3616667
100060711014,50.9275119,-1.3610427
100060711015,50.9277034,-1.3615381
100060711016,50.9275472,-1.3609284
100060711017,50.9277387,-1.3614096
100060711018,50.9275917,-1.3608424
100060711019,50.9277923,-1.3613377
100060711020,50.9276361,-1.3607422
100060711021,50.9278277,-1.3612376
100060711022,50.9276805,-1.360642
100060711023,50.927872,-1.3611232
100060711024,50.927716,-1.3605419
100060711025,50.9278891,-1.3609522
100060711026,50.9278497,-1.3603266
100060711027,50.9279336,-1.3608662
100060711028,50.9278497,-1.3603266
100060711029,50.927987,-1.3607659
100060711030,50.9279301,-1.3602401
100060711031,50.9280674,-1.3606651
100060711032,50.9279301,-1.3602401
100060711033,50.9281389,-1.360593
100060711034,50.9280106,-1.3601537
100060711035,50.9281833,-1.3604928
100060711036,50.9280106,-1.3601537
100060711037,50.9282911,-1.3604771
100060711038,50.9280911,-1.3600814
100060711039,50.9283357,-1.3604053
100060711040,50.9280911,-1.3600814
100060711045,50.9154412,-1.3655328
100060711046,50.9155521,-1.3660861
100060711047,50.9152069,-1.3654364
100060711048,50.9154351,-1.3660592
100060711049,50.9154351,-1.3660592
100060711050,50.9151529,-1.3654229
100060711051,50.915381,-1.3660315
100060711052,50.9150628,-1.3653957
100060711053,50.9153089,-1.3660041
100060711054,50.9149998,-1.3653824
100060711055,50.9152279,-1.3659909
100060711056,50.914883,-1.3653982
100060711057,50.9151469,-1.3659778
100060711058,50.9147657,-1.3653429
100060711059,50.9150656,-1.365922
100060711060,50.9146757,-1.3653156
100060711061,50.9149756,-1.365909
100060711062,50.914513,-1.3651756
100060711063,50.9148857,-1.3659102
100060711064,50.914432,-1.3651483
100060711065,50.9148138,-1.3659112
100060711066,50.9143867,-1.365092
100060711067,50.9147507,-1.3658836
100060711068,50.9142964,-1.3650221
100060711069,50.9144715,-1.3658021
100060711070,50.9142691,-1.3649655
100060711071,50.9144081,-1.3657176
100060711072,50.9140795,-1.3648259
100060711073,50.9143448,-1.3656615
100060711074,50.9140342,-1.3647554
100060711075,50.9142726,-1.3656056
100060711076,50.9139707,-1.3646567
100060711077,50.9141913,-1.3655356
100060711078,50.9139076,-1.3646433
100060711079,50.914119,-1.3654797
100060711080,50.9138354,-1.3645874
100060711081,50.9140646,-1.3653951
100060711082,50.9137901,-1.3645169
100060711083,50.9139742,-1.365311
100060711084,50.9139472,-1.3652971
100060711489,50.9302979,-1.3607341
100060711490,50.930025,-1.3618051
100060711491,50.9302083,-1.3607922
100060711492,50.9300153,-1.3616771
100060711493,50.9299788,-1.361578
100060711494,50.9299602,-1.3614644
100060711495,50.9299327,-1.3613652
100060711496,50.929914,-1.3612374
100060711497,50.9297341,-1.3612256
100060711498,50.9297155,-1.3611263
100060713032,50.9215995,-1.3752374
100060713033,50.9214016,-1.3752258
100060713034,50.9213209,-1.3752696
100060713035,50.921294,-1.3752842
100060713036,50.9213147,-1.3757961
100060713037,50.9212042,-1.3752996
100060713038,50.9212788,-1.3757966
100060713039,50.9211683,-1.3753143
100060713040,50.9212071,-1.3758544
100060713041,50.9211148,-1.3754004
100060713042,50.9211802,-1.3758548
100060713043,50.9210789,-1.3754151
100060713044,50.9210995,-1.3758986
100060713045,50.921025,-1.3754301
100060713046,50.9210726,-1.3759131
100060713047,50.9209801,-1.3754449
100060713048,50.9209822,-1.375829
100060713049,50.9209083,-1.3754601
100060713050,50.9209464,-1.3758579
100060713051,50.9208634,-1.3754749
100060713052,50.9208836,-1.3758872
100060713053,50.9208096,-1.3755041
100060713054,50.9208207,-1.3759023
100060713055,50.9207848,-1.375917
100060713056,50.9207109,-1.3755481
100060713057,50.9207128,-1.3759037
100060713058,50.9206656,-1.3754776
100060713059,50.920677,-1.3759327
100060713060,50.9205937,-1.3754927
100060713061,50.9206053,-1.3759763
100060713062,50.9205669,-1.3755358
100060713063,50.9205693,-1.3759768
100060713064,50.9204949,-1.3755225
100060713065,50.9205065,-1.3760061
100060713066,50.920459,-1.3755372
100060713067,50.9204706,-1.3760208
100060713068,50.9203694,-1.3755811
100060713069,50.9203899,-1.3760503
100060713070,50.9203629,-1.3760507
100060713071,50.9202822,-1.3760944
100060713072,50.9202435,-1.375597
100060713073,50.9202552,-1.3760948
100060713074,50.9201087,-1.3755988
100060713075,50.9201719,-1.3756549
100060713076,50.9201741,-1.3760532
100060713077,50.9200728,-1.3756135
100060713078,50.9201294,-1.3761107
100060713079,50.9200011,-1.3756714
100060713080,50.9200756,-1.3761399
100060713081,50.9199653,-1.3756861
100060713082,50.9200127,-1.3761407
100060713083,50.9199025,-1.3757154
100060713084,50.9199768,-1.3761554
100060713085,50.9198577,-1.3757445
100060713086,50.919896,-1.376185
100060713087,50.9197859,-1.3757739
100060713088,50.9198601,-1.3761997
100060713089,50.91975,-1.3757886
100060713090,50.9197972,-1.3762005
100060713091,50.9196781,-1.3758038
100060713092,50.9197613,-1.3762294
100060713093,50.9196422,-1.3758185
100060713094,50.9196896,-1.3762589
100060713095,50.9195794,-1.3758478
100060713096,50.9195794,-1.3758478
100060713097,50.9196536,-1.3762593
100060713098,50.9195435,-1.3758482
100060713099,50.9194718,-1.3758919
100060713100,50.9194178,-1.3758926
100060713101,50.919364,-1.3759218
100060713102,50.9193192,-1.3759508
100060713103,50.9192654,-1.37598
100060713104,50.9192205,-1.3759948
100060713105,50.9191666,-1.3760098
100060713106,50.9190855,-1.3759682
100060713107,50.9190585,-1.3759685
100060713108,50.9190047,-1.3759977
100060713109,50.9189509,-1.3760269
100060713110,50.9188793,-1.3760848
100060713111,50.9188524,-1.3760993
100060713112,50.9186998,-1.3761583
100060713113,50.9187357,-1.3761436
100060713114,50.9186374,-1.3762587
100060713115,50.918891,-1.3765825
100060713116,50.9186286,-1.3762873
100060713117,50.9186204,-1.3764439
100060713118,50.9188557,-1.3767253
100060713119,50.9185306,-1.3764593
100060713120,50.9187929,-1.3767403
100060713121,50.9185315,-1.37663
100060713122,50.9187661,-1.3767834
100060713123,50.9183141,-1.3763342
100060713124,50.9187305,-1.3768407
100060713125,50.9182598,-1.376278
100060713126,50.9187038,-1.376898
100060713127,50.9182238,-1.3762642
100060713128,50.9186952,-1.3769692
100060713129,50.9181785,-1.3762079
100060713130,50.9181324,-1.3759952
100060713634,50.9242726,-1.3756711
100060713635,50.9243265,-1.3756562
100060713636,50.9243805,-1.3756554
100060713637,50.9244343,-1.3756263
100060713638,50.9244971,-1.3756112
100060713639,50.9244971,-1.3756112
100060713640,50.9245512,-1.3756389
100060713641,50.924635,-1.3761642
100060713642,50.9246973,-1.3760353
100060713643,50.924722,-1.3756224
100060713644,50.9247332,-1.3760206
100060713646,50.9248051,-1.3760197
100060713647,50.9248388,-1.3755924
100060713648,50.9248683,-1.3760615
100060713649,50.9248683,-1.3760615
100060713650,50.9249128,-1.3759898
100060713651,50.9249465,-1.3755625
100060713652,50.9249666,-1.3759464
100060713653,50.9249826,-1.3755904
100060713654,50.9250119,-1.3760169
100060713655,50.9250455,-1.3755754
100060713656,50.9250748,-1.3760018
100060713657,50.9250904,-1.3755605
100060713658,50.9250904,-1.3755605
100060713659,50.9252192,-1.3760995
100060713660,50.9252817,-1.3760275
100060713661,50.9254231,-1.3755561
100060713662,50.9254171,-1.3761111
100060713663,50.9254799,-1.3760818
100060713664,50.925504,-1.375555
100060713665,50.9256573,-1.3756241
100060713666,50.9256241,-1.3761368
100060713667,50.9257111,-1.3756091
100060713668,50.9256603,-1.376179
100060713669,50.925838,-1.3757782
100060713670,50.9257685,-1.3762486
100060713671,50.9260272,-1.375861
100060713672,50.9259642,-1.3758334
100060713673,50.925931,-1.3763603
100060713674,50.9261361,-1.3760303
100060713675,50.9260034,-1.3764447
100060713676,50.9261899,-1.3760153
100060713677,50.9260395,-1.3764727
100060713678,50.9262896,-1.3761563
100060713679,50.9260939,-1.3765573
100060713680,50.9264974,-1.3763385
100060713681,50.9264163,-1.3762969
100060713682,50.9261211,-1.3765854
100060713683,50.926597,-1.376451
100060713684,50.9262027,-1.3767124
100060713685,50.9262393,-1.3768257
100060713686,50.9261664,-1.3766559
100060713687,50.9266783,-1.376521
100060713688,50.9263654,-1.3768667
100060713689,50.9267238,-1.3766343
100060713690,50.9264919,-1.3769789
100060713691,50.9264919,-1.3769789
100060713692,50.9267965,-1.3767756
100060713693,50.9267965,-1.3767756
100060713694,50.9265554,-1.3770918
100060713695,50.926628,-1.3772047
100060713696,50.926628,-1.3772047
100060713697,50.9268603,-1.376917
100060713698,50.9267095,-1.3773174
100060713699,50.9269144,-1.376959
100060713700,50.9268451,-1.3774437
100060713701,50.9269959,-1.3770575
100060713702,50.9269267,-1.3775706
100060713703,50.9270684,-1.3771561
100060713704,50.9270263,-1.3776974
100060713705,50.9269813,-1.3776837
100060713706,50.9271589,-1.3772687
100060713707,50.9271589,-1.3772687
100060713708,50.9272068,-1.377823
100060713709,50.9272491,-1.3773102
100060713711,50.9274563,-1.3773786
100060713712,50.9274409,-1.3778626
100060713713,50.9275102,-1.3773779
100060713714,50.9275664,-1.377804
100060713715,50.9275639,-1.3773202
100060713716,50.9276112,-1.3777607
100060713717,50.9276087,-1.3773054
100060713718,50.927674,-1.3777314
100060713719,50.9276446,-1.3772907
100060713720,50.9277279,-1.3777307
100060713721,50.9276984,-1.3772615
100060713722,50.9278087,-1.3777011
100060713723,50.9277794,-1.3772604
100060713724,50.9278714,-1.3776576
100060713725,50.9278421,-1.3772311
100060713726,50.9279343,-1.3776426
100060713727,50.9279138,-1.3771733
100060713728,50.927997,-1.377599
100060713729,50.9279496,-1.3771443
100060713730,50.9280686,-1.3775269
100060713731,50.9280394,-1.3771147
100060713732,50.9281134,-1.3775121
100060713733,50.9281021,-1.3770711
100060713734,50.9281942,-1.3774826
100060713735,50.928147,-1.3770705
100060713736,50.928248,-1.3774534
100060713737,50.9282366,-1.3769982
100060713738,50.9283378,-1.3774237
100060713739,50.9282633,-1.3769551
100060713740,50.9284096,-1.3773943
100060713741,50.928362,-1.3769111
100060713742,50.9284249,-1.3768961
100060713743,50.9284697,-1.376867
100060713744,50.9285686,-1.3768657
100060713745,50.9286042,-1.3767941
100060713746,50.9286759,-1.3767504
100060713747,50.9287653,-1.3766638
100060713748,50.9288012,-1.3766491
100060713749,50.9288732,-1.3766482
100060713750,50.928918,-1.3766191
100060713751,50.9289805,-1.3765471
100060713752,50.9291599,-1.3764593
100060713753,50.929241,-1.3764867
100060713754,50.9293125,-1.3764004
100060713755,50.9293302,-1.3763575
100060713756,50.9294473,-1.3763843
100060713757,50.929465,-1.3763272
100060713758,50.9295726,-1.3762831
100060713759,50.9295906,-1.3762828
100060713760,50.9297072,-1.3762243
100060713761,50.929761,-1.3761952
100060713762,50.9297968,-1.3761662
100060713763,50.9298864,-1.3761081
100060713764,50.9299133,-1.3760793
100060713765,50.9300211,-1.3760636
100060713766,50.9301224,-1.3765034
100060713767,50.9300478,-1.3760063
100060713768,50.930167,-1.3764316
100060713769,50.9301556,-1.3759906
100060713770,50.9302297,-1.3763881
100060713771,50.9302094,-1.3759615
100060713772,50.9303105,-1.3763728
100060713773,50.9302811,-1.3759178
100060713774,50.9303732,-1.3763293
100060713775,50.9303348,-1.3758744
100060713776,50.9304362,-1.3763284
100060713777,50.9304067,-1.3758592
100060713778,50.9304987,-1.3762422
100060713779,50.9304783,-1.3758013
100060713780,50.9305615,-1.3762129
100060713781,50.930541,-1.3757578
100060713782,50.9306245,-1.3762263
100060713783,50.9306038,-1.3757285
100060713784,50.9306962,-1.3761826
100060713785,50.9306846,-1.375699
100060713786,50.9307679,-1.376139
100060713787,50.9307114,-1.3756701
100060713788,50.9308217,-1.3761098
100060713789,50.9308103,-1.3756546
100060713790,50.9309209,-1.3761654
100060713791,50.9308461,-1.3756256
100060713792,50.9309561,-1.3760226
100060713793,50.9308998,-1.3755822
100060713794,50.9309919,-1.3759794
100060713795,50.9309919,-1.3759794
100060713796,50.9309984,-1.375524
100060713797,50.9310815,-1.3759213
100060713798,50.9310611,-1.3754805
100060713799,50.9311353,-1.3759064
100060713800,50.9311057,-1.3754087
100060713801,50.931216,-1.3758484
100060713802,50.9311503,-1.3753512
100060713803,50.9312698,-1.3758192
100060713804,50.9312131,-1.3753077
100060713805,50.9313145,-1.3757759
100060713806,50.9312668,-1.3752642
100060713807,50.9313861,-1.375718
100060713808,50.9312842,-1.3751502
100060713809,50.9314304,-1.3755893
100060713810,50.9313379,-1.3751068
100060713811,50.931484,-1.3755317
100060713812,50.9313824,-1.3750208
100060713813,50.9314091,-1.3749777
100060713814,50.9314356,-1.3748778
100060713815,50.9314711,-1.3748061
100060713816,50.9314977,-1.3747204
100060713817,50.9315421,-1.3746202
100060713818,50.9315777,-1.3745485
100060713819,50.9315226,-1.3743501
100060713820,50.9316666,-1.3743624
100060713821,50.931693,-1.3742482
100060713822,50.9317375,-1.3741622
100060713823,50.9318088,-1.3740474
100060713824,50.9318172,-1.3739477
100060713825,50.9318437,-1.3738477
100060713826,50.9318793,-1.373776
100060713827,50.9319148,-1.3737044
100060713828,50.9319592,-1.37359
100060713830,50.9320468,-1.3731619
100060713831,50.9320737,-1.3731331
100060713832,50.9321362,-1.3730611
100060713833,50.9321629,-1.3730038
100060713834,50.9322077,-1.3729747
100060713835,50.9322252,-1.3728891
100060713836,50.9322429,-1.3728319
100060713837,50.9322786,-1.3727888
100060713838,50.9323054,-1.3727457
100060713839,50.932332,-1.3726742
100060713840,50.9323587,-1.3726169
100060713841,50.9323853,-1.3725596
100060713842,50.932403,-1.3725025
100060713843,50.9324478,-1.3724734
100060713844,50.9324745,-1.3724161
100060713845,50.9324922,-1.372359
100060713846,50.9325278,-1.3723015
100060713847,50.9325453,-1.3722159
100060713848,50.9325812,-1.372187
100060713849,50.9326168,-1.3721296
100060713850,50.9326434,-1.3720581
100060713851,50.932679,-1.3719864
100060713852,50.9327056,-1.3719149
100060713853,50.9327322,-1.3718434
100060713854,50.9327589,-1.3718003
100060713855,50.9328121,-1.3716573
100060713856,50.9328386,-1.3715573
100060714045,50.939988,-1.3682584
100060714046,50.9399606,-1.3681734
100060714047,50.9399331,-1.3680883
100060714048,50.9399059,-1.3680318
100060714049,50.9398873,-1.3679182
100060714050,50.9399138,-1.3678324
100060714051,50.9399583,-1.3677606
100060714052,50.9399942,-1.3677317
100060714053,50.9398573,-1.3673635
100060714054,50.9398388,-1.3672783
100060714055,50.9397843,-1.3671652
100060714056,50.9397477,-1.3670518
100060714057,50.9397292,-1.3669667
100060714058,50.9396837,-1.3668534
100060714059,50.9396651,-1.3667398
100060714092,50.9167576,-1.3694981
100060714093,50.9172273,-1.3698901
100060714094,50.9168025,-1.3694833
100060714095,50.9172543,-1.3698898
100060714096,50.9168654,-1.3694825
100060714097,50.9173444,-1.369917
100060714098,50.9169103,-1.3694676
100060714099,50.9173983,-1.369902
100060714100,50.9169733,-1.3694668
100060714101,50.9174252,-1.3698874
100060714102,50.9170272,-1.369466
100060714103,50.9175152,-1.3699005
100060714104,50.9170901,-1.369451
100060714105,50.9175331,-1.369886
100060714106,50.917135,-1.3694361
100060714107,50.9176315,-1.3697993
100060714108,50.9171978,-1.3694211
100060714109,50.9176855,-1.3697986
100060714110,50.9172337,-1.3694064
100060714111,50.9173053,-1.3693485
100060714112,50.9173323,-1.3693481
100060714113,50.9174797,-1.3694002
100060714114,50.9175121,-1.3693315
100060714290,50.932217,-1.3630557
100060714291,50.9322572,-1.3638379
100060714292,50.9321536,-1.3629712
100060714293,50.9322027,-1.3637248
100060714294,50.932099,-1.3628581
100060714295,50.9321572,-1.3636258
100060714296,50.9320355,-1.3627594
100060714297,50.9321207,-1.3635409
100060714298,50.93172,-1.3626072
100060714299,50.9320386,-1.3633143
100060714300,50.9317568,-1.3627632
100060714301,50.9319668,-1.3633438
100060714302,50.931776,-1.3629906
100060714303,50.931895,-1.3633732
100060714304,50.9317132,-1.3630199
100060714305,50.9318321,-1.3633883
100060714306,50.9316505,-1.3630635
100060714307,50.9317694,-1.3634319
100060714308,50.9315877,-1.3630928
100060714309,50.9318156,-1.3636589
100060714310,50.9315069,-1.3631081
100060714311,50.9318342,-1.3637583
100060714312,50.9314876,-1.3628665
100060714313,50.9318528,-1.3638861
100060714314,50.9314598,-1.3627246
100060714463,50.9348975,-1.3631756
100060714464,50.9349603,-1.3631463
100060714465,50.9350408,-1.363074
100060714466,50.9350946,-1.3630306
100060714467,50.9351842,-1.3629725
100060714468,50.9352379,-1.362929
100060714469,50.9353456,-1.3628991
100060714470,50.9353993,-1.3628414
100060714471,50.9354708,-1.3627693
100060714472,50.9355334,-1.3626973
100060714473,50.935614,-1.3626392
100060714474,50.9356856,-1.3625813
100060714475,50.9358193,-1.3623518
100060714476,50.9357752,-1.3625089
100060714477,50.9357278,-1.3620684
100060714478,50.9355928,-1.3620418
100060714479,50.9355211,-1.3620997
100060714480,50.9354585,-1.3621575
100060714481,50.9353959,-1.3622153
100060714482,50.9353242,-1.3622732
100060714483,50.9352705,-1.3623166
100060714484,50.9351901,-1.3624173
100060714485,50.9351005,-1.3624613
100060714486,50.9350376,-1.3624763
100060714487,50.934984,-1.3625482
100060714488,50.9349035,-1.3626205
100060714489,50.9348319,-1.3626926
100060714490,50.9347512,-1.3627364
100060714491,50.9347067,-1.3628082
100060714712,50.9344751,-1.3832761
100060714713,50.9345026,-1.3833754
100060714714,50.9345392,-1.383503
100060714715,50.9345667,-1.3836022
100060714716,50.9345945,-1.3837442
100060714717,50.9346038,-1.3838152
100060714718,50.9346407,-1.3839855
100060714719,50.9346681,-1.3840705
100060714720,50.9346959,-1.3842267
100060714721,50.9347142,-1.3842834
100060714722,50.9348146,-1.3832552
100060714723,50.9347511,-1.3844537
100060714724,50.934835,-1.3833283
100060714725,50.9347695,-1.3845246
100060714726,50.9348625,-1.3834133
100060714727,50.9348152,-1.3846663
100060714728,50.934881,-1.3835127
100060714729,50.9348427,-1.3847655
100060714730,50.9348993,-1.3835693
100060714731,50.9348882,-1.3848788
100060714732,50.9349268,-1.3836686
100060714733,50.9349158,-1.3849923
100060714734,50.9349452,-1.3837537
100060714735,50.9349433,-1.3850915
100060714736,50.9349867,-1.3838316
100060714737,50.9349708,-1.3851908
100060714738,50.9349908,-1.3838989
100060714739,50.9349627,-1.3853474
100060714740,50.9350107,-1.3839987
100060714741,50.9349902,-1.3854467
100060714742,50.9350251,-1.3840527
100060714743,50.9349642,-1.385632
100060714744,50.9350607,-1.3841631
100060714745,50.9349826,-1.3857172
100060714746,50.9350735,-1.3843035
100060714747,50.9350283,-1.3858589
100060714748,50.9350993,-1.3843786
100060714749,50.9350468,-1.3859583
100060714750,50.9351168,-1.3844584
100060714751,50.9350835,-1.3860859
100060714752,50.9351484,-1.3845321
100060714753,50.93512,-1.386185
100060714754,50.9351629,-1.3846154
100060714755,50.9352105,-1.3862977
100060714756,50.9351783,-1.3846941
100060714757,50.935238,-1.3863969
100060714758,50.9352017,-1.3847737
100060714759,50.9353105,-1.3864956
100060714760,50.9352281,-1.3848498
100060714761,50.9353377,-1.3865522
100060714762,50.9352533,-1.3849754
100060714763,50.9352533,-1.3849766
100060714764,50.9353746,-1.3867225
100060714765,50.9353121,-1.3851151
100060714766,50.9353929,-1.3867791
100060714767,50.9353306,-1.3852003
100060714768,50.9354299,-1.3869779
100060714769,50.9353592,-1.3853024
100060714770,50.9354392,-1.3870347
100060714771,50.9353728,-1.3853658
100060714772,50.9354671,-1.3872193
100060714773,50.9353978,-1.385456
100060714774,50.9354946,-1.3873044
100060714775,50.9354139,-1.3855241
100060714776,50.9355403,-1.3874461
100060714777,50.9354389,-1.3856225
100060714778,50.9355677,-1.3875311
100060714779,50.9354579,-1.3856823
100060714780,50.9356133,-1.3876444
100060714781,50.9354829,-1.3857843
100060714782,50.9356498,-1.3877577
100060714783,50.9354981,-1.3858464
100060714784,50.935686,-1.3878676
100060714785,50.9355232,-1.3859439
100060714786,50.9357177,-1.3879649
100060714787,50.9355384,-1.3860131
100060714788,50.9357282,-1.3881142
100060714789,50.9355638,-1.3861164
100060714790,50.9357799,-1.3881959
100060714791,50.9355828,-1.3861775
100060714792,50.9358164,-1.3883366
100060714793,50.9356064,-1.3862762
100060714794,50.9358453,-1.3884656
100060714795,50.9356254,-1.3863407
100060714796,50.9359248,-1.3887503
100060714797,50.9356542,-1.3864347
100060714798,50.9359434,-1.388864
100060714799,50.9356664,-1.386497
100060714800,50.9359801,-1.3890058
100060714801,50.9356886,-1.3865981
100060714802,50.9359807,-1.3891196
100060714803,50.9357053,-1.3866639
100060714804,50.9360264,-1.3892613
100060714805,50.9357326,-1.3867577
100060714806,50.9360628,-1.3893463
100060714807,50.9357486,-1.3868247
100060714808,50.9360906,-1.3895024
100060714809,50.9357744,-1.3869199
100060714810,50.9361182,-1.3896159
100060714811,50.9357919,-1.3869868
100060714812,50.9361638,-1.3897292
100060714813,50.9358177,-1.3870784
100060714814,50.9361913,-1.3898285
100060714815,50.9358314,-1.3871442
100060714816,50.9362278,-1.3899418
100060714817,50.9358602,-1.3872405
100060714819,50.9358777,-1.3873039
100060714821,50.9359042,-1.3873966
100060714823,50.9359173,-1.387466
100060714825,50.9359439,-1.3875646
100060714827,50.9359598,-1.3876269
100060714829,50.9359867,-1.387732
100060714831,50.9360032,-1.3877902
100060714833,50.9360252,-1.387883
100060714835,50.9360419,-1.3879476
100060714837,50.9360693,-1.3880393
100060714839,50.9360838,-1.388105
100060714841,50.9361051,-1.3881873
100060714843,50.9361195,-1.388246
100060714845,50.9361562,-1.3882919
100060714846,50.9361562,-1.3882919
100060714848,50.9362572,-1.3886891
100060714850,50.9362756,-1.38876
100060714852,50.9363123,-1.3889018
100060714854,50.9363397,-1.3889868
100060714914,50.9354287,-1.3782967
100060714915,50.9355794,-1.3778962
100060714916,50.9354558,-1.3783105
100060714917,50.9356156,-1.3779384
100060714918,50.9355464,-1.3784374
100060714919,50.9357059,-1.3780083
100060714920,50.9355826,-1.3784796
100060714921,50.9357513,-1.3780789
100060714922,50.935664,-1.3785639
100060714923,50.9358145,-1.378135
100060714924,50.9356913,-1.3786347
100060714925,50.9358957,-1.3781766
100060714926,50.9357996,-1.3787044
100060714927,50.9359501,-1.3782612
100060714928,50.9358267,-1.3787325
100060714929,50.9360135,-1.3783458
100060714930,50.9358904,-1.378874
100060714931,50.9358998,-1.378945
100060714932,50.936104,-1.3784442
100060714933,50.9361313,-1.378515
100060714934,50.936222,-1.3786561
100060714935,50.9362045,-1.3787559
100060714936,50.9362236,-1.3789549
100060714937,50.936215,-1.3790262
100060714938,50.93618,-1.3792117
100060714939,50.9360905,-1.3792983
100060714940,50.9360008,-1.3793422
100060714941,50.9357202,-1.3789901
100060714942,50.935956,-1.3793712
100060714943,50.9356574,-1.3790194
100060714944,50.9355768,-1.3790774
100060714945,50.9358037,-1.3794729
100060714946,50.9355141,-1.3791209
100060714947,50.9357589,-1.3795019
100060714948,50.9354423,-1.3791504
100060714949,50.9356602,-1.3795459
100060714950,50.9353616,-1.3791941
100060714951,50.9356244,-1.3795749
100060714952,50.9353258,-1.3792373
100060714953,50.9355168,-1.3796332
100060714954,50.9352272,-1.3792955
100060714955,50.9354631,-1.3796767
100060714956,50.9351733,-1.3793105
100060714957,50.9353645,-1.3797349
100060714958,50.9353286,-1.3797496
100060714959,50.935221,-1.3798222
100060714960,50.9351852,-1.3798369
100060714961,50.9350776,-1.3798953
100060714962,50.934997,-1.3799675
100060714963,50.9349433,-1.3800109
100060714964,50.9348627,-1.3800831
100060714965,50.9347282,-1.3801418
100060715039,50.9381675,-1.3691797
100060715040,50.9382306,-1.3692074
100060715041,50.9383207,-1.3692488
100060715042,50.9384107,-1.3692618
100060715043,50.9384996,-1.3690756
100060715044,50.9385079,-1.3689474
100060715045,50.9385252,-1.3688191
100060715046,50.9385247,-1.3687195
100060715047,50.938551,-1.3686052
100060715048,50.9385506,-1.3685198
100060715049,50.9384771,-1.3682362
100060715050,50.9383962,-1.3682373
100060715051,50.938333,-1.3681954
100060715052,50.9382699,-1.3681678
100060715341,50.9306936,-1.3607428
100060715343,50.9307563,-1.3606993
100060715345,50.9308191,-1.36067
100060715347,50.9309088,-1.360626
100060715348,50.931339,-1.360364
100060715349,50.9309536,-1.360597
100060715350,50.931339,-1.360364
100060715351,50.931009,-1.3608666
100060715352,50.931339,-1.360364
100060715353,50.9310546,-1.3609798
100060715354,50.931339,-1.360364
100060715355,50.9310911,-1.3610647
100060715356,50.931339,-1.360364
100060715357,50.9311277,-1.3611922
100060715358,50.931339,-1.360364
100060715359,50.9311733,-1.3613055
100060715360,50.931339,-1.360364
100060715361,50.9313374,-1.3617159
100060715362,50.931339,-1.360364
100060715363,50.9313374,-1.3617159
100060715364,50.931339,-1.360364
100060715365,50.9313374,-1.3617159
100060715366,50.931339,-1.360364
100060715367,50.9313374,-1.3617159
100060715368,50.931339,-1.360364
100060715369,50.9313374,-1.3617159
100060715370,50.9315662,-1.3607878
100060715371,50.9313374,-1.3617159
100060715372,50.9315662,-1.3607878
100060715373,50.9313374,-1.3617159
100060715374,50.9315662,-1.3607878
100060715375,50.9313374,-1.3617159
100060715376,50.9315662,-1.3607878
100060715377,50.9313374,-1.3617159
100060715378,50.9315662,-1.3607878
100060715379,50.9313374,-1.3617159
100060715380,50.9315662,-1.3607878
100060715381,50.9313374,-1.3617159
100060715382,50.9315662,-1.3607878
100060715383,50.9315362,-1.3618839
100060715384,50.9315662,-1.3607878
100060715385,50.9315362,-1.3618839
100060715386,50.9315662,-1.3607878
100060715387,50.9315362,-1.3618839
100060715388,50.9315662,-1.3607878
100060715389,50.9315362,-1.3618839
100060715390,50.9315662,-1.3607878
100060715391,50.9315362,-1.3618839
100060715392,50.9318375,-1.3610829
100060715393,50.9315362,-1.3618839
100060715394,50.9318022,-1.3611972
100060715395,50.9315362,-1.3618839
100060715396,50.9317668,-1.3612973
100060715397,50.9315362,-1.3618839
100060715398,50.9319748,-1.3615079
100060715399,50.9315362,-1.3618839
100060715400,50.9320283,-1.361436
100060715401,50.9315362,-1.3618839
100060715402,50.932073,-1.3613785
100060715403,50.9315362,-1.3618839
100060715404,50.9321362,-1.3614345
100060715405,50.9321996,-1.3615048
100060715406,50.9322448,-1.3615611
100060715407,50.9322993,-1.3616458
100060715408,50.9323624,-1.3616876
100060715409,50.9324258,-1.3617579
100060715410,50.9319803,-1.3625182
100060715411,50.9324084,-1.361872
100060715412,50.9320611,-1.3625029
100060715413,50.9323819,-1.3619577
100060715414,50.9321331,-1.3625019
100060715415,50.932581,-1.3621827
100060715416,50.9322049,-1.3624867
100060715417,50.9326255,-1.3620967
100060715418,50.9322679,-1.3624858
100060715419,50.93267,-1.3620249
100060715420,50.9324663,-1.3625969
100060715421,50.9327414,-1.3619243
100060715422,50.9324849,-1.3627105
100060715423,50.9327859,-1.3618383
100060715424,50.9325931,-1.362766
100060715425,50.9326027,-1.3628797
100060715426,50.9326214,-1.3630075
100060715427,50.9329993,-1.3630308
100060715996,50.91676,-1.3600095
100060715997,50.9168057,-1.3601369
100060715998,50.9168245,-1.3602789
100060715999,50.9168431,-1.3604067
100060716000,50.91688,-1.3605627
100060716001,50.9168895,-1.3606621
100060716002,50.9169172,-1.3607898
100060716003,50.9167555,-1.3608204
100060716004,50.916675,-1.3609069
100060716005,50.9165945,-1.3609934
100060716006,50.9165048,-1.361023
100060716007,50.9163622,-1.3612668
100060716008,50.9164529,-1.3614078
100060716009,50.9165622,-1.3616624
100060716010,50.9167142,-1.3615038
100060716011,50.9168037,-1.3614173
100060716012,50.9168842,-1.361345
100060716013,50.9170266,-1.3610728
100060716014,50.9170545,-1.3612431
100060716015,50.9170822,-1.3613708
100060716016,50.9171191,-1.361541
100060716017,50.9171917,-1.361668
100060716018,50.9172993,-1.3616096
100060716019,50.9174335,-1.3614798
100060716020,50.9174686,-1.3613086
100060716021,50.9175493,-1.361279
100060716022,50.9176654,-1.3611352
100060716023,50.9177551,-1.3610913
100060716024,50.9178533,-1.3609619
100060716025,50.9177534,-1.3607783
100060716026,50.9176806,-1.3606086
100060716027,50.9175815,-1.3605815
100060716028,50.917483,-1.360654
100060716029,50.9173583,-1.3608833
100060716030,50.9173127,-1.3607559
100060716031,50.917258,-1.3606286
100060716107,50.9245968,-1.3673859
100060716108,50.9246771,-1.367271
100060716109,50.9247761,-1.3672839
100060716110,50.9248747,-1.3672399
100060716111,50.9249375,-1.3672106
100060716112,50.9250273,-1.3671809
100060716113,50.9251166,-1.3670658
100060716114,50.9252416,-1.3668934
100060716115,50.9250955,-1.366497
100060716116,50.9249969,-1.3665552
100060716117,50.9249431,-1.3665702
100060716118,50.9248626,-1.3666567
100060716119,50.924818,-1.3667284
100060716120,50.9247104,-1.3667726
100060716121,50.9174856,-1.3710958
100060716122,50.9174164,-1.3716089
100060716123,50.9178046,-1.3718882
100060716124,50.9178495,-1.3718734
100060716125,50.9179305,-1.3718865
100060716126,50.9179755,-1.3718859
100060716127,50.9181558,-1.3719831
100060716128,50.9183193,-1.3722796
100060716129,50.9183622,-1.3718949
100060716130,50.9184088,-1.3722073
100060716131,50.9184665,-1.3712249
100060716132,50.9184988,-1.3722061
100060716133,50.9185562,-1.371181
100060716134,50.9186549,-1.371137
100060716135,50.9187447,-1.3711215
100060716136,50.9188162,-1.3710352
100060716137,50.9189728,-1.3717302
100060716138,50.9188877,-1.3709489
100060716139,50.9190716,-1.3717147
100060716140,50.9189862,-1.3708764
100060716141,50.9190396,-1.3707761
100060716142,50.919278,-1.3716265
100060716143,50.9191201,-1.3706897
100060716145,50.9191913,-1.3705607
100060716146,50.919419,-1.371084
100060716147,50.9192807,-1.3704599
100060716148,50.9193162,-1.3703741
100060716149,50.9196784,-1.3708387
100060716150,50.9197406,-1.3706955
100060716151,50.9204096,-1.3696906
100060716152,50.9205256,-1.3695183
100060716153,50.9201943,-1.3681144
100060716154,50.9203673,-1.3685104
100060716155,50.9206932,-1.3689185
100060716156,50.9212497,-1.3687261
100060716157,50.9212857,-1.3687256
100060716158,50.9213576,-1.3687104
100060716159,50.9214025,-1.3687098
100060716160,50.9218325,-1.3683909
100060716161,50.9218955,-1.3684043
100060716162,50.9219495,-1.3684178
100060716163,50.9229405,-1.3687601
100060716164,50.9230666,-1.3687868
100060716165,50.9232013,-1.3687566
100060716166,50.9225507,-1.3681678
100060716167,50.9226317,-1.3681809
100060716168,50.9227395,-1.3681653
100060716169,50.9228203,-1.3681499
100060716170,50.9229282,-1.3681342
100060716171,50.9229999,-1.3680906
100060716172,50.9231347,-1.3680745
100060716173,50.9231797,-1.3680881
100060716174,50.9233271,-1.3687406
100060716175,50.9232606,-1.368087
100060716176,50.9234529,-1.3687105
100060716177,50.9233505,-1.3680716
100060716178,50.9236056,-1.3686799
100060716179,50.9234224,-1.3680706
100060716180,50.9236954,-1.3686645
100060716181,50.9238759,-1.3687759
100060716182,50.9235033,-1.3680553
100060716183,50.9239389,-1.3687892
100060716184,50.9235753,-1.3680685
100060716185,50.9240646,-1.3687591
100060716186,50.923674,-1.3680387
100060716187,50.9237458,-1.3680093
100060716188,50.9239526,-1.3680065
100060716189,50.9239976,-1.3680059
100060716190,50.9240692,-1.367948
100060716191,50.9241142,-1.3679474
100060716192,50.9243565,-1.3678587
100060716193,50.9244284,-1.3678435
100060716194,50.9244823,-1.3678286
100060716195,50.9245721,-1.3678131
100060716196,50.9246738,-1.368324
100060716197,50.924626,-1.3677982
100060716198,50.9247276,-1.3682948
100060716199,50.9247247,-1.3677684
100060716200,50.9248173,-1.3682651
100060716201,50.9247786,-1.3677534
100060716202,50.924907,-1.368207
100060716203,50.9248774,-1.3677236
100060716204,50.9249789,-1.368206
100060716205,50.9249222,-1.3676945
100060716206,50.9250688,-1.3682048
100060716207,50.9250028,-1.3676365
100060716208,50.9252037,-1.3682029
100060716209,50.9250476,-1.3676075
100060716210,50.925155,-1.3675064
100060716211,50.9252267,-1.367477
100060716212,50.9255168,-1.3678999
100060716213,50.9252626,-1.367448
100060716214,50.9255704,-1.3678422
100060716215,50.9253522,-1.3673899
100060716216,50.9256332,-1.3677987
100060716217,50.9254058,-1.3673322
100060716218,50.9256869,-1.3677553
100060716219,50.9254864,-1.3672742
100060716220,50.9257584,-1.3676832
100060716221,50.9255222,-1.3672453
100060716222,50.9258211,-1.3676396
100060716223,50.9256206,-1.3671444
100060716224,50.9258928,-1.3675817
100060716225,50.9256564,-1.3671154
100060716226,50.9259643,-1.3675096
100060716227,50.9258534,-1.3669562
100060716228,50.926045,-1.3674658
100060716229,50.9258892,-1.366913
100060716230,50.9261345,-1.3673792
100060716231,50.9259877,-1.3668406
100060716232,50.9261971,-1.3673215
100060716233,50.9260234,-1.3667974
100060716234,50.9262777,-1.3672492
100060716235,50.9261039,-1.3667109
100060716236,50.9264133,-1.3673897
100060716237,50.9261397,-1.366682
100060716238,50.926421,-1.3671477
100060716239,50.926229,-1.3665669
100060716240,50.9265282,-1.3670182
100060716241,50.9262915,-1.3664807
100060716242,50.926722,-1.3662756
100060716243,50.9263086,-1.3663239
100060716244,50.9266496,-1.3661912
100060716245,50.9263169,-1.3661958
100060716246,50.9266489,-1.3660632
100060716247,50.9263166,-1.3661389
100060716248,50.9266575,-1.3659777
100060716249,50.9263066,-1.365954
100060716250,50.9266658,-1.3658495
100060716251,50.9263147,-1.3657832
100060716252,50.9266741,-1.3657356
100060716253,50.926323,-1.365655
100060716254,50.9266734,-1.3655933
100060716255,50.9263398,-1.3654413
100060716256,50.926673,-1.3655222
100060716257,50.9266902,-1.3653796
100060716258,50.9266986,-1.3652799
100060716725,50.9104271,-1.3846894
100060717162,50.9356387,-1.365528
100060717163,50.9356744,-1.3654705
100060717164,50.9357543,-1.3652844
100060717165,50.9358078,-1.3651983
100060717166,50.9358698,-1.3650267
100060717167,50.9359052,-1.3649266
100060717168,50.9359311,-1.364727
100060717169,50.9359485,-1.3646129
100060717170,50.9359926,-1.3644557
100060717171,50.9360185,-1.3642561
100060717172,50.9359549,-1.3641432
100060717173,50.9357934,-1.3642023
100060717174,50.9356766,-1.3642323
100060717175,50.9355965,-1.3643758
100060717176,50.9356156,-1.364589
100060717177,50.9355714,-1.3647177
100060717178,50.9355633,-1.3648886
100060717229,50.9180266,-1.3696944
100060717230,50.9180266,-1.3696944
100060717231,50.9180387,-1.3702633
100060717232,50.9181259,-1.3697642
100060717233,50.9181373,-1.370205
100060717234,50.9181708,-1.3697493
100060717235,50.9182454,-1.3702462
100060717236,50.9182517,-1.3697482
100060717237,50.9183801,-1.3702018
100060717238,50.9183778,-1.369775
100060717239,50.918506,-1.3702143
100060717240,50.9184223,-1.3697033
100060717241,50.9186137,-1.3701701
100060717242,50.9185123,-1.369702
100060717243,50.9186495,-1.3701412
100060717244,50.9185661,-1.3696729
100060717245,50.9187392,-1.3700973
100060717246,50.9186378,-1.3696292
100060717247,50.9188199,-1.3700536
100060717248,50.9187184,-1.3695712
100060717249,50.9189005,-1.3699813
100060717250,50.918781,-1.3695135
100060717251,50.9189811,-1.3699233
100060717252,50.9190793,-1.369794
100060717253,50.9191707,-1.3700773
100060717292,50.9399974,-1.3716742
100060717294,50.939997,-1.3715888
100060717296,50.9399874,-1.3714893
100060717298,50.9399958,-1.3713753
100060717300,50.9399953,-1.3712757
100060717301,50.9399753,-1.3725712
100060717302,50.9399948,-1.3711761
100060717303,50.9399034,-1.3725864
100060717304,50.9399854,-1.371105
100060717305,50.9398585,-1.372587
100060717306,50.9399848,-1.3709912
100060717307,50.9397866,-1.3726022
100060717308,50.9399752,-1.3708917
100060717309,50.9397237,-1.3726173
100060717310,50.9398846,-1.3707506
100060717311,50.9393554,-1.3726792
100060717312,50.9398397,-1.3707654
100060717313,50.9393554,-1.3726792
100060717314,50.9397857,-1.3707662
100060717315,50.9393554,-1.3726792
100060717316,50.9397497,-1.3707666
100060717317,50.9393554,-1.3726792
100060717318,50.9396869,-1.3707817
100060717319,50.9393554,-1.3726792
100060717320,50.939651,-1.3707964
100060717321,50.9393554,-1.3726792
100060717322,50.939597,-1.3707972
100060717323,50.9393554,-1.3726792
100060717324,50.9395611,-1.3707977
100060717325,50.9393554,-1.3726792
100060717326,50.9394811,-1.3709695
100060717327,50.9393554,-1.3726792
100060717328,50.9394816,-1.3710692
100060717329,50.9393554,-1.3726792
100060717330,50.9394821,-1.3711545
100060717331,50.9393554,-1.3726792
100060717332,50.9394826,-1.3712542
100060717333,50.9393554,-1.3726792
100060717334,50.9394831,-1.3713538
100060717335,50.9393554,-1.3726792
100060717336,50.9394925,-1.3714248
100060717337,50.9393554,-1.3726792
100060717338,50.9395023,-1.371567
100060717339,50.9393554,-1.3726792
100060717340,50.9395117,-1.3716523
100060717341,50.9393554,-1.3726792
100060717342,50.9395122,-1.3717377
100060717343,50.9393554,-1.3726792
100060717344,50.9395127,-1.3718373
100060717345,50.9393554,-1.3726792
100060717346,50.9395414,-1.3721501
100060717347,50.9394693,-1.3721368
100060717348,50.9393976,-1.3721662
100060717349,50.9393436,-1.372167
100060717350,50.9392895,-1.3721392
100060717351,50.9392356,-1.3721399
100060717352,50.9389659,-1.3721578
100060717353,50.9388939,-1.3721588
100060717354,50.9388131,-1.3721741
100060717355,50.9387411,-1.3721608
100060717356,50.938624,-1.372134
100060717357,50.9385522,-1.3721492
100060717358,50.9384802,-1.3721501
100060717359,50.9384082,-1.3721369
100060717360,50.9383363,-1.3721521
100060717361,50.9381565,-1.3721545
100060717362,50.9381206,-1.3721692
100060717363,50.9380666,-1.3721557
100060717364,50.9380216,-1.3721563
100060717365,50.9379677,-1.372157
100060717366,50.9378958,-1.3721722
100060717367,50.9378598,-1.3721727
100060717368,50.9378148,-1.3721591
100060717369,50.9380656,-1.3719707
100060717370,50.9380743,-1.3719137
100060717371,50.9380739,-1.3718425
100060717372,50.9378302,-1.371675
100060717373,50.9377848,-1.3715902
100060717374,50.9377398,-1.3715908
100060717375,50.9376859,-1.3715915
100060717376,50.9376409,-1.3715922
100060717377,50.9375872,-1.3716356
100060717378,50.9375344,-1.371864
100060717379,50.9375347,-1.3719209
100060717380,50.9376799,-1.3721609
100060717381,50.937626,-1.3721617
100060717382,50.937581,-1.3721623
100060717383,50.937545,-1.3721485
100060717384,50.9375,-1.3721491
100060717537,50.9202231,-1.3601754
100060717538,50.9201964,-1.3602327
100060717539,50.9201337,-1.360262
100060717540,50.9200889,-1.3603053
100060717541,50.9200353,-1.3603629
100060717542,50.9199816,-1.3604063
100060717543,50.9199367,-1.3604212
100060717544,50.919901,-1.3604786
100060717545,50.9198112,-1.360494
100060717546,50.9197665,-1.3605373
100060717547,50.919731,-1.3606232
100060717548,50.9196862,-1.3606522
100060717549,50.9196052,-1.3606534
100060717550,50.9195606,-1.3607109
100060717551,50.9193986,-1.3606989
100060717552,50.9193803,-1.3606422
100060717553,50.9193259,-1.3605576
100060717554,50.9192897,-1.3605012
100060717555,50.9192532,-1.3604163
100060717556,50.9192259,-1.3603456
100060717557,50.9191177,-1.3603044
100060717558,50.9190904,-1.3602336
100060717559,50.918947,-1.3603352
100060717560,50.9189022,-1.3603642
100060717561,50.9188573,-1.3603791
100060717562,50.9188125,-1.3604081
100060717564,50.9187407,-1.3604234
100060717566,50.9186869,-1.3604525
100060717568,50.9186331,-1.3604817
100060717570,50.9185883,-1.3605108
100060717571,50.9185074,-1.3605261
100060717572,50.9184626,-1.3605552
100060717573,50.9184088,-1.3605844
100060717574,50.9183549,-1.3605851
100060717575,50.9182739,-1.360572
100060717576,50.918238,-1.3605867
100060717577,50.918157,-1.3605736
100060717578,50.9181121,-1.3605885
100060717579,50.9180123,-1.3604333
100060717580,50.9179675,-1.3604624
100060717652,50.9103478,-1.3648624
100060717653,50.9103204,-1.3647917
100060717654,50.9102482,-1.3647358
100060717655,50.9102117,-1.3646509
100060717656,50.9100765,-1.3645959
100060717657,50.9100226,-1.3645966
100060717878,50.9203643,-1.366291
100060717879,50.9203997,-1.3661767
100060717880,50.9204079,-1.3660343
100060717881,50.920407,-1.3658779
100060717882,50.9204497,-1.3654505
100060717883,50.9204579,-1.3653081
100060717884,50.92101,-1.3659693
100060717885,50.9204932,-1.3651796
100060717886,50.9209916,-1.3658841
100060717887,50.9204745,-1.3650518
100060717888,50.920982,-1.3657847
100060717889,50.9205097,-1.364909
100060717890,50.9209636,-1.3656996
100060717891,50.9204999,-1.3647669
100060717892,50.9209541,-1.3656001
100060717893,50.9205074,-1.3644965
100060717894,50.9205172,-1.3646386
100060717895,50.9209626,-1.3655146
100060717896,50.9205248,-1.3643824
100060717897,50.9209793,-1.3652868
100060717898,50.920533,-1.3642401
100060717899,50.9209608,-1.3651874
100060717900,50.9209514,-1.3651164
100060717901,50.9205491,-1.3638842
100060717902,50.9205491,-1.3638842
100060717903,50.9209599,-1.3650167
100060717904,50.920653,-1.3631429
100060717905,50.9209594,-1.3649171
100060717906,50.9207331,-1.3629996
100060717907,50.920968,-1.3648459
100060717908,50.9207954,-1.3628849
100060717909,50.9210442,-1.363977
100060717910,50.9208397,-1.3627563
100060717911,50.9210527,-1.3638915
100060717912,50.9208844,-1.362713
100060717913,50.921061,-1.3637634
100060717914,50.9209646,-1.3625696
100060717915,50.9210695,-1.3636637
100060717916,50.9210273,-1.3625261
100060717917,50.9210777,-1.3635355
100060717918,50.9211167,-1.3624395
100060717919,50.9210862,-1.3634358
100060717920,50.9211971,-1.3623246
100060717921,50.9211126,-1.3633216
100060717922,50.9212508,-1.3622954
100060717923,50.921139,-1.3632217
100060717924,50.9213493,-1.3622087
100060717925,50.9211924,-1.3631213
100060717926,50.9213939,-1.3621511
100060717927,50.921246,-1.3630637
100060717928,50.9215015,-1.3620928
100060717929,50.9213084,-1.3629633
100060717930,50.9215553,-1.3620493
100060717931,50.9213712,-1.3629197
100060717932,50.9216538,-1.3619769
100060717933,50.9214516,-1.3628333
100060717934,50.9217075,-1.3619334
100060717935,50.9214964,-1.3628042
100060717936,50.9218152,-1.3618893
100060717937,50.9216219,-1.3627313
100060717938,50.9218779,-1.3618458
100060717939,50.9220166,-1.3625552
100060717940,50.9221917,-1.3616707
100060717941,50.9221062,-1.3624829
100060717942,50.9222545,-1.3616414
100060717943,50.9221509,-1.3624396
100060717944,50.9223258,-1.3615266
100060717945,50.9222315,-1.3623816
100060717946,50.9223884,-1.3614688
100060717947,50.9222853,-1.3623524
100060717948,50.9224775,-1.3613254
100060717949,50.9223479,-1.3622804
100060717950,50.922486,-1.3612256
100060717951,50.9224106,-1.3622368
100060717952,50.9225031,-1.3610689
100060717953,50.9224822,-1.3621789
100060717954,50.9225023,-1.3609266
100060717955,50.922536,-1.3621498
100060717956,50.9224835,-1.3607704
100060717957,50.9226165,-1.3620775
100060717958,50.9224471,-1.3606855
100060717959,50.9229209,-1.3618315
100060717960,50.9223923,-1.3605298
100060717961,50.9229833,-1.361731
100060717962,50.9223557,-1.3604165
100060717963,50.9230551,-1.3616874
100060717964,50.9223283,-1.3603457
100060717965,50.9231175,-1.3616011
100060717966,50.9222827,-1.3602183
100060717967,50.9231623,-1.3615578
100060717968,50.9222372,-1.3601193
100060717969,50.923243,-1.361514
100060717970,50.9228147,-1.3604955
100060717971,50.9227784,-1.3604249
100060717972,50.9227416,-1.3602689
100060717973,50.9227052,-1.3601983
100060717974,50.9226596,-1.3600851
100060718284,50.9212443,-1.3660514
100060718285,50.9213164,-1.3660931
100060718286,50.9212471,-1.3665636
100060718287,50.9214065,-1.3661204
100060718288,50.9212471,-1.3665636
100060718289,50.9214876,-1.3661477
100060718290,50.9212471,-1.3665636
100060718291,50.9215687,-1.3661751
100060718292,50.9213461,-1.3665907
100060718293,50.9216318,-1.3662027
100060718294,50.9213461,-1.3665907
100060718295,50.9217309,-1.366244
100060718296,50.9213461,-1.3665907
100060718297,50.921803,-1.3662715
100060718298,50.9214543,-1.3666319
100060718299,50.9225327,-1.3665034
100060718300,50.9214543,-1.3666319
100060718301,50.9225331,-1.3665888
100060718302,50.9214543,-1.3666319
100060718303,50.9225516,-1.3666739
100060718304,50.9215354,-1.3666735
100060718305,50.9225791,-1.3667731
100060718306,50.9215354,-1.3666735
100060718307,50.9226065,-1.3668581
100060718308,50.9215354,-1.3666735
100060718309,50.922796,-1.3669694
100060718310,50.9216255,-1.3667007
100060718311,50.922868,-1.3669826
100060718312,50.9216255,-1.3667007
100060718313,50.9229671,-1.3670097
100060718314,50.9216255,-1.3667007
100060718315,50.923039,-1.3670087
100060718316,50.9217066,-1.3667423
100060718317,50.9231381,-1.3670359
100060718318,50.9217066,-1.3667423
100060718319,50.9232099,-1.3670206
100060718320,50.9217066,-1.3667423
100060718321,50.923291,-1.367048
100060718322,50.9218605,-1.3669252
100060718323,50.9233629,-1.367047
100060718324,50.9218605,-1.3669252
100060718325,50.9234528,-1.3670316
100060718326,50.9218605,-1.3669252
100060718327,50.9235247,-1.3670306
100060718328,50.9219598,-1.3669949
100060718329,50.9236235,-1.367015
100060718330,50.9219598,-1.3669949
100060718331,50.9237044,-1.3669997
100060718332,50.9219598,-1.3669949
100060718333,50.9239095,-1.3666839
100060718334,50.9220317,-1.366994
100060718335,50.9239543,-1.3666406
100060718336,50.9220317,-1.366994
100060718337,50.9240349,-1.3665968
100060718338,50.9220317,-1.366994
100060718339,50.9240887,-1.3665534
100060718340,50.9221128,-1.3670213
100060718341,50.9221128,-1.3670213
100060718342,50.9221128,-1.3670213
100060718343,50.922664,-1.3675118
100060718344,50.922664,-1.3675118
100060718345,50.922664,-1.3675118
100060718346,50.9227628,-1.367482
100060718347,50.9227628,-1.367482
100060718348,50.9227628,-1.367482
100060718349,50.9228797,-1.3674804
100060718350,50.9228797,-1.3674804
100060718351,50.9228797,-1.3674804
100060718352,50.9229695,-1.367465
100060718353,50.9229695,-1.367465
100060718354,50.9229695,-1.367465
100060718355,50.9231048,-1.3675343
100060718356,50.9231048,-1.3675343
100060718357,50.9231048,-1.3675343
100060718358,50.9231946,-1.3675188
100060718359,50.9231946,-1.3675188
100060718360,50.9231946,-1.3675188
100060718361,50.9232846,-1.3675318
100060718362,50.9232846,-1.3675318
100060718363,50.9232846,-1.3675318
100060718364,50.9233745,-1.3675164
100060718365,50.9233745,-1.3675164
100060718366,50.9233745,-1.3675164
100060718367,50.9234824,-1.3675149
100060718368,50.9234824,-1.3675149
100060718369,50.9234824,-1.3675149
100060718370,50.9235632,-1.3674996
100060718371,50.9235632,-1.3674996
100060718372,50.9235632,-1.3674996
100060718373,50.923653,-1.3674699
100060718374,50.923653,-1.3674699
100060718375,50.923653,-1.3674699
100060718376,50.9237789,-1.3674682
100060718377,50.9237789,-1.3674682
100060718378,50.9237789,-1.3674682
100060718379,50.9240757,-1.3671725
100060718600,50.9256859,-1.3742578
100060718601,50.9263164,-1.3744485
100060718602,50.9257577,-1.3742283
100060718603,50.9263522,-1.3744195
100060718604,50.9258115,-1.3741992
100060718605,50.92591,-1.3741267
100060718606,50.926442,-1.3743899
100060718607,50.9259728,-1.3740974
100060718608,50.9264868,-1.3743608
100060718609,50.9260446,-1.374068
100060718610,50.9265588,-1.3743741
100060718611,50.9261074,-1.3740387
100060718612,50.9266124,-1.3743022
100060718613,50.9261694,-1.3738671
100060718614,50.9266841,-1.3742586
100060718615,50.9261963,-1.3738525
100060718616,50.9267467,-1.3742008
100060718617,50.9262957,-1.3739365
100060718618,50.9268097,-1.3742
100060718619,50.9268814,-1.3741563
100060718620,50.9263764,-1.3738928
100060718621,50.9269352,-1.3741271
100060718622,50.9264571,-1.3738632
100060718623,50.9270069,-1.3740977
100060718624,50.9265019,-1.3738342
100060718625,50.9270605,-1.3740259
100060718626,50.9265467,-1.3738051
100060718627,50.9270964,-1.3740111
100060718628,50.9266185,-1.3737614
100060718629,50.9271772,-1.3739816
100060718630,50.9266812,-1.3737321
100060718631,50.9272131,-1.3739669
100060718632,50.926735,-1.373703
100060718633,50.9272939,-1.3739516
100060718634,50.9267978,-1.3736737
100060718635,50.9273208,-1.373937
100060718636,50.9268427,-1.3736588
100060718637,50.9273744,-1.3738651
100060718638,50.9269056,-1.3736438
100060718639,50.9274105,-1.3738931
100060718640,50.9269504,-1.3736147
100060718641,50.9270133,-1.3735996
100060718642,50.9270401,-1.3735708
100060718643,50.9275806,-1.3737485
100060718644,50.9271024,-1.3734561
100060718645,50.9276255,-1.3737337
100060718646,50.9271382,-1.3734272
100060718647,50.9276973,-1.3737042
100060718648,50.9272282,-1.373426
100060718649,50.9277331,-1.3736753
100060718650,50.9272461,-1.3734115
100060718651,50.927805,-1.3736743
100060718652,50.9273448,-1.3733817
100060718653,50.927832,-1.373674
100060718654,50.9274076,-1.3733524
100060718655,50.9279035,-1.3735876
100060718656,50.9274794,-1.373323
100060718657,50.9279753,-1.3735582
100060718658,50.9280382,-1.3735574
100060718659,50.928083,-1.3735283
100060718660,50.92756,-1.373265
100060718661,50.9281458,-1.373499
100060718662,50.9276498,-1.3732353
100060718663,50.9281816,-1.3734701
100060718664,50.9276857,-1.3732206
100060718665,50.9282353,-1.3734124
100060718666,50.9277573,-1.3731627
100060718667,50.9283161,-1.3733971
100060718668,50.9277933,-1.3731622
100060718669,50.9284772,-1.3732526
100060718671,50.928504,-1.3732096
100060718672,50.927892,-1.3731325
100060718673,50.9285848,-1.3731943
100060718674,50.9279545,-1.373032
100060718675,50.9286206,-1.3731653
100060718676,50.9280352,-1.3730025
100060718677,50.9286923,-1.3731217
100060718678,50.9287552,-1.3731066
100060718679,50.9287552,-1.3731066
100060718680,50.9280981,-1.3729874
100060718681,50.9288269,-1.3730629
100060718682,50.9281609,-1.3729581
100060718683,50.9288808,-1.373048
100060718684,50.9282145,-1.3729004
100060718685,50.9290063,-1.3729751
100060718686,50.9282866,-1.3729137
100060718687,50.9290331,-1.3729463
100060718688,50.9283314,-1.3728989
100060718689,50.929114,-1.372931
100060718690,50.9283942,-1.3728696
100060718691,50.9291498,-1.3729021
100060718692,50.928439,-1.3728263
100060718693,50.9292213,-1.37283
100060718694,50.9292663,-1.3728293
100060718695,50.9285197,-1.3727825
100060718696,50.9285735,-1.3727675
100060718697,50.9286362,-1.3727098
100060718698,50.9286811,-1.3726949
100060718699,50.9293381,-1.3727999
100060718700,50.9287439,-1.3726799
100060718701,50.9293648,-1.3727569
100060718702,50.9287887,-1.3726366
100060718703,50.9294365,-1.3727132
100060718704,50.9288514,-1.372593
100060718705,50.9294724,-1.3726985
100060718706,50.9288964,-1.3726067
100060718707,50.9295533,-1.3726832
100060718708,50.9289591,-1.3725631
100060718709,50.9295891,-1.3726542
100060718710,50.9289949,-1.3725342
100060718711,50.9290578,-1.3725191
100060718712,50.9290935,-1.3724759
100060718713,50.9291472,-1.3724183
100060718714,50.9297678,-1.3724384
100060718715,50.9292639,-1.3723883
100060718716,50.9298121,-1.3723239
100060718717,50.9293088,-1.3723734
100060718718,50.929848,-1.3723092
100060718719,50.9293715,-1.3723299
100060718720,50.9298743,-1.3721808
100060718721,50.9294074,-1.3723152
100060718722,50.9299102,-1.3721661
100060718723,50.9294701,-1.3722574
100060718724,50.9299545,-1.3720374
100060718725,50.929497,-1.3722428
100060718726,50.9295505,-1.3721567
100060718727,50.9295862,-1.3721135
100060718728,50.9296216,-1.3720135
100060718729,50.9296484,-1.3719704
100060718730,50.9297106,-1.3718273
100060718731,50.9297462,-1.3717699
100060718732,50.9297729,-1.3717126
100060718733,50.9298174,-1.3716266
100060718734,50.9298441,-1.3715836
100060718735,50.9298796,-1.3714835
100060718736,50.9298973,-1.3714263
100060719173,50.9256126,-1.3681614
100060719175,50.9253489,-1.3684428
100060719176,50.9258712,-1.3685923
100060719177,50.9259587,-1.3681358
100060719178,50.9258168,-1.3684934
100060719405,50.9237946,-1.385509
100060719406,50.9238516,-1.3843842
100060719407,50.9238032,-1.3854377
100060719408,50.9238423,-1.3843275
100060719409,50.923794,-1.3853952
100060719410,50.9238325,-1.3841711
100060719411,50.9238232,-1.3841143
100060719412,50.9238133,-1.3839437
100060719413,50.9238039,-1.3838584
100060719414,50.9237942,-1.3837305
100060719415,50.9237934,-1.383574
100060719416,50.9237751,-1.3835174
100060719417,50.9240095,-1.3853212
100060719418,50.9237476,-1.3834323
100060719419,50.9239736,-1.3853359
100060719420,50.9237294,-1.3833899
100060719421,50.923964,-1.3852364
100060719422,50.9237198,-1.3832762
100060719423,50.9239458,-1.3851798
100060719424,50.9237105,-1.3832052
100060719425,50.9239365,-1.385123
100060719426,50.9236445,-1.3829217
100060719427,50.9236446,-1.3829219
100060719428,50.9239272,-1.3850662
100060719429,50.9236121,-1.3828471
100060719430,50.923918,-1.3850236
100060719431,50.9235912,-1.3827657
100060719432,50.9239086,-1.3849526
100060719433,50.923573,-1.3826807
100060719434,50.9238994,-1.3849243
100060719435,50.9235415,-1.3825783
100060719436,50.9235317,-1.3825033
100060719437,50.9235169,-1.382443
100060719438,50.9233111,-1.3825133
100060719439,50.9232837,-1.3824283
100060719440,50.9234957,-1.3823175
100060719441,50.9232473,-1.3823577
100060719442,50.9234851,-1.3822701
100060719443,50.9232291,-1.3823152
100060719444,50.9234514,-1.382171
100060719445,50.9234387,-1.3821074
100060719446,50.9233439,-1.3819153
100060719488,50.9104158,-1.389355
100060719489,50.9104605,-1.3893117
100060719490,50.9105142,-1.3892683
100060719491,50.9105319,-1.3892112
100060719492,50.9122315,-1.3874962
100060719493,50.9122584,-1.3874959
100060719494,50.9123033,-1.3874668
100060719495,50.9123481,-1.387452
100060719496,50.9123749,-1.387409
100060719497,50.9124017,-1.3873802
100060719498,50.9124465,-1.3873369
100060719499,50.9124734,-1.3873224
100060719500,50.9125181,-1.3872791
100060719501,50.9125539,-1.3872502
100060719502,50.9125988,-1.3872354
100060719503,50.9126255,-1.3871923
100060719504,50.9126703,-1.3871633
100060719505,50.9127062,-1.3871344
100060719506,50.9128142,-1.3870549
100060719507,50.9127868,-1.3870764
100060719581,50.9311707,-1.3859098
100060719582,50.9311348,-1.3859245
100060719583,50.9310899,-1.3859251
100060719584,50.931054,-1.3859398
100060719585,50.931009,-1.3859404
100060719586,50.9309641,-1.3859552
100060719587,50.9309282,-1.3859556
100060719588,50.9308832,-1.3859562
100060719589,50.9308563,-1.3859708
100060719590,50.9308024,-1.3859858
100060719591,50.9312266,-1.386279
100060719592,50.9307665,-1.3859862
100060719593,50.9311817,-1.3862796
100060719594,50.9307216,-1.3860011
100060719595,50.9311457,-1.3862801
100060719596,50.9306856,-1.3860015
100060719597,50.9311008,-1.3862949
100060719598,50.9306406,-1.3859879
100060719599,50.9310649,-1.3863096
100060719600,50.9306048,-1.3860168
100060719601,50.931029,-1.3863243
100060719602,50.9305598,-1.3860174
100060719603,50.930984,-1.3863107
100060719604,50.9305239,-1.3860321
100060719605,50.9309391,-1.3863113
100060719606,50.930488,-1.3860468
100060719607,50.9308942,-1.3863261
100060719608,50.9304431,-1.3860617
100060719609,50.9308583,-1.3863408
100060719610,50.9303982,-1.3860622
100060719611,50.9308134,-1.3863556
100060719612,50.9303621,-1.3860485
100060719613,50.9307686,-1.3863847
100060719614,50.9302724,-1.3860781
100060719615,50.9307326,-1.3863851
100060719616,50.9302364,-1.3860786
100060719617,50.9306966,-1.3863714
100060719618,50.9301915,-1.3860934
100060719619,50.9306517,-1.3863862
100060719620,50.9301466,-1.3861083
100060719621,50.9301107,-1.3861087
100060719622,50.9305709,-1.3864157
100060719623,50.9300748,-1.3861234
100060719624,50.9305349,-1.3864162
100060719625,50.9300386,-1.3860954
100060719626,50.93049,-1.3864168
100060719627,50.9304541,-1.3864315
100060719628,50.9304091,-1.3864321
100060719629,50.9303642,-1.3864469
100060719630,50.9303283,-1.3864474
100060719631,50.9302924,-1.3864621
100060719632,50.9302474,-1.3864627
100060719633,50.9302025,-1.3864633
100060719634,50.9301665,-1.3864637
100060719635,50.9301306,-1.3864784
100060719636,50.9318543,-1.3674722
100060719637,50.9315937,-1.3675042
100060719638,50.9318627,-1.3673582
100060719639,50.9316111,-1.3674044
100060719640,50.9318801,-1.3672442
100060719641,50.9316375,-1.3672902
100060719642,50.9319064,-1.36713
100060719643,50.9316459,-1.3671762
100060719644,50.9319328,-1.3670158
100060719645,50.9316632,-1.3670621
100060719646,50.9319593,-1.36693
100060719647,50.9316807,-1.3669623
100060719648,50.9319675,-1.3667876
100060719649,50.9317068,-1.3668054
100060719650,50.9319852,-1.3667304
100060719651,50.9317335,-1.3667481
100060719652,50.9320024,-1.3665879
100060719653,50.9317327,-1.3666058
100060719654,50.932011,-1.3665166
100060719655,50.9317592,-1.36652
100060719656,50.9320374,-1.3664024
100060719657,50.9317855,-1.3663916
100060719658,50.9320548,-1.3663026
100060719659,50.9318031,-1.3663202
100060719660,50.9320723,-1.3662169
100060719661,50.9318023,-1.3661637
100060719662,50.9322149,-1.3659731
100060719663,50.9318379,-1.3661063
100060719664,50.9322149,-1.3659731
100060719665,50.9318463,-1.3659923
100060719666,50.9322871,-1.3660148
100060719667,50.9322122,-1.365475
100060719668,50.9322871,-1.3660148
100060719669,50.9323472,-1.3655016
100060719670,50.9323688,-1.3661702
100060719671,50.9325916,-1.3657829
100060719672,50.9323688,-1.3661702
100060719673,50.9326911,-1.3658954
100060719674,50.9324231,-1.3662264
100060719675,50.9327728,-1.3660366
100060719676,50.9324231,-1.3662264
100060719677,50.9328631,-1.3661066
100060719678,50.932523,-1.36641
100060719679,50.9329625,-1.3661906
100060719680,50.932577,-1.3664235
100060719681,50.9330439,-1.3662749
100060719682,50.9327581,-1.3666488
100060719683,50.9331522,-1.3663445
100060719684,50.9327943,-1.366691
100060719685,50.9332335,-1.3664288
100060719686,50.9329117,-1.3667747
100060719687,50.9333683,-1.3664128
100060719688,50.9329387,-1.3667886
100060719689,50.9334946,-1.3664822
100060719690,50.9330382,-1.3668869
100060719691,50.9335756,-1.3664953
100060719692,50.9330833,-1.3669147
100060719693,50.9338369,-1.3665914
100060719694,50.9338821,-1.3666192
100060719695,50.9339274,-1.3666898
100060719696,50.9339725,-1.3667176
100060719697,50.9340177,-1.3667597
100060719698,50.9340628,-1.3667876
100060719699,50.9340989,-1.3668013
100060720116,50.9305553,-1.3667214
100060720117,50.9307993,-1.3669458
100060720118,50.9305726,-1.3665931
100060720119,50.9307985,-1.3667893
100060720120,50.930599,-1.3664932
100060720121,50.930816,-1.3667037
100060720122,50.9306164,-1.3663791
100060720123,50.9308424,-1.3665895
100060720124,50.9306249,-1.3662794
100060720125,50.9308778,-1.3664894
100060720126,50.9306513,-1.3661794
100060720127,50.9308862,-1.3663896
100060720128,50.9306597,-1.3660654
100060720129,50.9309126,-1.3662754
100060720130,50.9306952,-1.3659796
100060720131,50.9309119,-1.3661474
100060720132,50.9307127,-1.3658939
100060720133,50.9309475,-1.3660757
100060720134,50.93073,-1.3657656
100060720135,50.9309557,-1.3659333
100060720136,50.9307475,-1.36568
100060720137,50.9309733,-1.3658619
100060720138,50.9307649,-1.3655802
100060720139,50.9309905,-1.3657194
100060720140,50.9307735,-1.3654947
100060720141,50.930999,-1.3656339
100060720142,50.9310435,-1.3655337
100060720177,50.9274995,-1.3770507
100060720178,50.9271556,-1.3766569
100060720179,50.9274991,-1.3769938
100060720180,50.9274988,-1.3769369
100060720181,50.9274983,-1.3768373
100060720182,50.9274979,-1.3767662
100060720540,50.927449,-1.3760269
100060720541,50.9275119,-1.3760261
100060720542,50.9275837,-1.3759967
100060720543,50.9276315,-1.3765225
100060720544,50.9276377,-1.3759959
100060720545,50.9276758,-1.3763938
100060720546,50.9277095,-1.3759665
100060720547,50.9277298,-1.3764074
100060720548,50.9277722,-1.375923
100060720549,50.9278197,-1.3764061
100060720550,50.9278529,-1.3758792
100060720551,50.9278642,-1.3763202
100060720552,50.9278887,-1.3758503
100060720553,50.9279269,-1.3762766
100060720554,50.9279515,-1.3758352
100060720555,50.9279897,-1.3762331
100060720556,50.9279963,-1.3757919
100060720557,50.9280525,-1.3762038
100060720558,50.928068,-1.3757483
100060720559,50.9281332,-1.3761743
100060720560,50.928104,-1.3757478
100060720561,50.9282051,-1.3761591
100060720562,50.9281847,-1.375704
100060720563,50.9282862,-1.3762007
100060720564,50.9282205,-1.3756751
100060720565,50.9282946,-1.3760867
100060720566,50.9282923,-1.3756457
100060720567,50.9283934,-1.376057
100060720568,50.9283189,-1.3755884
100060720569,50.928447,-1.3759993
100060720570,50.9285008,-1.3759559
100060720571,50.9284357,-1.3755584
100060720572,50.9285725,-1.3759265
100060720573,50.9285725,-1.3759265
100060720574,50.9284986,-1.3755575
100060720575,50.9286353,-1.3758972
100060720576,50.9285343,-1.3755001
100060720577,50.928698,-1.3758537
100060720578,50.9286059,-1.3754422
100060720579,50.9287697,-1.37581
100060720580,50.9286419,-1.3754418
100060720581,50.9288235,-1.3757808
100060720582,50.9286957,-1.3754268
100060720583,50.929012,-1.3757072
100060720584,50.9287404,-1.3753693
100060720585,50.9290568,-1.3756781
100060720586,50.9290568,-1.3756781
100060720587,50.9291194,-1.3756203
100060720588,50.9290094,-1.3752234
100060720589,50.9291915,-1.3756336
100060720590,50.9290723,-1.3752083
100060720591,50.9292541,-1.3755758
100060720592,50.9291171,-1.3751935
100060720593,50.9293167,-1.3755181
100060720594,50.9293794,-1.3754746
100060720595,50.9294512,-1.3754451
100060720596,50.929341,-1.3750197
100060720597,50.929505,-1.3754017
100060720598,50.929404,-1.3750189
100060720599,50.9295678,-1.3753866
100060720600,50.9294487,-1.3749756
100060720601,50.9296485,-1.3753429
100060720602,50.9295475,-1.37496
100060720603,50.9297114,-1.3753278
100060720604,50.9295834,-1.3749453
100060720605,50.9297649,-1.3752417
100060720606,50.929673,-1.3748872
100060720607,50.9298457,-1.3752264
100060720608,50.9297268,-1.374858
100060720609,50.9298905,-1.3751973
100060720610,50.9298254,-1.3747855
100060720611,50.9299533,-1.375168
100060720612,50.930052,-1.375124
100060720613,50.9299241,-1.3747558
100060720614,50.9300878,-1.3750951
100060720615,50.9299868,-1.374698
100060720616,50.9301688,-1.375094
100060720617,50.9300495,-1.3746545
100060720618,50.9302313,-1.375022
100060720619,50.9301214,-1.3746535
100060720620,50.9303031,-1.3749926
100060720621,50.9301752,-1.3746243
100060720622,50.9303658,-1.374949
100060720623,50.9302468,-1.3745522
100060720624,50.9304106,-1.37492
100060720625,50.9303006,-1.3745372
100060720626,50.9304733,-1.3748622
100060720627,50.930372,-1.3744224
100060720628,50.9305271,-1.374833
100060720629,50.9305271,-1.374833
100060720630,50.9304169,-1.3744076
100060720631,50.9305895,-1.3747326
100060720632,50.9304974,-1.3743354
100060720633,50.9306613,-1.3747174
100060720634,50.9305241,-1.3742923
100060720635,50.930715,-1.374674
100060720636,50.9305955,-1.3741775
100060720637,50.9307948,-1.3744595
100060720638,50.93064,-1.3741058
100060720639,50.9308395,-1.3744019
100060720640,50.9306845,-1.3740056
100060720641,50.9309111,-1.3743441
100060720642,50.9307291,-1.3739481
100060720643,50.9307291,-1.3739481
100060720644,50.9309196,-1.3742443
100060720645,50.9307647,-1.3738764
100060720646,50.9307647,-1.3738764
100060720647,50.9309731,-1.3741582
100060720648,50.930818,-1.3737619
100060720649,50.9309907,-1.3741011
100060720650,50.9308442,-1.373734
100060720651,50.9310529,-1.3739579
100060720652,50.9309163,-1.3736325
100060720653,50.9310796,-1.3739007
100060720654,50.9309516,-1.3735182
100060720655,50.9311332,-1.373843
100060720656,50.9314052,-1.3725728
100060720657,50.9311508,-1.3737716
100060720658,50.9314498,-1.3725011
100060720659,50.9312135,-1.3737139
100060720660,50.931503,-1.3723723
100060720661,50.9312311,-1.3736425
100060720662,50.9315475,-1.3722863
100060720663,50.9313839,-1.3736404
100060720664,50.931645,-1.3720146
100060720665,50.9315741,-1.3722148
100060720666,50.9314195,-1.3735688
100060720667,50.9314195,-1.3735688
100060720668,50.9316895,-1.3719286
100060720669,50.9314544,-1.3733691
100060720670,50.9317341,-1.3718569
100060720671,50.9315334,-1.3730123
100060720672,50.9317784,-1.3717424
100060720673,50.93156,-1.3729407
100060720674,50.931814,-1.3716708
100060720675,50.9315955,-1.3728549
100060720676,50.9318673,-1.371542
100060720677,50.9316312,-1.3727975
100060720678,50.9318938,-1.3714563
100060720679,50.9316577,-1.3726975
100060720680,50.9319472,-1.3713559
100060720681,50.9316933,-1.3726401
100060720682,50.9319827,-1.3712701
100060720683,50.9317379,-1.3725683
100060720684,50.9320361,-1.3711697
100060720685,50.9317645,-1.3724968
100060720686,50.9320716,-1.3710839
100060720687,50.931809,-1.3724109
100060720688,50.9321071,-1.3709838
100060720689,50.9318356,-1.3723393
100060720690,50.9321427,-1.3709121
100060720691,50.9318711,-1.3722535
100060720692,50.932196,-1.3707976
100060720693,50.9319068,-1.3721961
100060720694,50.9322406,-1.3707258
100060720695,50.9319423,-1.3721102
100060720696,50.9319689,-1.3720387
100060720697,50.9320134,-1.3719527
100060720698,50.932031,-1.3718956
100060720699,50.9320845,-1.3718094
100060720700,50.9321021,-1.3717381
100060720701,50.9321466,-1.3716521
100060720702,50.9321733,-1.3715948
100060720703,50.9322088,-1.3715089
100060720704,50.9322445,-1.3714515
100060720705,50.9322799,-1.3713514
100060720706,50.9323067,-1.3713084
100060720707,50.932387,-1.3711934
100060720708,50.9324316,-1.3711359
100060720709,50.932494,-1.3710355
100060721099,50.9385397,-1.3698294
100060721101,50.9384766,-1.3698018
100060721102,50.9399789,-1.3698953
100060721103,50.9384045,-1.3697743
100060721104,50.9398892,-1.3699392
100060721105,50.9383144,-1.3697471
100060721106,50.9397995,-1.3699831
100060721107,50.9382513,-1.3697194
100060721108,50.9396472,-1.3700848
100060721109,50.9381972,-1.3696917
100060721110,50.9395842,-1.3700857
100060721111,50.938125,-1.36965
100060721112,50.9395124,-1.3701151
100060721113,50.9380529,-1.3696225
100060721114,50.9394317,-1.3701589
100060721115,50.93936,-1.3702026
100060721116,50.9392791,-1.3702037
100060721117,50.9391444,-1.3702482
100060721118,50.9390817,-1.3702775
100060721119,50.9389918,-1.370293
100060721120,50.9389289,-1.3702938
100060721121,50.9386678,-1.3702404
100060721122,50.9386048,-1.370227
100060721123,50.9385327,-1.3702138
100060721124,50.9384607,-1.3701863
100060721125,50.9383617,-1.3701734
100060721126,50.9382987,-1.3701742
100060721127,50.9381818,-1.3701616
100060721128,50.9381098,-1.3701626
100060721129,50.9380199,-1.3701638
100060721130,50.937957,-1.3701789
100060721189,50.9324456,-1.3654007
100060721190,50.9327072,-1.3655537
100060721191,50.9325346,-1.3652287
100060721192,50.9328054,-1.3654243
100060721193,50.9325878,-1.3650857
100060721194,50.9329026,-1.3651098
100060721195,50.9326486,-1.3647006
100060721196,50.9329382,-1.365024
100060721197,50.9327371,-1.364429
100060721198,50.9329554,-1.3648814
100060721199,50.9327547,-1.3643576
100060721200,50.9329908,-1.3647813
100060721201,50.9327902,-1.3642718
100060721202,50.9330261,-1.3646528
100060721203,50.9328257,-1.3641859
100060721204,50.9330616,-1.3645669
100060721205,50.932879,-1.3640713
100060721206,50.9328966,-1.3639999
100060721207,50.932932,-1.3638998
100060721208,50.9329675,-1.3638139
100060721209,50.9330119,-1.3636995
100060721210,50.9330385,-1.363628
100060721368,50.935522,-1.3772423
100060721369,50.9353583,-1.3785822
100060721370,50.9355042,-1.3772852
100060721371,50.9353139,-1.3786967
100060721372,50.9354599,-1.3773996
100060721373,50.9352787,-1.3788252
100060721374,50.9354247,-1.3775424
100060721375,50.9352701,-1.3789107
100060721376,50.9353981,-1.3776139
100060721377,50.9352614,-1.3789535
100060721378,50.9353448,-1.3777427
100060721379,50.9352822,-1.3778147
100060721380,50.9352738,-1.3779145
100060721381,50.9352383,-1.3780003
100060721382,50.935176,-1.3781292
100060721383,50.9351583,-1.3781864
100060721384,50.9350783,-1.378344
100060721385,50.9350608,-1.3784439
100060721386,50.9349897,-1.3786014
100060721387,50.9349722,-1.378687
100060721388,50.9349552,-1.3788722
100060721389,50.9349377,-1.3789721
100060721390,50.9349296,-1.3791287
100060721391,50.9349212,-1.3792427
100060721392,50.9349219,-1.3793708
100060721393,50.9348868,-1.379542
100060721933,50.9275903,-1.3856581
100060721934,50.9276802,-1.3856427
100060721935,50.9277698,-1.3855846
100060721936,50.9278593,-1.3855123
100060721937,50.927931,-1.3854544
100060721941,50.9208864,-1.3899577
100060721942,50.9209129,-1.3898578
100060721943,50.9209395,-1.3897863
100060721944,50.9210732,-1.3895569
100060721945,50.9211269,-1.3895135
100060721946,50.9211986,-1.3894699
100060721947,50.9212524,-1.3894265
100060721948,50.9213421,-1.3893827
100060721949,50.9214137,-1.3893248
100060721950,50.9222139,-1.3892859
100060721951,50.9222946,-1.3892421
100060721952,50.9223752,-1.3891842
100060721953,50.9225696,-1.3885272
100060721954,50.9226145,-1.3885123
100060721955,50.9225276,-1.3890968
100060721956,50.9226593,-1.3884833
100060721957,50.9225995,-1.3890816
100060721958,50.922722,-1.3884398
100060721959,50.9226891,-1.3890236
100060721960,50.9227758,-1.3884106
100060721961,50.9227789,-1.3890082
100060721962,50.9228207,-1.3883958
100060721963,50.9228596,-1.3889502
100060721964,50.9228655,-1.3883668
100060721965,50.9229135,-1.3889353
100060721966,50.9229013,-1.3883378
100060721967,50.9229461,-1.3883088
100060721968,50.9229758,-1.3888206
100060721969,50.922991,-1.388294
100060721970,50.9230207,-1.3888058
100060721971,50.9230358,-1.3882649
100060721972,50.9230743,-1.3887482
100060721973,50.9230896,-1.3882358
100060721974,50.9231909,-1.3886755
100060721975,50.9231702,-1.3881636
100060721976,50.9232358,-1.3886607
100060721977,50.923215,-1.3881345
100060721978,50.9233075,-1.3886171
100060721979,50.9232598,-1.3881055
100060721980,50.9233614,-1.3886164
100060721981,50.9233136,-1.3880763
100060721982,50.9234509,-1.3885298
100060721983,50.9233674,-1.3880472
100060721984,50.9235316,-1.3884861
100060721985,50.9235562,-1.3880305
100060721986,50.9236123,-1.3884423
100060721987,50.9236009,-1.3879872
100060721988,50.9237289,-1.3883839
100060721989,50.9236816,-1.3879435
100060721990,50.9238187,-1.3883543
100060721991,50.9237533,-1.3878998
100060721992,50.9238993,-1.3882963
100060721993,50.9238161,-1.3878706
100060721994,50.9239441,-1.3882673
100060721995,50.9238878,-1.3878269
100060721996,50.9240428,-1.3882233
100060721997,50.9239595,-1.3877833
100060721998,50.9240697,-1.3882087
100060721999,50.9240313,-1.3877539
100060722000,50.9241592,-1.3881364
100060722001,50.924103,-1.387696
100060722002,50.9242041,-1.3881216
100060722003,50.9241568,-1.3876669
100060722004,50.9243206,-1.3880347
100060722005,50.9244191,-1.3879622
100060722006,50.9244818,-1.3879187
100060722007,50.9245536,-1.3878893
100060722008,50.9245984,-1.3878603
100060722009,50.9246432,-1.3878312
100060722010,50.9246881,-1.3878164
100060722011,50.9258331,-1.3866631
100060722012,50.9256299,-1.3873487
100060722013,50.9258869,-1.3866339
100060722014,50.9257015,-1.3872909
100060722015,50.9259947,-1.3866183
100060722016,50.9258181,-1.3872324
100060722017,50.9260395,-1.3865892
100060722018,50.9260843,-1.386546
100060722019,50.9259074,-1.3871174
100060722020,50.9261381,-1.386531
100060722021,50.9260062,-1.3870877
100060722022,50.9261829,-1.386502
100060722023,50.926042,-1.3870587
100060722024,50.9262995,-1.3864293
100060722025,50.9261317,-1.3870149
100060722026,50.9263714,-1.3864283
100060722027,50.9261764,-1.3869716
100060722028,50.9264162,-1.3863993
100060722029,50.9262661,-1.3869277
100060722030,50.9264878,-1.3863414
100060722031,50.926293,-1.3869131
100060722032,50.9265327,-1.3863124
100060722033,50.9263917,-1.3868692
100060722034,50.9266312,-1.3862399
100060722035,50.9264457,-1.3868685
100060722036,50.926667,-1.386211
100060722037,50.9265172,-1.3867821
100060722038,50.9267118,-1.386182
100060722039,50.926553,-1.3867674
100060722040,50.9267834,-1.3861099
100060722041,50.9266517,-1.3867092
100060722042,50.9267834,-1.3861099
100060722043,50.9266876,-1.3866945
100060722044,50.9267834,-1.3861099
100060722045,50.9267771,-1.3866222
100060722046,50.9268552,-1.3860805
100060722047,50.9268129,-1.3865933
100060722048,50.9268552,-1.3860805
100060722049,50.9269116,-1.3865493
100060722050,50.9269182,-1.3860939
100060722051,50.9269385,-1.3865347
100060722052,50.926963,-1.3860648
100060722053,50.9270371,-1.3864765
100060722054,50.9269988,-1.3860359
100060722055,50.9270639,-1.3864477
100060722056,50.9270436,-1.3860068
100060722057,50.9271446,-1.3864039
100060722058,50.9271154,-1.3859774
100060722059,50.9271715,-1.3863893
100060722060,50.9271602,-1.3859484
100060722061,50.9272521,-1.3863171
100060722062,50.927205,-1.3859193
100060722063,50.9273595,-1.3862161
100060722064,50.9272408,-1.3858904
100060722065,50.9272857,-1.3858756
100060722066,50.927433,-1.386514
100060722067,50.9272857,-1.3858756
100060722068,50.9273933,-1.3858173
100060722069,50.9273933,-1.3858173
100060722070,50.9273933,-1.3858173
100060722071,50.9274471,-1.3857881
100060722072,50.9274919,-1.385759
100060722073,50.9275277,-1.3857159
100060722934,50.9395384,-1.3782987
100060722935,50.9395025,-1.3783134
100060722936,50.9395025,-1.3783134
100060722937,50.9394398,-1.378357
100060722938,50.939368,-1.3783864
100060722939,50.9393322,-1.3784153
100060722940,50.9392964,-1.3784585
100060722941,50.9392337,-1.378502
100060722942,50.9391889,-1.3785311
100060722943,50.9391081,-1.3785606
100060722944,50.9390543,-1.3785898
100060722945,50.9390274,-1.3786044
100060722946,50.9389826,-1.3786335
100060722947,50.9389199,-1.378677
100060722948,50.9388663,-1.3787347
100060722949,50.9387674,-1.378736
100060723009,50.9113667,-1.3889158
100060723010,50.9113762,-1.3890152
100060723011,50.9113945,-1.3890861
100060723012,50.9114129,-1.389157
100060723013,50.9114042,-1.389214
100060723014,50.9114046,-1.3892851
100060723015,50.9114139,-1.3893419
100060723016,50.9114232,-1.3894129
100060723017,50.9114232,-1.3894129
100060723018,50.9114329,-1.3895408
100060723019,50.9114332,-1.3895977
100060723020,50.9114425,-1.3896545
100060723021,50.911443,-1.389754
100060723022,50.9114793,-1.3898104
100060723023,50.9114795,-1.3898531
100060723024,50.9112374,-1.3899843
100060723025,50.9112371,-1.3899274
100060723026,50.9112277,-1.3898564
100060723027,50.9112095,-1.3897997
100060723028,50.9112091,-1.3897286
100060723029,50.9111908,-1.389672
100060723030,50.9111814,-1.389601
100060723031,50.9111722,-1.3895584
100060723032,50.9111629,-1.3894874
100060723033,50.9111625,-1.3894163
100060723301,50.9101734,-1.3691888
100060723303,50.9100876,-1.3682939
100060723304,50.9101408,-1.368151
100060723305,50.9102123,-1.3680646
100060723306,50.9102297,-1.3679648
100060723307,50.910319,-1.3678498
100060723308,50.9104706,-1.3676202
100060723309,50.9105511,-1.3675338
100060723310,50.9107923,-1.3672318
100060723311,50.9108549,-1.3671741
100060723312,50.9109085,-1.3671022
100060723313,50.9109799,-1.3670159
100060723314,50.9110605,-1.3669437
100060723315,50.9111142,-1.3669003
100060723316,50.9111767,-1.3668141
100060723317,50.9112482,-1.366742
100060723318,50.9113019,-1.3666844
100060723319,50.9113734,-1.3666123
100060723320,50.9114448,-1.3664975
100060723321,50.9115232,-1.366442
100060723322,50.9116504,-1.3662814
100060723323,50.911695,-1.3662096
100060723324,50.9117755,-1.3661374
100060723325,50.912269,-1.3659316
100060723326,50.912269,-1.3659316
100060723327,50.912269,-1.3659316
100060723328,50.912269,-1.3659316
100060723329,50.9124033,-1.365816
100060723330,50.9124926,-1.3657152
100060723331,50.9128066,-1.3655687
100060723332,50.9129139,-1.3654676
100060723333,50.9131861,-1.3642548
100060723334,50.9129946,-1.3654096
100060723335,50.9132664,-1.3641257
100060723336,50.9133018,-1.3640257
100060723337,50.9133729,-1.3638824
100060723338,50.9135557,-1.3644063
100060723339,50.9134264,-1.3637821
100060723340,50.9135822,-1.3643348
100060723341,50.9134796,-1.3636534
100060723342,50.9134796,-1.3636534
100060723343,50.9136087,-1.3642348
100060723344,50.913551,-1.3635528
100060723345,50.9135684,-1.3634388
100060723346,50.9137156,-1.3640627
100060723347,50.9137691,-1.3639624
100060723348,50.9138315,-1.3638762
100060723349,50.9138491,-1.3638048
100060723350,50.913929,-1.3636046
100060723351,50.9140268,-1.3634041
100060723352,50.9141071,-1.3632892
100060723353,50.9141248,-1.3632321
100060723354,50.914187,-1.3631032
100060723355,50.9142226,-1.3630316
100060723356,50.9142941,-1.3629452
100060723357,50.9143207,-1.3628738
100060723358,50.9143921,-1.3627732
100060723359,50.9144277,-1.3627158
100060723934,50.9236185,-1.3811291
100060723935,50.9236901,-1.3810713
100060723936,50.9236185,-1.3811291
100060723937,50.9236901,-1.3810713
100060723938,50.9235181,-1.3808602
100060723939,50.9234811,-1.3806615
100060723940,50.9234539,-1.3806191
100060723941,50.9235181,-1.3808602
100060723942,50.9234811,-1.3806615
100060723943,50.9234539,-1.3806191
100060723944,50.9234506,-1.3800074
100060723945,50.9234147,-1.3800221
100060723946,50.9233789,-1.380051
100060723947,50.9233341,-1.3800801
100060723948,50.9232893,-1.3801091
100060723949,50.9232445,-1.3801382
100060723950,50.9231548,-1.3801821
100060723951,50.92311,-1.3802111
100060723952,50.9230652,-1.3802544
100060723953,50.9230294,-1.3802833
100060723954,50.9229937,-1.3803265
100060723955,50.9229399,-1.3803556
100060723956,50.922886,-1.3803706
100060723957,50.9228682,-1.3804135
100060723958,50.9228234,-1.3804426
100060723959,50.9227876,-1.3804715
100060723960,50.9226802,-1.3805725
100060723961,50.9226446,-1.3806299
100060723962,50.9226088,-1.380673
100060723963,50.922582,-1.3807019
100060723964,50.9225464,-1.3807735
100060723965,50.9225018,-1.380831
100060723966,50.9229642,-1.3815504
100060723967,50.922946,-1.381508
100060723968,50.9228738,-1.381452
100060723969,50.9228555,-1.3813954
100060723970,50.9227833,-1.3813394
100060723971,50.922756,-1.3812829
100060723972,50.9218529,-1.3805693
100060724254,50.9324965,-1.3631942
100060724255,50.9329546,-1.3630883
100060724256,50.9324428,-1.3632376
100060724257,50.932901,-1.3631602
100060724258,50.932371,-1.3632671
100060724259,50.9328571,-1.3633458
100060724260,50.9322903,-1.3632967
100060724261,50.9328127,-1.3634603
100060724262,50.9327593,-1.3635606
100060724263,50.9326887,-1.3638035
100060724264,50.9326439,-1.3638326
100060724265,50.9325723,-1.3638905
100060724266,50.9325096,-1.3639483
100060724629,50.9101961,-1.3634279
100060724630,50.9102927,-1.3629999
100060724631,50.9103407,-1.363554
100060724632,50.9105546,-1.3632097
100060724633,50.9104313,-1.3636807
100060724634,50.9104764,-1.3637086
100060724635,50.9103858,-1.3635818
100060724636,50.9105907,-1.3632376
100060724637,50.9105485,-1.363736
100060724638,50.9106541,-1.3633221
100060724639,50.9105936,-1.3637639
100060724640,50.9106902,-1.3633358
100060724641,50.9106748,-1.3638197
100060724642,50.9107624,-1.3633917
100060724643,50.91072,-1.3638617
100060724644,50.9108258,-1.363462
100060724645,50.9107923,-1.3639318
100060724646,50.9108799,-1.3635039
100060724647,50.9108285,-1.363974
100060724648,50.9109251,-1.3635318
100060724649,50.9109974,-1.3636019
100060724650,50.9110335,-1.3636298
100060724651,50.9111602,-1.3637846
100060725290,50.9274926,-1.3875804
100060725292,50.9275282,-1.387523
100060725294,50.9275458,-1.3874374
100060725295,50.9275635,-1.3873802
100060725296,50.9275722,-1.3873232
100060725297,50.9275808,-1.3872662
100060725298,50.9276074,-1.3871947
100060725299,50.9276074,-1.3871947
100060725300,50.9276071,-1.3871378
100060725301,50.9276068,-1.3870666
100060725302,50.9276244,-1.3869952
100060725308,50.9281936,-1.3858067
100060725310,50.9282114,-1.3857638
100060725312,50.9283401,-1.3856046
100060725314,50.9280473,-1.3853391
100060725315,50.9279935,-1.3853825
100060725317,50.9281189,-1.3852812
100060725318,50.9280652,-1.3853388
100060725321,50.9282808,-1.3852791
100060725322,50.9283617,-1.385278
100060725323,50.9283166,-1.3852644
100060725324,50.9284153,-1.3852204
100060725325,50.9284602,-1.3852056
100060725326,50.9285052,-1.385205
100060725328,50.9285501,-1.3851901
100060725329,50.9289987,-1.3849992
100060725330,50.9276188,-1.3893573
100060725332,50.9297979,-1.3847895
100060725333,50.930114,-1.3850414
100060725334,50.9301952,-1.3850831
100060725335,50.9302401,-1.3850825
100060725336,50.9303301,-1.3850955
100060725337,50.930402,-1.3850803
100060725338,50.9304469,-1.3850797
100060725339,50.9305277,-1.3850502
100060725340,50.9304919,-1.3850791
100060725341,50.9306086,-1.3850349
100060725342,50.9305727,-1.3850496
100060725343,50.9278072,-1.3875478
100060725344,50.9278327,-1.3872771
100060725345,50.9278505,-1.3872342
100060725346,50.9278681,-1.387177
100060725347,50.9278769,-1.3871342
100060725348,50.9278856,-1.3870772
100060725349,50.9279124,-1.3870341
100060725350,50.9281616,-1.3865471
100060725351,50.9281881,-1.3864613
100060725352,50.9282683,-1.386318
100060725353,50.9282949,-1.3862607
100060725354,50.9283578,-1.3862457
100060725355,50.9283575,-1.3861887
100060725356,50.9283842,-1.3861315
100060725357,50.9285356,-1.3858591
100060725358,50.9285624,-1.3858161
100060725359,50.9285981,-1.3857729
100060725360,50.9286339,-1.385744
100060725361,50.9286607,-1.3857009
100060725362,50.9287145,-1.3856718
100060725363,50.9287682,-1.3856284
100060725364,50.928795,-1.3855853
100060725365,50.9288488,-1.3855562
100060725366,50.9288847,-1.3855557
100060725367,50.9289206,-1.385541
100060725368,50.9289655,-1.3855262
100060725369,50.9290284,-1.3855111
100060725370,50.9290284,-1.3855111
100060725371,50.9290641,-1.385468
100060725372,50.9291091,-1.3854674
100060725373,50.929154,-1.3854668
100060725374,50.9291989,-1.3854519
100060725375,50.9291989,-1.3854519
100060725376,50.9333218,-1.3828644
100060725378,50.9334113,-1.3827779
100060725379,50.9334919,-1.3827199
100060725380,50.9335366,-1.3826766
100060725381,50.9335635,-1.3826478
100060725382,50.9336791,-1.3824185
100060725383,50.9338316,-1.3823454
100060725384,50.9302333,-1.3854952
100060725385,50.9302783,-1.3854946
100060725386,50.9303233,-1.3855083
100060725387,50.9303592,-1.3854936
100060725388,50.9304042,-1.385493
100060725389,50.9304491,-1.3854924
100060725390,50.9304849,-1.3854634
100060725391,50.9305298,-1.3854486
100060725392,50.9305657,-1.3854339
100060725393,50.9306197,-1.3854474
100060725394,50.9306466,-1.3854186
100060725395,50.9306914,-1.3853896
100060725396,50.9307273,-1.3853749
100060725397,50.9307632,-1.3853602
100060725398,50.9308171,-1.3853594
100060725399,50.9308529,-1.3853305
100060725400,50.9308888,-1.3853158
100060725401,50.9309337,-1.385301
100060725402,50.9309696,-1.3852863
100060725403,50.9310145,-1.3852715
100060725404,50.9310864,-1.3852705
100060725405,50.9311314,-1.3852699
100060725406,50.9311314,-1.3852699
100060725407,50.931257,-1.3852256
100060725408,50.9312928,-1.3851824
100060725409,50.9313197,-1.3851678
100060725410,50.9322073,-1.3846723
100060725411,50.9322073,-1.3846723
100060725412,50.9322342,-1.3846577
100060725413,50.9324138,-1.3846126
100060725414,50.9324138,-1.3846126
100060725415,50.9324138,-1.3846126
100060725416,50.9324138,-1.3846126
100060725417,50.9324138,-1.3846126
100060725418,50.9324138,-1.3846126
100060725419,50.932566,-1.3844683
100060725420,50.932566,-1.3844683
100060725421,50.932566,-1.3844683
100060725422,50.932566,-1.3844683
100060725423,50.932566,-1.3844683
100060725424,50.932566,-1.3844683
100060725425,50.9329324,-1.3840508
100060725426,50.9329324,-1.3840508
100060725427,50.9329324,-1.3840508
100060725428,50.9330758,-1.3839492
100060725429,50.9330758,-1.3839492
100060725430,50.9330758,-1.3839492
100060725431,50.9337293,-1.3833998
100060725432,50.9337562,-1.383371
100060725433,50.9337562,-1.383371
100060725434,50.9338455,-1.3832702
100060725435,50.9338902,-1.3832127
100060725436,50.933926,-1.3831838
100060725437,50.9339707,-1.3831262
100060725438,50.9340065,-1.3830973
100060725439,50.9353474,-1.3815852
100060725440,50.935446,-1.381527
100060725441,50.9354908,-1.3814979
100060725442,50.9355991,-1.3815677
100060725443,50.9355991,-1.3815677
100060725444,50.9355991,-1.3815677
100060725445,50.9355991,-1.3815677
100060725446,50.9356519,-1.3813677
100060725447,50.9357598,-1.381352
100060725448,50.9358136,-1.3813229
100060725449,50.9358404,-1.381294
100060725450,50.9358942,-1.3812649
100060725451,50.935921,-1.381236
100060725452,50.93627,-1.3809183
100060725453,50.9363506,-1.3808461
100060725454,50.9363956,-1.3808455
100060725455,50.9364858,-1.3809012
100060725456,50.9365035,-1.380844
100060725457,50.9365844,-1.380843
100060725458,50.9263314,-1.3605894
100060725459,50.92635,-1.360703
100060725460,50.9263865,-1.3608021
100060725461,50.9264321,-1.3609153
100060725462,50.9266628,-1.3603572
100060725463,50.9265134,-1.3609853
100060725464,50.9266811,-1.3604139
100060725465,50.9265501,-1.3611271
100060725466,50.926709,-1.3605842
100060725467,50.9265956,-1.3612261
100060725468,50.9267183,-1.360641
100060725469,50.9266501,-1.3613249
100060725470,50.926791,-1.3607823
100060725471,50.9267226,-1.3614235
100060725472,50.9268456,-1.3608954
100060725473,50.926795,-1.3615079
100060725474,50.9269,-1.36098
100060725475,50.9268673,-1.3615781
100060725476,50.9269726,-1.3610928
100060725477,50.9269396,-1.361634
100060725478,50.9270358,-1.3611347
100060725479,50.9270118,-1.3616899
100060725480,50.927108,-1.3611906
100060725481,50.9270752,-1.3617602
100060725482,50.9271713,-1.3612609
100060725483,50.9276882,-1.3620506
100060725484,50.9272527,-1.3613309
100060725485,50.9277693,-1.3620779
100060725486,50.9278836,-1.3615926
100060725487,50.9278592,-1.3620625
100060725488,50.9279555,-1.3615916
100060725489,50.9279402,-1.3620756
100060725490,50.9280006,-1.3616052
100060725491,50.9280033,-1.3621032
100060725492,50.9280817,-1.3616468
100060725493,50.9280754,-1.3621307
100060725494,50.9281268,-1.3616746
100060725495,50.9281385,-1.3621725
100060725496,50.9282171,-1.3617303
100060725497,50.9282195,-1.3621714
100060725498,50.9282621,-1.3617439
100060725499,50.9282736,-1.3622133
100060725500,50.9283522,-1.3617853
100060725501,50.9283547,-1.3622407
100060725502,50.9283884,-1.3618275
100060725503,50.9284179,-1.3622825
100060725504,50.9284874,-1.3618404
100060725505,50.92849,-1.3623099
100060725506,50.9285688,-1.3619104
100060725507,50.9285712,-1.3623658
100060725508,50.9286498,-1.3619236
100060725509,50.9286074,-1.3623937
100060725510,50.9287039,-1.3619513
100060725511,50.9286796,-1.3624496
100060725512,50.9287426,-1.362463
100060725513,50.9288239,-1.3625188
100060725514,50.928878,-1.3625465
100060725868,50.9251105,-1.3809813
100060725869,50.9251096,-1.3808248
100060725870,50.9251268,-1.380668
100060725871,50.9251084,-1.3805971
100060725872,50.9251256,-1.3804404
100060725873,50.9251342,-1.3803691
100060725874,50.9251336,-1.3802553
100060725875,50.9251512,-1.3801839
100060725877,50.9246795,-1.3794219
100060725878,50.9246795,-1.3794219
100060725879,50.9246795,-1.3794219
100060725880,50.925043,-1.3818216
100060725881,50.9250971,-1.3818494
100060725882,50.92516,-1.3818343
100060725883,50.9252049,-1.3818337
100060725884,50.9252409,-1.3818332
100060725885,50.9254751,-1.3819013
100060725886,50.9255202,-1.3819291
100060725887,50.9255563,-1.3819571
100060725888,50.9256281,-1.3819277
100060725889,50.9256641,-1.3819414
100060725890,50.920698,-1.3883241
100060725891,50.9209168,-1.387183
100060725892,50.9209345,-1.3871259
100060725893,50.9209432,-1.3870689
100060725894,50.9209788,-1.3869973
100060725895,50.9209875,-1.3869545
100060725896,50.9210053,-1.3869116
100060725897,50.9210318,-1.3868258
100060725898,50.9210677,-1.3867969
100060725899,50.921049,-1.3866691
100060725900,50.9210667,-1.3866262
100060725901,50.9211023,-1.3865546
100060725902,50.921093,-1.3864978
100060725903,50.9211197,-1.3864406
100060725904,50.9211555,-1.3863974
100060725905,50.9212879,-1.3859262
100060725906,50.9212879,-1.3859262
100060725907,50.9206566,-1.3873003
100060725908,50.9213052,-1.3858121
100060725909,50.9206654,-1.3872575
100060725910,50.921323,-1.3857692
100060725911,50.920683,-1.3871861
100060725912,50.9213497,-1.3857119
100060725913,50.9207006,-1.3871147
100060725914,50.9213674,-1.3856548
100060725915,50.9207184,-1.3870718
100060725916,50.920736,-1.3870005
100060725917,50.9214203,-1.3854549
100060725918,50.9207538,-1.3869575
100060725919,50.9214379,-1.3853836
100060725920,50.9207623,-1.3868721
100060725921,50.9215005,-1.3853258
100060725922,50.9207801,-1.3868291
100060725923,50.9214909,-1.3852121
100060725924,50.9207977,-1.386772
100060725925,50.9215177,-1.3851691
100060725926,50.9208153,-1.3867006
100060725927,50.9215353,-1.3850977
100060725928,50.9208419,-1.3866292
100060725929,50.921553,-1.3850406
100060725930,50.9208597,-1.3865862
100060725931,50.9215706,-1.3849834
100060725932,50.9208773,-1.3865149
100060725933,50.9215973,-1.3849262
100060725934,50.9208861,-1.3864721
100060725935,50.9216059,-1.3848407
100060725936,50.9208764,-1.3863442
100060725937,50.9216325,-1.3847834
100060725938,50.9216862,-1.3847258
100060725939,50.92093,-1.3862723
100060725940,50.9217126,-1.3846259
100060725941,50.9209567,-1.3862293
100060725942,50.9217213,-1.3845689
100060725943,50.9209743,-1.3861579
100060725944,50.9217748,-1.3844828
100060725945,50.9209921,-1.386115
100060725946,50.9217925,-1.3844257
100060725947,50.9210187,-1.3860435
100060725948,50.9219787,-1.3839252
100060725949,50.9210275,-1.3860007
100060725950,50.922032,-1.3837965
100060725951,50.921054,-1.385915
100060725952,50.9220588,-1.3837677
100060725953,50.9210446,-1.385844
100060725954,50.9220674,-1.3836964
100060725955,50.9210625,-1.3858153
100060725956,50.9210979,-1.3857153
100060725957,50.9211157,-1.3856866
100060725958,50.9223136,-1.3831924
100060725959,50.921137,-1.385618
100060725960,50.9223474,-1.3831226
100060725962,50.9211235,-1.3854588
100060725963,50.9211595,-1.3854584
100060725964,50.9211951,-1.3853868
100060725965,50.9212219,-1.3853579
100060725966,50.9212215,-1.3852726
100060725967,50.9212393,-1.3852439
100060725968,50.9212478,-1.3851442
100060725969,50.9212836,-1.3851153
100060725970,50.921283,-1.3850015
100060725971,50.9213545,-1.3849294
100060725972,50.9213542,-1.3848725
100060725973,50.9213717,-1.3847727
100060725974,50.9230834,-1.3819757
100060725975,50.9213895,-1.384744
100060725976,50.923155,-1.3819036
100060725977,50.921425,-1.3846581
100060725978,50.9231909,-1.3819031
100060725979,50.9214428,-1.3846152
100060725980,50.9214694,-1.3845437
100060725981,50.9233521,-1.3817729
100060725982,50.9214871,-1.3845008
100060725983,50.9233881,-1.3817725
100060725984,50.9215227,-1.3844292
100060725985,50.9234419,-1.3817433
100060725986,50.92154,-1.3842867
100060725987,50.9234776,-1.3817001
100060725988,50.9215486,-1.3842155
100060725989,50.9235314,-1.381671
100060725990,50.9215753,-1.3841582
100060725991,50.9235583,-1.3816564
100060725992,50.9216019,-1.3840867
100060725993,50.9236031,-1.3816131
100060725994,50.9216195,-1.3840296
100060725995,50.923639,-1.3815984
100060725996,50.9216461,-1.3839581
100060725997,50.9236836,-1.3815409
100060725998,50.9216638,-1.3839009
100060725999,50.9237194,-1.381512
100060726000,50.9216905,-1.3838437
100060726001,50.9237553,-1.3814973
100060726002,50.9217082,-1.3837865
100060726003,50.9238901,-1.3814812
100060726004,50.9217348,-1.3837293
100060726005,50.9239439,-1.3814521
100060726006,50.9239888,-1.3814372
100060726007,50.9218324,-1.3834719
100060726008,50.9240248,-1.3814368
100060726009,50.9218771,-1.3834144
100060726010,50.9240607,-1.3814221
100060726011,50.9219215,-1.3833142
100060726012,50.9241145,-1.3814071
100060726013,50.9221616,-1.3827989
100060726014,50.9241415,-1.3814068
100060726015,50.9222152,-1.3827412
100060726016,50.9242045,-1.3814059
100060726017,50.9222417,-1.3826555
100060726018,50.9222684,-1.3825983
100060726019,50.922304,-1.3825267
100060726020,50.9223575,-1.3824406
100060726021,50.924978,-1.3814383
100060726022,50.9223931,-1.3823832
100060726023,50.9250049,-1.3814237
100060726024,50.9250498,-1.3814089
100060726025,50.925122,-1.3814649
100060726026,50.925158,-1.3814644
100060726027,50.9252031,-1.3814923
100060726028,50.9253384,-1.3815616
100060726029,50.925482,-1.381517
100060726030,50.925383,-1.3815041
100060726031,50.925581,-1.3815299
100060726032,50.9255271,-1.3815306
100060726033,50.9256711,-1.3815572
100060726034,50.925617,-1.3815437
100060726035,50.9257072,-1.3815852
100060726036,50.9257523,-1.381613
100060726037,50.9258072,-1.3817973
100060726038,50.9258072,-1.3817973
100060726039,50.9258614,-1.381825
100060726040,50.9258614,-1.381825
100060726041,50.9259423,-1.3818239
100060726042,50.9259423,-1.3818239
100060726043,50.926033,-1.3819792
100060726044,50.926087,-1.3819785
100060726045,50.9261863,-1.3820483
100060726046,50.926241,-1.3821899
100060726047,50.9262771,-1.3822179
100060726048,50.9262312,-1.3820478
100060726049,50.9264214,-1.3822871
100060726050,50.9265477,-1.3823708
100060726051,50.9264479,-1.3822014
100060726052,50.9272347,-1.3830447
100060726053,50.9272799,-1.3830868
100060726054,50.9273615,-1.3831995
100060726057,50.9274159,-1.3832842
100060726058,50.9237703,-1.3809279
100060726059,50.9237703,-1.3809279
100060726060,50.9239141,-1.3809118
100060726061,50.9239592,-1.3809539
100060726062,50.9239592,-1.3809539
100060726063,50.924031,-1.3809102
100060726064,50.9240669,-1.3809098
100060726065,50.9241567,-1.3808801
100060726067,50.9247771,-1.3808719
100060726068,50.9248492,-1.3808851
100060726069,50.9247412,-1.3808723
100060726070,50.9252188,-1.3810652
100060726071,50.9252727,-1.3810503
100060726072,50.9254207,-1.3801377
100060726073,50.9253178,-1.3810781
100060726074,50.9255112,-1.3802503
100060726075,50.9253897,-1.3810629
100060726076,50.9254347,-1.3810766
100060726077,50.9254977,-1.3810899
100060726078,50.9255335,-1.3810468
100060726079,50.9255967,-1.3811029
100060726080,50.9256328,-1.3811308
100060726081,50.925782,-1.3804317
100060726082,50.9257048,-1.3811299
100060726083,50.925732,-1.3811722
100060726084,50.9258566,-1.3809429
100060726085,50.9258126,-1.3811142
100060726086,50.9258852,-1.3812413
100060726087,50.9259392,-1.3812548
100060726088,50.9260116,-1.381325
100060726089,50.9260567,-1.3813529
100060726090,50.926129,-1.381423
100060726091,50.9262008,-1.3813936
100060726092,50.9262827,-1.3815775
100060726093,50.9262827,-1.3815775
100060726094,50.9263906,-1.3815761
100060726095,50.9263906,-1.3815761
100060726096,50.9265347,-1.3816169
100060726097,50.9265448,-1.3818302
100060726098,50.9265898,-1.3818296
100060726099,50.9266805,-1.3819849
100060726100,50.9267167,-1.3820129
100060726101,50.9267798,-1.3820405
100060726102,50.926816,-1.3820969
100060726103,50.9268611,-1.3821248
100060726104,50.9269063,-1.3821669
100060726105,50.9269606,-1.3822231
100060726106,50.9270055,-1.3822225
100060726107,50.9271597,-1.3824623
100060726108,50.9271957,-1.3824761
100060726109,50.9272141,-1.382547
100060726110,50.9272502,-1.3825749
100060726111,50.9272773,-1.382603
100060726112,50.9273224,-1.3826167
100060726113,50.9273318,-1.3827019
100060726114,50.927359,-1.3827442
100060726115,50.9273951,-1.382758
100060726116,50.9274224,-1.3828145
100060726117,50.9274494,-1.3828284
100060726118,50.9274765,-1.3828565
100060726119,50.9275492,-1.3829836
100060726120,50.9276125,-1.3830539
100060726121,50.9276308,-1.3831106
100060726122,50.927676,-1.3831669
100060726123,50.9277391,-1.3831945
100060726124,50.9278477,-1.3833212
100060726125,50.9277845,-1.3832793
100060726331,50.9168932,-1.3830535
100060726332,50.9168927,-1.3829681
100060726333,50.9168829,-1.3828118
100060726334,50.9168646,-1.3827551
100060726335,50.9168731,-1.3826554
100060726336,50.9168275,-1.3825422
100060726337,50.9168091,-1.3824571
100060726338,50.9167545,-1.382344
100060726339,50.9167272,-1.3822875
100060726340,50.9167083,-1.382117
100060726341,50.9166708,-1.381833
100060726342,50.9166526,-1.3817764
100060726343,50.9166117,-1.3808522
100060726344,50.9165933,-1.3807814
100060726345,50.9165928,-1.3806818
100060726346,50.9166014,-1.3806105
100060726347,50.9166188,-1.3804965
100060726348,50.9166185,-1.3804396
100060726349,50.9166358,-1.3803256
100060726350,50.9166086,-1.380269
100060726351,50.9166351,-1.3801833
100060726352,50.9166436,-1.3800978
100060726353,50.9164361,-1.3766153
100060726354,50.9168887,-1.3771641
100060726355,50.9164361,-1.3766153
100060726356,50.9168617,-1.3771644
100060726357,50.9164361,-1.3766153
100060726358,50.9168167,-1.3771508
100060726359,50.9164361,-1.3766153
100060726360,50.9167717,-1.3771514
100060726361,50.9164361,-1.3766153
100060726362,50.9167358,-1.3771519
100060726363,50.9164361,-1.3766153
100060726364,50.9168241,-1.376852
100060726365,50.9164361,-1.3766153
100060726366,50.9168236,-1.3767666
100060726367,50.9164361,-1.3766153
100060726368,50.9168233,-1.3767097
100060726369,50.9164361,-1.3766153
100060726370,50.9168139,-1.3766245
100060726371,50.9164361,-1.3766153
100060726372,50.9168225,-1.3765533
100060726373,50.9164361,-1.3766153
100060726374,50.916831,-1.3764678
100060726375,50.9164361,-1.3766153
100060726376,50.9168574,-1.3763536
100060726377,50.9161627,-1.3759361
100060726378,50.9168571,-1.3762967
100060726379,50.9161627,-1.3759361
100060726380,50.9168476,-1.3762115
100060726381,50.9161627,-1.3759361
100060726382,50.9168473,-1.3761404
100060726383,50.9161627,-1.3759361
100060726384,50.9168558,-1.3760549
100060726385,50.9161627,-1.3759361
100060726386,50.9168645,-1.3759979
100060726387,50.9161627,-1.3759361
100060726388,50.9168639,-1.3758983
100060726389,50.9161627,-1.3759361
100060726390,50.9166926,-1.375801
100060726391,50.9161627,-1.3759361
100060726392,50.9166654,-1.3757729
100060726393,50.9161627,-1.3759361
100060726394,50.9166292,-1.3757307
100060726395,50.9161627,-1.3759361
100060726396,50.916584,-1.3756887
100060726397,50.9161627,-1.3759361
100060726398,50.9165389,-1.3756466
100060726399,50.9161627,-1.3759361
100060726400,50.9164849,-1.3756473
100060726401,50.9164486,-1.3755909
100060726402,50.9163945,-1.3755632
100060726403,50.9163673,-1.3755209
100060726404,50.9163221,-1.3754788
100060726405,50.9162861,-1.3754651
100060726406,50.9161501,-1.3752535
100060726407,50.9161139,-1.3752113
100060726408,50.9160687,-1.3751692
100060726409,50.9160235,-1.3751272
100060726410,50.9159964,-1.3750991
100060726411,50.91596,-1.3750284
100060726412,50.9159147,-1.3749721
100060726413,50.9158876,-1.374944
100060726414,50.9158515,-1.3749161
100060726415,50.9156889,-1.3747902
100060726416,50.9156712,-1.3748331
100060726417,50.9156897,-1.3749325
100060726829,50.9233645,-1.3840919
100060726830,50.9233738,-1.3841487
100060726831,50.9233832,-1.3842339
100060726832,50.9233835,-1.3842908
100060726833,50.923384,-1.3843904
100060726834,50.9233843,-1.3844331
100060726835,50.9189661,-1.3805365
100060726836,50.9189206,-1.3804375
100060726837,50.9188935,-1.3804236
100060726838,50.9188303,-1.3803675
100060726839,50.918794,-1.3803111
100060726840,50.9187398,-1.3802692
100060726841,50.919162,-1.3801782
100060726842,50.9187036,-1.380227
100060726843,50.9191259,-1.3801502
100060726844,50.9186493,-1.3801566
100060726845,50.9190627,-1.3801084
100060726846,50.9186222,-1.3801427
100060726847,50.9190265,-1.3800662
100060726848,50.9185589,-1.3800724
100060726849,50.9189812,-1.3800099
100060726850,50.9185049,-1.3800589
100060726851,50.9189451,-1.3799819
100060726852,50.918873,-1.3799402
100060726853,50.9188902,-1.3797977
100060726854,50.918809,-1.3797561
100060726855,50.9187553,-1.3797995
100060726856,50.9187009,-1.3797149
100060726857,50.9186914,-1.3796296
100060726858,50.9186105,-1.3796307
100060726859,50.9186105,-1.3796307
100060726860,50.9170364,-1.379552
100060726861,50.9168202,-1.3794838
100060726862,50.9184119,-1.3794769
100060726863,50.9167752,-1.3794844
100060726864,50.9166856,-1.3795425
100060726865,50.9166494,-1.3795003
100060726866,50.9176555,-1.3792877
100060726867,50.9175835,-1.3792887
100060726868,50.9175204,-1.3792611
100060726869,50.9174665,-1.3792618
100060726870,50.9173944,-1.3792343
100060726871,50.9173494,-1.3792207
100060726872,50.9172773,-1.3791932
100060726873,50.9172322,-1.3791796
100060727002,50.9380522,-1.3795283
100060727003,50.9381061,-1.3795134
100060727004,50.9381868,-1.3794696
100060727005,50.9382315,-1.3794263
100060727006,50.9382396,-1.3792554
100060727007,50.9382396,-1.3792554
100060727009,50.9382392,-1.3791842
100060727010,50.9382298,-1.3791132
100060727011,50.9382298,-1.3791132
100060727012,50.9382876,-1.3789859
100060727013,50.9378268,-1.3794175
100060727014,50.9378366,-1.3795739
100060727015,50.9378462,-1.3796876
100060727016,50.9378466,-1.3797588
100060727283,50.9126591,-1.361602
100060727284,50.9126058,-1.3617165
100060727285,50.9125613,-1.3618167
100060727286,50.912517,-1.3619311
100060727287,50.9124727,-1.3620455
100060727288,50.9124192,-1.3621316
100060727289,50.9123748,-1.362246
100060727290,50.9123485,-1.3623602
100060727291,50.9123043,-1.362503
100060727292,50.9122781,-1.3626456
100060727293,50.9122166,-1.3629025
100060727294,50.9126045,-1.363139
100060727295,50.912677,-1.3632376
100060727296,50.9128218,-1.3634063
100060727297,50.9129777,-1.3639589
100060727298,50.9130222,-1.363873
100060727299,50.9130755,-1.3637585
100060727300,50.9131472,-1.3637148
100060727301,50.9131552,-1.3635298
100060727302,50.9131368,-1.3634589
100060727303,50.913118,-1.3633027
100060727304,50.9128913,-1.3629502
100060727305,50.9128106,-1.362994
100060727306,50.9125927,-1.3626129
100060727307,50.9126459,-1.3624841
100060727308,50.9126903,-1.3623839
100060727309,50.9127437,-1.3622694
100060727310,50.9128328,-1.362126
100060727311,50.911481,-1.3682039
100060727312,50.9115159,-1.3680185
100060727313,50.9112717,-1.3677516
100060727314,50.9115336,-1.3679614
100060727315,50.911307,-1.3676373
100060727316,50.9116051,-1.3678751
100060727317,50.9113425,-1.3675515
100060727318,50.9116494,-1.3677465
100060727319,50.9113777,-1.3673946
100060727320,50.9117028,-1.3676604
100060727321,50.911738,-1.3675177
100060727322,50.9115298,-1.3672502
100060727323,50.9115298,-1.3672502
100060727324,50.911728,-1.3673329
100060727325,50.9116467,-1.3672487
100060727600,50.9282245,-1.3899613
100060727601,50.928224,-1.3898617
100060727602,50.9282324,-1.3897619
100060727603,50.9282768,-1.3896475
100060727604,50.9282944,-1.3895761
100060727605,50.9282938,-1.3894623
100060727606,50.9282933,-1.3893627
100060727607,50.9283107,-1.3892487
100060727608,50.9283193,-1.3891774
100060727609,50.9283188,-1.3890778
100060727610,50.9283364,-1.3890064
100060727611,50.9283987,-1.3888918
100060727612,50.9283985,-1.3888491
100060727613,50.9283889,-1.3887212
100060727614,50.9284065,-1.3886498
100060727615,50.9279107,-1.3884286
100060727616,50.9279107,-1.3884286
100060727617,50.9279107,-1.3884286
100060727618,50.9279107,-1.3884286
100060727619,50.9279107,-1.3884286
100060727620,50.9279107,-1.3884286
100060727621,50.9279107,-1.3884286
100060727622,50.9279107,-1.3884286
100060727623,50.9279107,-1.3884286
100060727624,50.9279107,-1.3884286
100060727625,50.9279107,-1.3884286
100060727626,50.9279107,-1.3884286
100060727627,50.9279107,-1.3884286
100060727628,50.9279107,-1.3884286
100060727629,50.9278685,-1.3889556
100060727630,50.9278685,-1.3889556
100060727631,50.9278685,-1.3889556
100060727632,50.9278685,-1.3889556
100060727633,50.9278685,-1.3889556
100060727634,50.9278685,-1.3889556
100060727635,50.9278685,-1.3889556
100060727636,50.9278685,-1.3889556
100060727637,50.9278685,-1.3889556
100060727638,50.9278685,-1.3889556
100060727639,50.9278685,-1.3889556
100060727640,50.9278685,-1.3889556
100060727641,50.9278685,-1.3889556
100060727642,50.9278685,-1.3889556
100060727643,50.9280163,-1.3897079
100060727934,50.9333142,-1.3899373
100060727935,50.9336009,-1.3897343
100060727937,50.9336285,-1.3898478
100060727939,50.9336378,-1.3899188
100060727987,50.9287258,-1.3793537
100060727988,50.9288256,-1.3795089
100060727989,50.9284378,-1.3793007
100060727990,50.9287524,-1.3792822
100060727991,50.9284643,-1.3792149
100060727992,50.9287341,-1.3792256
100060727993,50.928455,-1.3791581
100060727994,50.9284363,-1.3790303
100060727995,50.928751,-1.3790261
100060727996,50.928463,-1.3789731
100060727997,50.9287233,-1.3788842
100060727998,50.9284355,-1.3788738
100060727999,50.9284621,-1.3788023
100060728000,50.9287229,-1.3788131
100060728001,50.9284615,-1.3787027
100060728002,50.9287134,-1.3787136
100060728003,50.9284432,-1.3786318
100060728004,50.9287221,-1.3786565
100060728005,50.9284516,-1.3785321
100060728006,50.9287214,-1.3785285
100060728007,50.9284333,-1.3784612
100060728008,50.9287391,-1.3784713
100060728009,50.9284582,-1.3780767
100060728010,50.9284578,-1.3780055
100060728011,50.9284663,-1.3779058
100060728012,50.9286914,-1.3779739
100060728013,50.9284659,-1.3778347
100060728014,50.9284652,-1.3777066
100060728015,50.9336481,-1.3699241
100060728016,50.933656,-1.3697247
100060728017,50.9337453,-1.3696097
100060728018,50.9338436,-1.3694945
100060728019,50.9339147,-1.3693227
100060728020,50.9339502,-1.3692511
100060728021,50.9340213,-1.3690794
100060728022,50.9340568,-1.3689935
100060728023,50.9341367,-1.3688074
100060728024,50.9341544,-1.3687502
100060728025,50.9341984,-1.3685789
100060728026,50.9342605,-1.3684215
100060728027,50.9343138,-1.3682927
100060728028,50.934376,-1.3681637
100060728029,50.9344562,-1.3680203
100060728030,50.9345095,-1.3679058
100060728031,50.9345627,-1.3677627
100060728032,50.9346339,-1.3676195
100060728033,50.934678,-1.3674623
100060728034,50.9347221,-1.3673052
100060728035,50.9348023,-1.3671618
100060728036,50.9348826,-1.367061
100060728037,50.9349354,-1.3668468
100060728038,50.9349258,-1.3667189
100060728039,50.9348078,-1.3665213
100060728040,50.9351938,-1.3664022
100060728041,50.9351658,-1.3662175
100060728058,50.9392856,-1.3697481
100060728059,50.9387644,-1.3698121
100060728060,50.9392672,-1.369663
100060728061,50.9387729,-1.3697124
100060728062,50.9392664,-1.3695207
100060728063,50.9387632,-1.3695844
100060728064,50.9392477,-1.3693928
100060728065,50.9387714,-1.369442
100060728066,50.9392024,-1.3693223
100060728067,50.9388249,-1.3693559
100060728068,50.9391303,-1.3692948
100060728069,50.9388877,-1.3693265
100060728070,50.9391199,-1.3690245
100060728071,50.9388679,-1.3689995
100060728072,50.9391192,-1.3688964
100060728073,50.9388493,-1.3688858
100060728074,50.9391097,-1.3688112
100060728075,50.9388487,-1.368772
100060728076,50.9391179,-1.3686687
100060728077,50.93883,-1.3686442
100060728078,50.9391175,-1.3685833
100060728079,50.9388295,-1.3685445
100060728080,50.9391078,-1.3684554
100060728081,50.9388198,-1.3684166
100060728082,50.9390983,-1.3683559
100060728083,50.9388103,-1.3683171
100060728084,50.9390976,-1.368242
100060728085,50.9390451,-1.3668337
100060728086,50.9391229,-1.3679285
100060728087,50.9390894,-1.3667192
100060728088,50.9391861,-1.3679704
100060728089,50.9391248,-1.3666191
100060728090,50.9392672,-1.3679977
100060728091,50.9391421,-1.3664908
100060728092,50.9394111,-1.3679958
100060728093,50.9391775,-1.3663764
100060728094,50.9394828,-1.3679521
100060728095,50.9392039,-1.3662764
100060728096,50.9395456,-1.3679228
100060728097,50.9392393,-1.3661763
100060728098,50.9395809,-1.3678085
100060728099,50.9395893,-1.3676945
100060728100,50.9396067,-1.3675804
100060728101,50.9395612,-1.3674814
100060728102,50.9395066,-1.3673682
100060728103,50.9393981,-1.3672559
100060728104,50.9393171,-1.3672427
100060728105,50.939245,-1.3672152
100060728106,50.939342,-1.3668723
100060728107,50.9393596,-1.3667867
100060728108,50.9393768,-1.3666584
100060728109,50.9394213,-1.3665581
100060728110,50.9394297,-1.3664584
100060728111,50.9394562,-1.3663726
100060728643,50.9215842,-1.3607685
100060728644,50.9217397,-1.3612501
100060728645,50.9215395,-1.3608118
100060728646,50.921677,-1.3612936
100060728647,50.9214588,-1.3608556
100060728648,50.9215873,-1.3613233
100060728649,50.9213871,-1.3608992
100060728650,50.9215156,-1.361367
100060728651,50.9212973,-1.3609289
100060728652,50.9214348,-1.3613965
100060728653,50.9212257,-1.3609868
100060728654,50.9213723,-1.3614828
100060728655,50.921154,-1.3610305
100060728656,50.9212826,-1.3615267
100060728657,50.9210914,-1.3610882
100060728658,50.9212199,-1.3615702
100060728659,50.921002,-1.3611891
100060728660,50.9211485,-1.3616708
100060728661,50.9209394,-1.3612468
100060728662,50.9210859,-1.3617285
100060728663,50.9205189,-1.3616367
100060728664,50.9210056,-1.3618435
100060728665,50.9204742,-1.3616942
100060728666,50.9209428,-1.3618728
100060728667,50.920412,-1.3618231
100060728668,50.9208712,-1.3619307
100060728669,50.9203584,-1.361895
100060728670,50.9207997,-1.362017
100060728671,50.9202418,-1.3619535
100060728672,50.9207281,-1.3620891
100060728673,50.9201786,-1.3618975
100060728674,50.9206746,-1.362161
100060728675,50.9200619,-1.3619417
100060728676,50.9205942,-1.3622617
100060728677,50.9199993,-1.3619995
100060728678,50.9205406,-1.3623193
100060728679,50.919937,-1.3621284
100060728680,50.9204511,-1.3624059
100060728681,50.9199017,-1.3622569
100060728682,50.9203975,-1.3624778
100060728683,50.9197134,-1.3623448
100060728684,50.920263,-1.3625507
100060728685,50.9196325,-1.3623602
100060728686,50.9202005,-1.3626227
100060728687,50.9195427,-1.3623756
100060728688,50.9200843,-1.3627524
100060728689,50.9194708,-1.3623908
100060728690,50.9200124,-1.3627676
100060728691,50.9193813,-1.3624632
100060728692,50.919941,-1.3628539
100060728693,50.9193093,-1.36245
100060728694,50.9198782,-1.3628832
100060728695,50.9192286,-1.3624937
100060728696,50.9197793,-1.3628988
100060728697,50.9191388,-1.3625234
100060728698,50.9197076,-1.3629282
100060728699,50.919067,-1.3625386
100060728700,50.9196177,-1.3629437
100060728701,50.9195279,-1.3629591
100060728702,50.9194472,-1.3630029
100060728703,50.9187805,-1.3627702
100060728704,50.9193665,-1.3630467
100060728705,50.9187357,-1.3628135
100060728706,50.9192857,-1.3630762
100060728707,50.9186461,-1.3628716
100060728708,50.9192229,-1.3631056
100060728709,50.9185835,-1.3629293
100060728710,50.9191242,-1.3631354
100060728711,50.9190343,-1.3631508
100060728712,50.9189627,-1.3632087
100060728713,50.918891,-1.3632524
100060728714,50.9185257,-1.3638691
100060728715,50.918821,-1.363609
100060728716,50.9184799,-1.3637274
100060728717,50.9187844,-1.3634957
100060728718,50.9184525,-1.3636425
100060728719,50.918766,-1.3634248
100060728720,50.9187293,-1.363283
100060728721,50.9182416,-1.3629056
100060728722,50.9181873,-1.3628352
100060728723,50.9181413,-1.3626509
100060728724,50.9180873,-1.3626374
100060728725,50.9184555,-1.362547
100060728726,50.9184911,-1.3624754
100060728727,50.9185441,-1.3623039
100060728728,50.9185616,-1.3622183
100060728729,50.9185786,-1.3620332
100060728730,50.9185781,-1.3619478
100060728924,50.9208128,-1.3611205
100060728925,50.9200147,-1.3615298
100060728926,50.9207143,-1.361193
100060728927,50.919961,-1.3615732
100060728928,50.9206059,-1.3611091
100060728929,50.9198892,-1.3616027
100060728930,50.9205341,-1.3611386
100060728931,50.9198535,-1.36166
100060728932,50.920372,-1.3610981
100060728933,50.9197909,-1.3617178
100060728934,50.9203271,-1.3611129
100060728935,50.9197371,-1.361747
100060728936,50.9201651,-1.3610725
100060728937,50.9194952,-1.3619068
100060728938,50.9201113,-1.3611017
100060728939,50.9194587,-1.3618219
100060728940,50.9194313,-1.361737
100060728941,50.9194039,-1.3616662
100060728942,50.919457,-1.361509
100060728943,50.9195106,-1.3614371
100060728961,50.9298983,-1.3600138
100060728963,50.9299257,-1.3600988
100060728965,50.9299264,-1.3602127
100060728967,50.9299629,-1.3603118
100060728969,50.9299725,-1.3604255
100060728971,50.9300091,-1.3605388
100060728973,50.9300007,-1.3606528
100060728975,50.9300281,-1.3607378
100060728977,50.9300647,-1.3608511
100060728983,50.9295841,-1.3601178
100060728984,50.9295841,-1.3601178
100060728985,50.9295841,-1.3601178
100060728986,50.9295841,-1.3601178
100060728987,50.9295841,-1.3601178
100060728988,50.9295841,-1.3601178
100060728989,50.9295841,-1.3601178
100060728990,50.9295841,-1.3601178
100060728991,50.9295841,-1.3601178
100060728992,50.9295841,-1.3601178
100060728993,50.9295841,-1.3601178
100060728994,50.9295841,-1.3601178
100060728995,50.9295841,-1.3601178
100060728996,50.9295841,-1.3601178
100060728997,50.9295841,-1.3601178
100060728998,50.9295841,-1.3601178
100060728999,50.9295841,-1.3601178
100060729000,50.9295841,-1.3601178
100060729001,50.9295841,-1.3601178
100060729002,50.9295841,-1.3601178
100060729003,50.9295841,-1.3601178
100060729004,50.9295841,-1.3601178
100060729005,50.9297034,-1.3605572
100060729006,50.9297034,-1.3605572
100060729007,50.9297034,-1.3605572
100060729008,50.9297034,-1.3605572
100060729009,50.9297034,-1.3605572
100060729010,50.9297034,-1.3605572
100060729011,50.9297034,-1.3605572
100060729012,50.9297034,-1.3605572
100060729013,50.9297034,-1.3605572
100060729014,50.9297034,-1.3605572
100060729015,50.9297034,-1.3605572
100060729016,50.9297034,-1.3605572
100060729017,50.9297034,-1.3605572
100060729018,50.9297034,-1.3605572
100060729019,50.9297034,-1.3605572
100060729020,50.9297034,-1.3605572
100060729021,50.9297034,-1.3605572
100060729022,50.9297034,-1.3605572
100060729023,50.9297034,-1.3605572
100060729024,50.9297034,-1.3605572
100060729025,50.9297034,-1.3605572
100060729026,50.9297034,-1.3605572
100060729147,50.9295995,-1.389801
100060729148,50.9294452,-1.3895184
100060729149,50.9293194,-1.3895343
100060729150,50.9291947,-1.3897636
100060729151,50.9291774,-1.3899061
100060729597,50.9274166,-1.3700084
100060729598,50.9277581,-1.3699611
100060729599,50.9274338,-1.3698517
100060729600,50.9277486,-1.3698759
100060729601,50.927388,-1.36971
100060729602,50.9277301,-1.3697765
100060729603,50.9273333,-1.3695685
100060729604,50.9277208,-1.3697055
100060729605,50.9272968,-1.3694694
100060729606,50.9277022,-1.3695919
100060729607,50.9272422,-1.369342
100060729608,50.9276839,-1.3695353
100060729609,50.9271791,-1.3693144
100060729610,50.9276832,-1.3694214
100060729611,50.9271244,-1.3691729
100060729612,50.9276467,-1.3693081
100060729613,50.9276467,-1.3693081
100060729614,50.9276467,-1.3693081
100060729615,50.927025,-1.3690889
100060729616,50.9275286,-1.3690962
100060729617,50.9268897,-1.3690195
100060729618,50.9274557,-1.3689123
100060729619,50.9268177,-1.3690063
100060729620,50.9273833,-1.3688279
100060729621,50.926692,-1.3690365
100060729622,50.9272567,-1.3687015
100060729623,50.9274526,-1.3683431
100060729624,50.9271844,-1.3686314
100060729625,50.9270671,-1.3685618
100060729626,50.9265842,-1.3690664
100060729627,50.9269859,-1.368506
100060729628,50.9264314,-1.3690827
100060729629,50.9269016,-1.3678953
100060729630,50.9263328,-1.3691409
100060729631,50.9268594,-1.3683939
100060729632,50.9262434,-1.3692275
100060729633,50.9267336,-1.3684098
100060729634,50.9261626,-1.3692571
100060729635,50.9266346,-1.3684112
100060729636,50.9260731,-1.3693294
100060729637,50.9265505,-1.3678147
100060729638,50.9259835,-1.3694018
100060729639,50.9265091,-1.368484
100060729640,50.9258941,-1.3695026
100060729641,50.9264195,-1.3685421
100060729642,50.9258137,-1.3695891
100060729643,50.9264075,-1.3679874
100060729644,50.9257874,-1.3697175
100060729645,50.9262664,-1.3684873
100060729646,50.9262305,-1.368502
100060729647,50.9261499,-1.3685743
100060729648,50.9261053,-1.3686318
100060729649,50.9260429,-1.3687465
100060729650,50.9259529,-1.3687192
100060729651,50.92573,-1.369078
100060729652,50.9256853,-1.3691355
100060729653,50.9253893,-1.3692675
100060729654,50.9253723,-1.3694527
100060729655,50.9254012,-1.3698081
100060729656,50.9254106,-1.3698933
100060731520,50.932711,-1.3846798
100060731521,50.9330163,-1.3846047
100060731522,50.9327113,-1.3847368
100060731523,50.933044,-1.3847324
100060731524,50.9327385,-1.3847933
100060731525,50.9330449,-1.3849174
100060731526,50.9327482,-1.3849213
100060731527,50.9330635,-1.3850167
100060731528,50.9327574,-1.3849638
100060731529,50.9330912,-1.3851587
100060731530,50.932776,-1.3850774
100060731531,50.9331368,-1.3852861
100060731532,50.9328394,-1.385162
100060731533,50.9331553,-1.3853713
100060731534,50.9328309,-1.3852617
100060731535,50.9328495,-1.3853753
100060731536,50.9331828,-1.3854848
100060731537,50.9328678,-1.385432
100060731538,50.9332102,-1.3855556
100060731539,50.9329047,-1.3856023
100060731540,50.9329139,-1.3856449
100060731541,50.9332567,-1.3858538
100060731542,50.9329058,-1.3858157
100060731543,50.9332843,-1.3859673
100060731544,50.9329062,-1.3858869
100060731545,50.9332846,-1.3860242
100060731546,50.9329427,-1.385986
100060731547,50.9333214,-1.3861803
100060731548,50.9329341,-1.3860573
100060731549,50.9333308,-1.3862513
100060731550,50.9329615,-1.3861423
100060731551,50.9333584,-1.3863648
100060731552,50.9329798,-1.386199
100060731553,50.9333768,-1.3864499
100060731554,50.9330074,-1.3863125
100060731555,50.9334224,-1.3865632
100060731556,50.9330166,-1.386355
100060731557,50.9334227,-1.3866343
100060731558,50.9330531,-1.3864542
100060731559,50.9334777,-1.3868186
100060731560,50.9330534,-1.3865111
100060731561,50.9334959,-1.386861
100060731562,50.933072,-1.3866247
100060731563,50.9335417,-1.387017
100060731564,50.9330812,-1.3866673
100060731565,50.933551,-1.387088
100060731566,50.9331177,-1.3867664
100060731567,50.9336058,-1.3872438
100060731568,50.933127,-1.3868232
100060731569,50.9336151,-1.3873006
100060731570,50.9331636,-1.3869508
100060731571,50.9336789,-1.3874563
100060731572,50.9331911,-1.3870501
100060731573,50.9336882,-1.3875131
100060731574,50.9332187,-1.3871635
100060731575,50.933716,-1.3876835
100060731576,50.9332371,-1.3872487
100060731577,50.9337525,-1.3877685
100060731578,50.9337982,-1.3879102
100060731579,50.9332918,-1.387376
100060731580,50.9338254,-1.3879667
100060731581,50.9333194,-1.3875038
100060731582,50.9338801,-1.3880941
100060731583,50.9333467,-1.3875603
100060731584,50.9338805,-1.3881795
100060731585,50.9333835,-1.3877164
100060731586,50.9339351,-1.3883068
100060731587,50.9334018,-1.3877731
100060731588,50.9339629,-1.3884488
100060731589,50.9334475,-1.3879148
100060731590,50.9339812,-1.3885197
100060731591,50.9334658,-1.3879857
100060731592,50.934018,-1.3886758
100060731593,50.9335115,-1.3881274
100060731594,50.9340546,-1.3888033
100060731595,50.93353,-1.3882125
100060731596,50.934073,-1.3888743
100060731597,50.9335575,-1.388326
100060731598,50.9341097,-1.3890161
100060731599,50.9335939,-1.3883967
100060731600,50.934128,-1.3890728
100060731601,50.9336396,-1.3885384
100060731602,50.9336671,-1.3886377
100060731603,50.9337127,-1.3887651
100060731604,50.9337312,-1.3888645
100060731883,50.9303313,-1.3870165
100060731884,50.9303762,-1.3870159
100060731885,50.9304122,-1.3870155
100060731886,50.9304571,-1.3870007
100060731887,50.9304931,-1.3870002
100060731888,50.9305379,-1.3869854
100060731889,50.9305739,-1.3869849
100060731890,50.9306189,-1.3869843
100060731891,50.9306638,-1.3869695
100060731892,50.9306907,-1.3869691
100060731893,50.9307446,-1.3869542
100060731894,50.9307806,-1.3869537
100060731895,50.9308255,-1.3869389
100060731896,50.9308704,-1.3869383
100060731897,50.9309064,-1.3869378
100060731898,50.9309514,-1.3869372
100060731899,50.9309872,-1.3869083
100060731900,50.9310072,-1.3872922
100060731901,50.9309622,-1.3872928
100060731902,50.9309263,-1.3873075
100060731903,50.9308904,-1.3873222
100060731904,50.9308545,-1.3873227
100060731905,50.9308096,-1.3873375
100060731906,50.9307646,-1.3873381
100060731907,50.9307287,-1.3873386
100060731908,50.9306837,-1.3873392
100060731909,50.9306388,-1.387354
100060731910,50.9305042,-1.3873985
100060732267,50.9229361,-1.3864167
100060732268,50.9226413,-1.3850832
100060732269,50.9230585,-1.3857464
100060732270,50.9225225,-1.384729
100060732271,50.9229902,-1.3856876
100060732272,50.9224952,-1.3846583
100060732273,50.922978,-1.3856266
100060732274,50.9229766,-1.3856291
100060732275,50.9224587,-1.3845591
100060732276,50.922994,-1.3854626
100060732277,50.9224494,-1.3845024
100060732278,50.922931,-1.3854493
100060732279,50.92244,-1.3844313
100060732280,50.9229662,-1.3853065
100060732281,50.9224396,-1.3843602
100060732282,50.9228852,-1.3852791
100060732283,50.9224213,-1.3843035
100060732284,50.9228848,-1.385208
100060732285,50.922421,-1.3842324
100060732286,50.9228074,-1.384955
100060732287,50.9223938,-1.3841901
100060732288,50.9227841,-1.3848679
100060732289,50.9223844,-1.3841191
100060732290,50.9227787,-1.3847552
100060732291,50.9223751,-1.3840623
100060732292,50.9227365,-1.384706
100060732293,50.9223478,-1.3840057
100060732294,50.9227341,-1.3845976
100060732295,50.9227013,-1.3845275
100060732296,50.9226848,-1.3844583
100060732297,50.9226736,-1.3843856
100060732298,50.922637,-1.3842722
100060732299,50.9226245,-1.3842287
100060732300,50.9226116,-1.3841189
100060732301,50.9225761,-1.3840592
100060732302,50.9225634,-1.3840127
100060732303,50.9225555,-1.3839375
100060732561,50.9336265,-1.3659254
100060732562,50.9335187,-1.3659553
100060732563,50.9334735,-1.365899
100060732564,50.9333656,-1.3659147
100060732565,50.9333295,-1.3658867
100060732566,50.9332127,-1.3659026
100060732567,50.9331675,-1.3658605
100060732568,50.9330775,-1.3658475
100060732569,50.9330323,-1.3658054
100060732570,50.9329422,-1.3657639
100060732571,50.932915,-1.3657358
100060732572,50.9330561,-1.3652074
100060732573,50.9331549,-1.3651918
100060732574,50.9332002,-1.3652623
100060732575,50.9332726,-1.3653325
100060732576,50.9333267,-1.3653602
100060732577,50.9333809,-1.3654022
100060732578,50.933435,-1.3654441
100060732579,50.933606,-1.365456
100060732625,50.9113384,-1.3634692
100060732626,50.911311,-1.3633985
100060732627,50.9112387,-1.3633283
100060732628,50.9112026,-1.3633004
100060732629,50.9111481,-1.3632158
100060732630,50.9111119,-1.3631736
100060732631,50.9110306,-1.3631036
100060732632,50.9109944,-1.3630472
100060732633,50.91094,-1.3629768
100060732634,50.9108947,-1.3629205
100060732635,50.9108314,-1.3628503
100060732636,50.9107861,-1.362794
100060732637,50.9107317,-1.3627094
100060732638,50.9106865,-1.3626674
100060732639,50.9117537,-1.3633545
100060732640,50.9116924,-1.3632348
100060732641,50.9114342,-1.362899
100060732642,50.9113618,-1.3628146
100060732643,50.911235,-1.3626456
100060732644,50.9111719,-1.3626181
100060732647,50.9111174,-1.3625335
100060732650,50.9110452,-1.3624775
100060732653,50.9109906,-1.3623645
100060732656,50.9109271,-1.3622516
100060732658,50.9108547,-1.3621672
100060732660,50.9108095,-1.3621252
100060732662,50.9107461,-1.3620549
100060732663,50.9107189,-1.3619984
100060732665,50.9106733,-1.3618994
100060732668,50.9105102,-1.3616599
100060732670,50.9104559,-1.3616037
100060732672,50.9104106,-1.3615332
100060732674,50.9103289,-1.3614063
100060732676,50.9103016,-1.3613498
100060732678,50.9102984,-1.3607524
100060732679,50.9104508,-1.360665
100060732681,50.9102561,-1.3612509
100060732683,50.910202,-1.3612089
100060732685,50.9101925,-1.3611237
100060732687,50.9101471,-1.361039
100060732689,50.9101199,-1.3609967
100060732691,50.9100654,-1.3609121
100060732693,50.9100472,-1.3608555
100060733383,50.9237403,-1.3820523
100060733384,50.9237672,-1.3820378
100060733385,50.9238211,-1.382037
100060733386,50.923839,-1.3820083
100060733387,50.9238749,-1.3819936
100060733388,50.9239017,-1.3819648
100060733389,50.9239376,-1.3819501
100060733390,50.9242534,-1.3821451
100060733391,50.9242351,-1.3820885
100060733392,50.9242258,-1.3820317
100060733393,50.9242166,-1.3819891
100060733394,50.9242073,-1.3819323
100060733395,50.924198,-1.3818755
100060733396,50.9241888,-1.381833
100060733397,50.9240141,-1.3744225
100060733398,50.9240951,-1.3744214
100060733399,50.9240951,-1.3744214
100060733400,50.923909,-1.3749361
100060733401,50.923972,-1.3749495
100060733402,50.923972,-1.3749495
100060733403,50.923972,-1.3749495
100060733404,50.92423,-1.3743913
100060733405,50.9240977,-1.3749194
100060733406,50.9242928,-1.3744045
100060733408,50.9244095,-1.3743745
100060733409,50.9243556,-1.3743752
100060733410,50.9242504,-1.3748746
100060733411,50.9243223,-1.3748737
100060733412,50.9245892,-1.3743294
100060733413,50.9244032,-1.3748584
100060733414,50.9246431,-1.3743287
100060733415,50.9244751,-1.3748574
100060733416,50.9246277,-1.3747984
100060733417,50.9248857,-1.374297
100060733418,50.9247086,-1.3747973
100060733419,50.9249576,-1.3742818
100060733420,50.9247804,-1.3747821
100060733421,50.9247804,-1.3747821
100060733422,50.9250205,-1.3742667
100060733423,50.9248254,-1.3747815
100060733424,50.9248973,-1.3747663
100060733425,50.9248973,-1.3747663
100060733426,50.9252543,-1.3742636
100060733427,50.9249422,-1.3747657
100060733428,50.9249422,-1.3747657
100060733429,50.9253532,-1.3742622
100060733430,50.9250051,-1.3747507
100060733431,50.9254343,-1.3742896
100060733432,50.925068,-1.3747498
100060733433,50.925068,-1.3747498
100060733434,50.9254972,-1.3742888
100060733435,50.9255961,-1.3742874
100060733436,50.9252657,-1.3747187
100060733437,50.9252657,-1.3747187
100060733438,50.9260743,-1.3745798
100060733439,50.9253287,-1.3747179
100060733440,50.9261465,-1.3746215
100060733441,50.9253737,-1.3747315
100060733442,50.9262278,-1.3746916
100060733443,50.9254369,-1.3747876
100060733444,50.926291,-1.3747476
100060733445,50.9254819,-1.374787
100060733446,50.9263634,-1.3748178
100060733447,50.9255449,-1.3748003
100060733448,50.9264265,-1.3748596
100060733449,50.9255809,-1.3747999
100060733450,50.9264897,-1.3749015
100060733452,50.9256531,-1.3748416
100060733453,50.9256891,-1.3748553
100060733454,50.9266972,-1.3750268
100060733455,50.9257434,-1.3749115
100060733456,50.9269941,-1.375322
100060733457,50.9269956,-1.3753216
100060733458,50.9269956,-1.3753216
100060733459,50.9257883,-1.3749109
100060733460,50.9270234,-1.3754777
100060733461,50.9258426,-1.3749671
100060733462,50.9270598,-1.3755626
100060733463,50.9258785,-1.3749666
100060733464,50.9271231,-1.3756329
100060733465,50.9259417,-1.3750084
100060733466,50.9271685,-1.3757034
100060733467,50.9259867,-1.3750078
100060733468,50.9272048,-1.3757741
100060733469,50.9260684,-1.375149
100060733470,50.9272142,-1.3758451
100060733471,50.9261587,-1.375219
100060733472,50.9272956,-1.3759294
100060733473,50.9273408,-1.3759715
100060733474,50.926267,-1.3752886
100060733475,50.9263212,-1.3753448
100060733476,50.9263663,-1.3753585
100060733477,50.9264206,-1.3754289
100060733478,50.9264658,-1.375471
100060733479,50.9265199,-1.3754987
100060733480,50.9265652,-1.375555
100060733481,50.9266102,-1.3755686
100060733482,50.9266647,-1.3756675
100060733483,50.9267279,-1.3757093
100060733484,50.9268183,-1.3758077
100060733485,50.9268908,-1.3759063
100060733486,50.9269541,-1.3759766
100060733487,50.9270179,-1.3761323
100060733488,50.9270723,-1.376217
100060733489,50.9271357,-1.3763015
100060733490,50.9272171,-1.3763858
100060733491,50.9253746,-1.3883908
100060733492,50.9253472,-1.38832
100060733493,50.9253472,-1.38832
100060733494,50.9253197,-1.3882207
100060733495,50.9253013,-1.3881356
100060733496,50.9252917,-1.3880219
100060733497,50.9252643,-1.3879369
100060733498,50.9252367,-1.3878234
100060733499,50.9252094,-1.3877527
100060733500,50.9250196,-1.385877
100060733501,50.9250191,-1.3857774
100060733502,50.9250191,-1.3857774
100060733503,50.9250277,-1.3857062
100060733504,50.9250361,-1.3856065
100060733505,50.9250534,-1.3854782
100060733506,50.9253289,-1.3848485
100060733507,50.9253375,-1.3847772
100060733508,50.9250515,-1.3851083
100060733509,50.9253549,-1.3846774
100060733510,50.9250602,-1.3850512
100060733511,50.9253806,-1.3844352
100060733512,50.9253991,-1.3845203
100060733513,50.9253798,-1.3842787
100060733514,50.9253803,-1.384364
100060733515,50.925361,-1.3841224
100060733516,50.9253237,-1.3838668
100060733517,50.9252496,-1.3834694
100060733518,50.9246589,-1.3823105
100060733519,50.9246589,-1.3823105
100060733520,50.9246589,-1.3823105
100060733521,50.9252403,-1.3834126
100060733522,50.9246496,-1.3822537
100060733523,50.9251766,-1.3832712
100060733524,50.9246492,-1.3821683
100060733525,50.9251492,-1.3831861
100060733526,50.924631,-1.3821259
100060733527,50.9250943,-1.3830161
100060733528,50.9246216,-1.3820549
100060733529,50.925085,-1.3829593
100060733530,50.9245944,-1.3820126
100060733531,50.9251019,-1.3827457
100060733532,50.9251019,-1.3827457
100060733533,50.9245849,-1.3819131
100060733534,50.9245756,-1.3818563
100060733535,50.9250375,-1.3824762
100060733536,50.9245571,-1.3817712
100060733537,50.9245118,-1.3817006
100060733538,50.9245025,-1.3816438
100060733539,50.9244843,-1.3816014
100060733540,50.9248545,-1.381881
100060733541,50.9248367,-1.381924
100060733542,50.9244658,-1.3815163
100060733543,50.9247819,-1.3817682
100060733544,50.9244476,-1.3814596
100060733545,50.9247545,-1.3816832
100060733546,50.9244291,-1.3813745
100060733547,50.9247452,-1.3816264
100060733548,50.9243915,-1.381062
100060733549,50.9247359,-1.3815696
100060733550,50.9243911,-1.3809908
100060733551,50.9247355,-1.3814842
100060733552,50.9243998,-1.3809338
100060733553,50.9247172,-1.3814418
100060733554,50.9243995,-1.3808769
100060733555,50.92469,-1.3813852
100060733556,50.9243991,-1.3808058
100060733557,50.9246716,-1.3813143
100060733558,50.9243717,-1.3807208
100060733560,50.9243624,-1.3806782
100060733561,50.9242986,-1.380333
100060733718,50.935316,-1.3640665
100060733719,50.9353697,-1.3640088
100060733720,50.9354411,-1.3639082
100060733721,50.9355039,-1.3638789
100060733722,50.9356206,-1.3638489
100060733723,50.9356652,-1.3637913
100060733724,50.9357728,-1.3637187
100060733725,50.9358445,-1.3636892
100060733726,50.9359342,-1.3636311
100060733727,50.9359879,-1.3635877
100060733728,50.9359037,-1.3629911
100060733729,50.935859,-1.3630344
100060733730,50.9357695,-1.363121
100060733731,50.9357248,-1.3631643
100060733732,50.9356173,-1.3632369
100060733733,50.9355725,-1.3632802
100060733734,50.9354741,-1.363367
100060733735,50.9354204,-1.3634104
100060733736,50.9353308,-1.3634686
100060733737,50.9352681,-1.3635263
100060733738,50.9351787,-1.363613
100060733739,50.9351339,-1.3636563
100060734241,50.924426,-1.3824701
100060734242,50.9243383,-1.3828981
100060734243,50.9243811,-1.3824849
100060734244,50.9242843,-1.3828846
100060734245,50.9243452,-1.3824996
100060734246,50.9242484,-1.3828993
100060734247,50.9243091,-1.3824859
100060734248,50.9242037,-1.3829426
100060734249,50.9242554,-1.3825293
100060734250,50.9241768,-1.3829571
100060734251,50.9242105,-1.3825441
100060734252,50.924123,-1.3829863
100060734253,50.9241567,-1.3825733
100060734254,50.9240781,-1.3830011
100060734255,50.9241298,-1.3825878
100060734256,50.9240243,-1.3830445
100060734257,50.9240849,-1.3826027
100060734258,50.9239795,-1.3830594
100060734259,50.9240491,-1.3826316
100060734260,50.9239167,-1.3831029
100060734261,50.9239864,-1.3826751
100060734262,50.9238899,-1.3831317
100060734263,50.9239595,-1.3826897
100060734264,50.9239056,-1.3827046
100060734512,50.9174209,-1.3825202
100060734513,50.9173666,-1.3824497
100060734514,50.9173477,-1.3822793
100060734515,50.9173202,-1.3821801
100060734516,50.9173196,-1.3820663
100060734517,50.9173012,-1.3819954
100060734518,50.9173276,-1.3818955
100060734519,50.9171164,-1.3827518
100060734520,50.9173094,-1.381853
100060734521,50.9170981,-1.3826951
100060734522,50.9172999,-1.3817536
100060734523,50.9170796,-1.38261
100060734524,50.9172905,-1.3816683
100060734525,50.9170703,-1.382539
100060734526,50.9172991,-1.3815971
100060734527,50.917052,-1.3824824
100060734528,50.9172805,-1.3814835
100060734529,50.9170336,-1.3823973
100060734530,50.91728,-1.381384
100060734531,50.9170242,-1.3823262
100060734532,50.9172797,-1.3813413
100060734533,50.9170149,-1.3822695
100060734534,50.9172612,-1.3812419
100060734535,50.9170055,-1.3821985
100060734536,50.9172609,-1.381185
100060734537,50.9169962,-1.3821417
100060734538,50.9172782,-1.3810568
100060734539,50.9169778,-1.3820566
100060734540,50.9172689,-1.381
100060734541,50.9169684,-1.3819856
100060734542,50.9172952,-1.3808716
100060734543,50.916959,-1.3819146
100060734544,50.917295,-1.3808289
100060734545,50.9169498,-1.3818578
100060734546,50.9173034,-1.380715
100060734547,50.9169404,-1.3817868
100060734548,50.917294,-1.380644
100060734549,50.9170168,-1.3809464
100060734550,50.9172932,-1.3804875
100060734551,50.9170076,-1.3809039
100060734552,50.9172835,-1.3803596
100060734553,50.9170161,-1.3808042
100060734554,50.9173009,-1.3802456
100060734555,50.9170247,-1.3807329
100060734556,50.9173092,-1.3801175
100060734557,50.917033,-1.3806048
100060734558,50.9172997,-1.380018
100060734559,50.9170328,-1.3805621
100060734560,50.9173173,-1.3799609
100060734561,50.9170411,-1.380434
100060734562,50.9173168,-1.3798613
100060734563,50.9170498,-1.380377
100060734564,50.9173254,-1.37979
100060734565,50.9170311,-1.3802492
100060734566,50.9173428,-1.379676
100060734567,50.9170489,-1.3802063
100060734568,50.9173695,-1.3796187
100060734569,50.9173463,-1.3796003
100060734570,50.9170483,-1.3800925
100060734571,50.917048,-1.3800356
100060734572,50.9170653,-1.3799073
100060734573,50.917056,-1.3798505
100060734574,50.9170552,-1.3797083
100060734575,50.9170638,-1.379637
100060734608,50.9118941,-1.3664487
100060734609,50.9120892,-1.3659482
100060734610,50.9119123,-1.3664912
100060734611,50.9122173,-1.3663448
100060734612,50.9119491,-1.3666329
100060734613,50.9122629,-1.3664722
100060734614,50.9120043,-1.366874
100060734615,50.9123091,-1.3666991
100060734616,50.9120139,-1.3669734
100060734617,50.9123459,-1.3668409
100060734618,50.9120511,-1.3672005
100060734619,50.912338,-1.3670401
100060734620,50.9120521,-1.3673854
100060734621,50.9123749,-1.3672246
100060734622,50.9120706,-1.3674847
100060734623,50.9123413,-1.367666
100060734624,50.9120803,-1.3676126
100060734625,50.9124401,-1.3676362
100060734626,50.912081,-1.3677548
100060734627,50.9125478,-1.3675921
100060734628,50.9121089,-1.3679109
100060734629,50.9126735,-1.3675619
100060734630,50.9121275,-1.3680245
100060734631,50.9127545,-1.367575
100060735060,50.9249823,-1.3638521
100060735061,50.9249823,-1.3638521
100060735062,50.9249644,-1.3638808
100060735063,50.9249644,-1.3638808
100060735064,50.9248843,-1.3640241
100060735065,50.9248843,-1.3640241
100060735066,50.9248665,-1.3640671
100060735067,50.9248665,-1.3640671
100060735068,50.9248043,-1.364196
100060735069,50.9248043,-1.364196
100060735070,50.9247776,-1.3642533
100060735071,50.9247776,-1.3642533
100060735072,50.9246799,-1.364468
100060735073,50.9246531,-1.3645111
100060735074,50.9246086,-1.3645828
100060735075,50.9245641,-1.3646688
100060735076,50.9245742,-1.3648821
100060735077,50.9245475,-1.3649394
100060735078,50.9244941,-1.3650397
100060735079,50.9244496,-1.3651114
100060735080,50.9243152,-1.3652129
100060735081,50.924261,-1.3651567
100060735082,50.9241029,-1.3646916
100060735083,50.9241464,-1.3647592
100060735084,50.9242017,-1.3646572
100060735085,50.9241232,-1.3645971
100060735086,50.9240955,-1.3647011
100060735087,50.9241525,-1.3647838
100060735088,50.9241832,-1.3646787
100060735089,50.9241069,-1.3646009
100060735090,50.9241008,-1.3647104
100060735091,50.9241285,-1.3647524
100060735092,50.9241862,-1.3646905
100060735093,50.9238271,-1.3645357
100060735094,50.9238797,-1.3645074
100060735095,50.9239131,-1.3645262
100060735096,50.9238283,-1.3645366
100060735097,50.9238797,-1.3645074
100060735098,50.9239125,-1.3645253
100060735099,50.9238797,-1.3645074
100060735100,50.9238278,-1.3645394
100060735101,50.9238797,-1.3645074
100060735102,50.9239131,-1.3645262
100060735103,50.9238797,-1.3645074
100060735104,50.9236091,-1.3643546
100060735105,50.9235948,-1.3644429
100060735106,50.9236091,-1.3643546
100060735107,50.9235753,-1.3642916
100060735108,50.9236091,-1.3643546
100060735109,50.923594,-1.364443
100060735110,50.9236091,-1.3643546
100060735111,50.9235761,-1.3642916
100060735112,50.9236091,-1.3643546
100060735113,50.923594,-1.364443
100060735114,50.9236091,-1.3643546
100060735115,50.9236162,-1.3639988
100060735116,50.9236787,-1.3639268
100060735117,50.9237413,-1.3638548
100060735118,50.9238754,-1.3637107
100060735119,50.9239381,-1.3636672
100060735120,50.9240099,-1.3636377
100060735121,50.9240644,-1.3637366
100060735122,50.9240918,-1.3638216
100060735123,50.9241373,-1.3639205
100060735124,50.9241738,-1.3640196
100060735125,50.9242103,-1.3641045
100060735126,50.9243004,-1.364146
100060735127,50.9243279,-1.3642309
100060735128,50.9249513,-1.3631126
100060735129,50.9249513,-1.3631126
100060735744,50.9201136,-1.3715014
100060735745,50.920114,-1.3715726
100060735746,50.9201509,-1.3717428
100060735747,50.9201785,-1.3718562
100060735748,50.9202965,-1.3720681
100060735749,50.9203863,-1.3720384
100060735750,50.9203748,-1.3715691
100060735751,50.9204197,-1.3715542
100060735752,50.9206167,-1.3714093
100060735753,50.9206354,-1.3715371
100060735754,50.9206632,-1.3716932
100060735755,50.920682,-1.3718495
100060735756,50.9209066,-1.3718038
100060735757,50.9208969,-1.3716758
100060735758,50.9209049,-1.3714908
100060735759,50.9208771,-1.3713347
100060735760,50.9208764,-1.3712066
100060735761,50.9207405,-1.3710093
100060735762,50.9206686,-1.3710245
100060735763,50.9205699,-1.3710543
100060735764,50.9204799,-1.3710555
100060735765,50.9204081,-1.3710707
100060737443,50.9237258,-1.3743126
100060737444,50.9238593,-1.3740689
100060737445,50.9232133,-1.3726548
100060737446,50.9231942,-1.3724559
100060737447,50.9235645,-1.3727497
100060737448,50.9232916,-1.37217
100060737449,50.9234275,-1.3723531
100060737450,50.9239748,-1.373797
100060737451,50.923728,-1.3730605
100060737452,50.9237285,-1.3731458
100060737453,50.9237991,-1.372903
100060737454,50.9241599,-1.3730973
100060737455,50.9236175,-1.372564
100060737456,50.9242221,-1.3729684
100060737458,50.9238594,-1.3724042
100060737459,50.9238508,-1.3724755
100060737460,50.9238676,-1.3722618
100060737461,50.9238759,-1.3721337
100060737462,50.9238839,-1.3719344
100060737464,50.9242653,-1.3726406
100060737465,50.924351,-1.372426
100060737466,50.9245794,-1.3723077
100060737467,50.9247711,-1.3722863
100060737468,50.9246686,-1.3723136
100060737469,50.9243945,-1.371115
100060737470,50.9239069,-1.3711942
100060737471,50.9243911,-1.3710421
100060737472,50.923915,-1.3710376
100060737473,50.9243561,-1.3708873
100060737474,50.9243587,-1.3708214
100060737475,50.9239231,-1.3708667
100060737476,50.9243504,-1.3706544
100060737477,50.9239031,-1.3704971
100060737478,50.9244951,-1.3702187
100060737479,50.9239197,-1.3702265
100060737480,50.9244119,-1.369793
100060737481,50.9239898,-1.3699052
100060737482,50.9243749,-1.3695943
100060737483,50.9243741,-1.369452
100060737484,50.9239876,-1.3694857
100060737485,50.9244092,-1.3692951
100060737486,50.9239773,-1.369244
100060737487,50.9243906,-1.3691673
100060737488,50.9243986,-1.3689822
100060737489,50.9244337,-1.3688252
100060737490,50.9244238,-1.3686688
100060737491,50.9244141,-1.3685267
100060737492,50.9244671,-1.3683552
100060737493,50.9240536,-1.3733976
100060737494,50.9243888,-1.3721837
100060737495,50.9240536,-1.3733976
100060737496,50.9240536,-1.3733976
100060737497,50.9240536,-1.3733976
100060737498,50.9241159,-1.3732829
100060737499,50.9241159,-1.3732829
100060737500,50.9241159,-1.3732829
100060737501,50.9241162,-1.3732815
100060738246,50.9259846,-1.3662714
100060738247,50.9258953,-1.3663865
100060738248,50.9259206,-1.3660873
100060738249,50.9254575,-1.3669047
100060738250,50.9257707,-1.3666301
100060738251,50.9253938,-1.3667775
100060738252,50.9257434,-1.3665735
100060738253,50.9253392,-1.3666502
100060738254,50.9256798,-1.3664463
100060738255,50.9252935,-1.3665228
100060738256,50.9256525,-1.3663898
100060738257,50.9252744,-1.3663096
100060738258,50.9256517,-1.3662333
100060738259,50.9253273,-1.3661097
100060738260,50.9253894,-1.3659523
100060738261,50.9257852,-1.3659754
100060738262,50.9258205,-1.3658611
100060738263,50.925874,-1.365775
100060738264,50.9259182,-1.3656321
100060738265,50.9259714,-1.3654891
100060738266,50.9260155,-1.3653319
100060738267,50.9254335,-1.3658094
100060738268,50.9260597,-1.3652033
100060738269,50.9254776,-1.3656381
100060738270,50.9255399,-1.3655234
100060738271,50.9255932,-1.3654088
100060738272,50.9256464,-1.3652658
100060738273,50.9256731,-1.3652086
100060738274,50.9257173,-1.3650799
100060738275,50.9257439,-1.3650084
100060738276,50.9257791,-1.3648656
100060738277,50.9257968,-1.3648085
100060738288,50.9388347,-1.388029
100060738289,50.9388796,-1.3880284
100060738290,50.9389695,-1.3880272
100060738291,50.9390144,-1.3880124
100060738554,50.9119678,-1.3886519
100060738555,50.9119771,-1.3887086
100060738556,50.9119415,-1.3887802
100060738557,50.9119689,-1.3888652
100060738558,50.9122112,-1.3887767
100060738559,50.9122115,-1.3888194
100060738560,50.9119786,-1.3889931
100060738561,50.9122208,-1.3888904
100060738562,50.9119972,-1.3891067
100060738563,50.9119971,-1.3890924
100060738564,50.9122211,-1.3889473
100060738565,50.9119975,-1.3891778
100060738566,50.9122396,-1.3890324
100060738567,50.9120068,-1.3892346
100060738568,50.9122397,-1.3890608
100060738569,50.9122402,-1.3891462
100060738570,50.9120164,-1.3893482
100060738571,50.9122495,-1.3892029
100060738572,50.9120348,-1.3894333
100060738573,50.9122588,-1.3892739
100060738574,50.9120352,-1.3895045
100060738575,50.9122681,-1.3893307
100060738576,50.9120446,-1.3895755
100060738577,50.912045,-1.3896466
100060738578,50.9120543,-1.3897033
100060738579,50.9120547,-1.3897887
100060738580,50.9120639,-1.3898312
100060738835,50.9338074,-1.3896747
100060738841,50.9324149,-1.3899348
100060738842,50.9324956,-1.3898911
100060738843,50.9325853,-1.3898472
100060738844,50.932666,-1.3898035
100060738845,50.9327648,-1.3897737
100060738846,50.9328186,-1.3897446
100060738847,50.9328993,-1.3897008
100060738848,50.9329531,-1.3896716
100060738849,50.9330427,-1.3896135
100060738850,50.9330965,-1.3895844
100060738851,50.9332041,-1.389526
100060738852,50.9332489,-1.389497
100060738853,50.9334281,-1.3893666
100060738854,50.9335269,-1.3893368
100060738855,50.9335897,-1.3893075
100060738856,50.9336794,-1.3892637
100060738857,50.9337242,-1.3892346
100060738858,50.9338318,-1.3891763
100060738859,50.9338676,-1.3891473
100060738918,50.924773,-1.3633996
100060738919,50.9245593,-1.3638009
100060738920,50.924773,-1.3633996
100060738921,50.9245593,-1.3638009
100060738922,50.9247094,-1.3632867
100060738923,50.9244779,-1.3637167
100060738924,50.9247094,-1.3632867
100060738925,50.9244779,-1.3637167
100060738926,50.9246458,-1.3631595
100060738927,50.9244322,-1.363575
100060738928,50.9246458,-1.3631595
100060738929,50.9244322,-1.363575
100060738930,50.9245737,-1.363132
100060738931,50.9243778,-1.3634904
100060738932,50.9245737,-1.363132
100060738933,50.9243778,-1.3634904
100060738934,50.9245635,-1.3629187
100060738935,50.9243143,-1.3633917
100060738936,50.9245635,-1.3629187
100060738937,50.9243143,-1.3633917
100060738938,50.924518,-1.3628198
100060738939,50.9242417,-1.3632646
100060738940,50.924518,-1.3628198
100060738941,50.9242417,-1.3632646
100060738942,50.9244546,-1.3627353
100060738943,50.9242232,-1.3631795
100060738944,50.9244546,-1.3627353
100060738945,50.9242232,-1.3631795
100060738946,50.9244001,-1.3626364
100060738947,50.9241146,-1.3630529
100060738948,50.9244001,-1.3626364
100060738949,50.9241146,-1.3630529
100060738950,50.9243544,-1.3624947
100060738951,50.9240136,-1.3626702
100060738952,50.9243544,-1.3624947
100060738953,50.9240136,-1.3626702
100060738954,50.924318,-1.3624241
100060738955,50.9239229,-1.3625291
100060738956,50.924318,-1.3624241
100060738957,50.9239229,-1.3625291
100060738958,50.9242725,-1.3623251
100060738959,50.9238774,-1.3624302
100060738960,50.9242725,-1.3623251
100060738961,50.9238774,-1.3624302
100060738962,50.9242357,-1.3621691
100060738963,50.9238229,-1.3623313
100060738964,50.9242357,-1.3621691
100060738965,50.9238229,-1.3623313
100060738966,50.9241992,-1.36207
100060738967,50.9237773,-1.3622039
100060738968,50.9241992,-1.36207
100060738969,50.9237773,-1.3622039
100060738970,50.9241357,-1.3619713
100060738971,50.9238034,-1.362047
100060738972,50.9241357,-1.3619713
100060738973,50.9238034,-1.362047
100060738974,50.9240992,-1.3618722
100060738975,50.92374,-1.3619625
100060738976,50.9240992,-1.3618722
100060738977,50.92374,-1.3619625
100060738978,50.9240446,-1.3617449
100060738979,50.9236764,-1.3618353
100060738980,50.9240446,-1.3617449
100060738981,50.9236764,-1.3618353
100060738982,50.9239989,-1.3616175
100060738983,50.9236667,-1.3617074
100060738984,50.9239989,-1.3616175
100060738985,50.9236667,-1.3617074
100060738986,50.9236211,-1.3615942
100060738987,50.9236211,-1.3615942
100060739034,50.9229328,-1.3607073
100060739035,50.9235336,-1.3604003
100060739036,50.9229328,-1.3607073
100060739037,50.9235336,-1.3604003
100060739038,50.9229328,-1.3607073
100060739039,50.9235336,-1.3604003
100060739040,50.9229328,-1.3607073
100060739041,50.9235336,-1.3604003
100060739042,50.9229328,-1.3607073
100060739043,50.9235336,-1.3604003
100060739044,50.9229328,-1.3607073
100060739045,50.9235336,-1.3604003
100060739046,50.9229328,-1.3607073
100060739047,50.9235336,-1.3604003
100060739048,50.9229328,-1.3607073
100060739049,50.9235336,-1.3604003
100060739050,50.9229328,-1.3607073
100060739051,50.9235336,-1.3604003
100060739052,50.9229328,-1.3607073
100060739053,50.9235336,-1.3604003
100060739054,50.9229328,-1.3607073
100060739055,50.9235336,-1.3604003
100060739056,50.9231185,-1.3601357
100060739057,50.9235336,-1.3604003
100060739058,50.9231185,-1.3601357
100060739059,50.9235336,-1.3604003
100060739060,50.9231185,-1.3601357
100060739061,50.9235336,-1.3604003
100060739062,50.9231185,-1.3601357
100060739063,50.9236304,-1.3600006
100060739064,50.9231185,-1.3601357
100060739065,50.9236304,-1.3600006
100060739066,50.9231185,-1.3601357
100060739067,50.9236304,-1.3600006
100060739068,50.9231185,-1.3601357
100060739069,50.9236304,-1.3600006
100060739070,50.9231185,-1.3601357
100060739071,50.9236304,-1.3600006
100060739072,50.9231185,-1.3601357
100060739073,50.9236304,-1.3600006
100060739074,50.9231185,-1.3601357
100060739075,50.9236304,-1.3600006
100060739076,50.9231185,-1.3601357
100060739077,50.9236304,-1.3600006
100060739079,50.9236304,-1.3600006
100060739081,50.9236304,-1.3600006
100060739083,50.9236304,-1.3600006
100060739522,50.9199874,-1.3798116
100060739523,50.9196899,-1.3796875
100060739524,50.9199522,-1.3799543
100060739525,50.9196632,-1.3797305
100060739526,50.919926,-1.3801111
100060739527,50.9195736,-1.3797886
100060739528,50.9199083,-1.3801683
100060739529,50.9195558,-1.3798315
100060739530,50.9195205,-1.3799458
100060739531,50.9198102,-1.3803119
100060739532,50.9195027,-1.3799887
100060739533,50.9194767,-1.380174
100060739534,50.9194854,-1.380117
100060739535,50.9197661,-1.3804689
100060739536,50.9194142,-1.3802602
100060739537,50.9197483,-1.3805118
100060739538,50.9194146,-1.3803313
100060739539,50.9196953,-1.3806975
100060739541,50.919282,-1.3807599
100060739542,50.9192555,-1.3808456
100060739543,50.919229,-1.3809455
100060739544,50.9194286,-1.3812701
100060739545,50.9192024,-1.3810028
100060739546,50.919167,-1.3811171
100060739547,50.9191493,-1.3811742
100060739548,50.9191137,-1.3812458
100060739549,50.9190961,-1.3813172
100060739550,50.9190696,-1.3814029
100060739551,50.9190341,-1.3814887
100060739552,50.9189986,-1.3815746
100060739553,50.9189629,-1.3816319
100060740204,50.9248392,-1.3606953
100060740205,50.9248002,-1.360141
100060740206,50.9249019,-1.3606518
100060740207,50.9248718,-1.3600831
100060740208,50.9249644,-1.3605656
100060740209,50.9249255,-1.3600396
100060740210,50.9250362,-1.3605503
100060740212,50.9251076,-1.3604498
100060740214,50.925224,-1.3603486
100060740215,50.9251612,-1.3603921
100060740218,50.9252776,-1.3602909
100060740219,50.9253311,-1.3602048
100060740221,50.9253937,-1.360147
100060740223,50.9254561,-1.3600466
100060740226,50.9255368,-1.3600028
100060740576,50.9332903,-1.3669404
100060740577,50.9332546,-1.3669978
100060740578,50.9331745,-1.3671412
100060740579,50.9331479,-1.3672269
100060740580,50.933113,-1.3674124
100060740581,50.9330686,-1.3675269
100060740582,50.9330155,-1.3676841
100060740583,50.9329801,-1.3677842
100060740584,50.9332695,-1.3680934
100060740585,50.9333053,-1.3680644
100060740586,50.9333854,-1.3678926
100060740587,50.9334297,-1.3677781
100060740588,50.9334917,-1.3676065
100060740589,50.9335003,-1.367521
100060740590,50.9335352,-1.3673355
100060740591,50.9335705,-1.367207
100060740592,50.9336327,-1.3670638
100060740593,50.9336502,-1.3669782
100060741429,50.917956,-1.3600073
100060741430,50.917956,-1.3600073
100060741432,50.91801,-1.3600066
100060741433,50.91801,-1.3600066
100060741438,50.9181718,-1.3600044
100060741439,50.9181718,-1.3600044
100060741706,50.9310839,-1.3899096
100060741707,50.9310651,-1.3897675
100060741709,50.9310284,-1.3896257
100060741710,50.9307242,-1.3899143
100060741711,50.9310188,-1.389512
100060741712,50.9306777,-1.3896161
100060741713,50.9310003,-1.3893984
100060741714,50.9306772,-1.3895165
100060741715,50.9309546,-1.3892567
100060741716,50.9306492,-1.3893318
100060741717,50.930945,-1.3891572
100060741718,50.9304536,-1.3880395
100060741719,50.9309262,-1.3889867
100060741720,50.930435,-1.3879259
100060741721,50.9309167,-1.3889014
100060741722,50.930299,-1.3877142
100060741723,50.9308878,-1.3885318
100060741724,50.9308604,-1.3884468
100060741725,50.9308418,-1.3883332
100060741726,50.9308324,-1.3882622
100060741727,50.9308318,-1.3881341
100060741728,50.9308043,-1.3880349
100060741729,50.9307766,-1.3879072
100060741730,50.9307673,-1.3878361
100060741731,50.9307217,-1.3877229
100060741787,50.9286123,-1.3749584
100060741788,50.9286118,-1.374873
100060741789,50.9288544,-1.374827
100060741790,50.9285754,-1.3747881
100060741791,50.9288357,-1.3746992
100060741792,50.9285662,-1.3747455
100060741793,50.9287991,-1.3745859
100060741794,50.9285027,-1.3746468
100060741795,50.9283268,-1.37371
100060741906,50.9398675,-1.3759459
100060741907,50.936657,-1.375932
100060741910,50.9148733,-1.36197
100060741911,50.9150431,-1.3617685
100060741912,50.9150788,-1.3617254
100060741913,50.9151234,-1.3616679
100060741916,50.9161346,-1.3607578
100060741918,50.9162597,-1.3606139
100060741920,50.9163759,-1.3604842
100060741922,50.9164473,-1.3603694
100060741924,50.9165457,-1.3602827
100060741925,50.9166262,-1.3602105
100060742945,50.9205439,-1.3779404
100060742946,50.9206063,-1.37784
100060742947,50.920642,-1.3777826
100060742949,50.9208028,-1.3775813
100060742950,50.9208376,-1.3773674
100060742951,50.9208701,-1.3775039
100060742952,50.920918,-1.377281
100060742953,50.9210345,-1.3771941
100060742954,50.9211147,-1.377065
100060742955,50.9211588,-1.3768937
100060742956,50.9212664,-1.3768495
100060742957,50.9213465,-1.3766777
100060742958,50.9215521,-1.3764616
100060742959,50.9216502,-1.3763038
100060742961,50.9217492,-1.3763167
100060742962,50.92183,-1.3763014
100060742963,50.9219101,-1.3761438
100060742964,50.9223215,-1.3757257
100060742966,50.9227349,-1.3756633
100060742967,50.9228608,-1.3756758
100060742968,50.9229236,-1.3756465
100060742970,50.9223573,-1.3756968
100060742971,50.9223573,-1.3756968
100060742972,50.9223573,-1.3756968
100060742973,50.9223573,-1.3756968
100060742974,50.9223573,-1.3756968
100060742977,50.9239707,-1.3763723
100060742978,50.9190971,-1.3764517
100060742979,50.9191783,-1.3765075
100060742980,50.9191783,-1.3765075
100060742981,50.9192328,-1.3766064
100060742982,50.91926,-1.3766487
100060742983,50.91926,-1.3766487
100060742984,50.9193768,-1.3766329
100060742985,50.9193178,-1.3773593
100060742986,50.919395,-1.3766754
100060742987,50.919395,-1.3766754
100060742988,50.919477,-1.3768734
100060742989,50.9193449,-1.3773874
100060742990,50.9195218,-1.3768444
100060742991,50.9194172,-1.3774575
100060742992,50.9196214,-1.3769569
100060742993,50.9194444,-1.3774856
100060742994,50.9197028,-1.3770554
100060742995,50.9194988,-1.3775703
100060742996,50.9197479,-1.377069
100060742997,50.919553,-1.3776264
100060742998,50.9198384,-1.3771816
100060742999,50.9195801,-1.3776545
100060743000,50.9199107,-1.3772518
100060743001,50.9196615,-1.3777246
100060743002,50.919974,-1.3773221
100060743003,50.9196975,-1.3777383
100060743004,50.9200284,-1.3774067
100060743005,50.919779,-1.3778511
100060743006,50.9201728,-1.3774901
100060743007,50.9200646,-1.3774489
100060743008,50.9198329,-1.3778361
100060743009,50.9202277,-1.3776743
100060743010,50.9202277,-1.3776743
100060743011,50.9198517,-1.3779923
100060743012,50.9204457,-1.378084
100060743013,50.9199423,-1.378105
100060743014,50.9200057,-1.3781895
100060743015,50.9200327,-1.3782033
100060743016,50.9201051,-1.3782877
100060743017,50.9201323,-1.37833
100060743018,50.9202046,-1.3784002
100060743019,50.9202952,-1.3785271
100060743020,50.9202408,-1.3784282
100060743021,50.9203498,-1.3786401
100060743022,50.9203952,-1.3787249
100060743203,50.9332078,-1.3616902
100060743204,50.9332885,-1.3616607
100060743205,50.9333693,-1.3616311
100060743206,50.9334595,-1.3616725
100060743207,50.9335133,-1.3616576
100060743208,50.9335941,-1.361628
100060743209,50.9336389,-1.3615989
100060743210,50.9337284,-1.3615265
100060743211,50.9338362,-1.3614966
100060743212,50.9339079,-1.3614529
100060743213,50.9339527,-1.3614239
100060743214,50.9340333,-1.3613658
100060743215,50.9340781,-1.3613367
100060743216,50.9341766,-1.36125
100060743217,50.9342213,-1.3612067
100060743218,50.9342749,-1.3611348
100060743219,50.9343553,-1.3610341
100060743220,50.9344266,-1.3609335
100060743221,50.9344894,-1.3608899
100060743222,50.9345521,-1.3608464
100060743223,50.9346236,-1.3607742
100060743224,50.9347224,-1.3607444
100060743225,50.9348031,-1.3607006
100060743226,50.9348839,-1.3606853
100060743227,50.935099,-1.3605542
100060743228,50.9350893,-1.3604121
100060743229,50.9350704,-1.3602558
100060743230,50.9349975,-1.360086
100060743231,50.9348719,-1.3601304
100060743232,50.9348272,-1.3601879
100060743233,50.9347558,-1.3602743
100060743234,50.934702,-1.3603035
100060743235,50.9346121,-1.360319
100060743236,50.9345673,-1.3603481
100060743237,50.9345046,-1.3603916
100060743238,50.9344688,-1.3604206
100060743239,50.9343882,-1.3604786
100060743240,50.9343345,-1.360522
100060743241,50.9342807,-1.3605655
100060743242,50.9342271,-1.3606231
100060743243,50.9340666,-1.3608815
100060743244,50.9340482,-1.3607964
100060743245,50.9340386,-1.3606826
100060743246,50.934029,-1.3605832
100060743247,50.9337603,-1.3607719
100060743248,50.9337877,-1.3608569
100060743249,50.9338242,-1.3609418
100060743250,50.9338427,-1.3610411
100060743251,50.9336542,-1.3611006
100060743252,50.9336003,-1.3611156
100060743253,50.9335016,-1.3611596
100060743254,50.9334567,-1.3611745
100060743255,50.9333398,-1.3611761
100060743256,50.9332949,-1.3611767
100060743257,50.9331871,-1.3612067
100060743258,50.9329809,-1.3613233
100060744698,50.9258625,-1.363655
100060744699,50.9254861,-1.3639021
100060744700,50.9258263,-1.3636129
100060744701,50.925405,-1.3638605
100060744702,50.9257268,-1.3635146
100060744703,50.9253594,-1.3637473
100060744704,50.9256817,-1.3634868
100060744705,50.9253413,-1.3637191
100060744706,50.9256003,-1.3634025
100060744707,50.9252576,-1.3636349
100060744708,50.925546,-1.3633321
100060744709,50.9252562,-1.3636326
100060744710,50.9254916,-1.3632475
100060744711,50.9251695,-1.3635507
100060744712,50.9253552,-1.362979
100060744713,50.9251695,-1.3635507
100060744714,50.92531,-1.362937
100060744715,50.9251333,-1.3635085
100060744716,50.925282,-1.3627381
100060744717,50.9251333,-1.3635085
100060744718,50.9252366,-1.3626676
100060744719,50.9249145,-1.3629708
100060744720,50.9251996,-1.3624689
100060744721,50.9249145,-1.3629708
100060744722,50.9250528,-1.3619445
100060744723,50.9248594,-1.3627582
100060744724,50.9249892,-1.3618173
100060744725,50.9248594,-1.3627582
100060744726,50.9249526,-1.361704
100060744727,50.9248319,-1.3626589
100060744728,50.924862,-1.3615914
100060744729,50.9248319,-1.3626589
100060744730,50.9248166,-1.3615067
100060744731,50.9247949,-1.3624745
100060744732,50.9247618,-1.3613509
100060744733,50.9247949,-1.3624745
100060744734,50.9238587,-1.3606377
100060744735,50.9247585,-1.3623896
100060744736,50.9238587,-1.3606377
100060744737,50.9247585,-1.3623896
100060744738,50.9238587,-1.3606377
100060744739,50.9247125,-1.3622053
100060744740,50.9238587,-1.3606377
100060744741,50.9247125,-1.3622053
100060744742,50.9238587,-1.3606377
100060744743,50.9246671,-1.3621205
100060744744,50.9238587,-1.3606377
100060744745,50.9246671,-1.3621205
100060744746,50.9238587,-1.3606377
100060744747,50.9245852,-1.3619509
100060744748,50.9238587,-1.3606377
100060744749,50.9245852,-1.3619509
100060744750,50.9238587,-1.3606377
100060744751,50.924549,-1.3618945
100060744752,50.9238587,-1.3606377
100060744753,50.924549,-1.3618945
100060744754,50.9238587,-1.3606377
100060744755,50.9244672,-1.3617391
100060744756,50.9238587,-1.3606377
100060744757,50.9244672,-1.3617391
100060744758,50.9238587,-1.3606377
100060744759,50.9243765,-1.3615981
100060744760,50.9238587,-1.3606377
100060744761,50.9243765,-1.3615981
100060744762,50.9238587,-1.3606377
100060744763,50.9243221,-1.3615277
100060744764,50.9238587,-1.3606377
100060744765,50.9243221,-1.3615277
100060744766,50.9231847,-1.3607323
100060744767,50.9242225,-1.361401
100060744768,50.9231847,-1.3607323
100060744769,50.9242225,-1.361401
100060744770,50.9231847,-1.3607323
100060744771,50.9241864,-1.361373
100060744772,50.9231847,-1.3607323
100060744773,50.9241864,-1.361373
100060744774,50.9231847,-1.3607323
100060744775,50.9240422,-1.3613181
100060744776,50.9231847,-1.3607323
100060744777,50.9240422,-1.3613181
100060744778,50.9231847,-1.3607323
100060744779,50.9240153,-1.3613327
100060744780,50.9231847,-1.3607323
100060744781,50.9240153,-1.3613327
100060744782,50.9231847,-1.3607323
100060744783,50.9239073,-1.36132
100060744784,50.9231847,-1.3607323
100060744785,50.9239073,-1.36132
100060744786,50.9231847,-1.3607323
100060744787,50.9235656,-1.3613104
100060744788,50.9235117,-1.3613254
100060744789,50.9234309,-1.361355
100060744790,50.9233682,-1.3613985
100060744791,50.9232967,-1.3614706
100060744792,50.9243795,-1.3605025
100060745041,50.9363646,-1.388588
100060745042,50.9363885,-1.3880042
100060745043,50.9364184,-1.3885589
100060745044,50.9364154,-1.3879754
100060745045,50.936526,-1.3884863
100060745046,50.9365588,-1.3878881
100060745047,50.9365798,-1.3884571
100060745048,50.9365947,-1.3878734
100060745049,50.9366873,-1.3883845
100060745050,50.9370965,-1.3875395
100060745051,50.9367141,-1.3883557
100060745052,50.9371502,-1.3874961
100060745053,50.9368761,-1.3883821
100060745054,50.9368761,-1.3883821
100060745055,50.9368761,-1.3883821
100060745056,50.9373116,-1.3873943
100060745057,50.9369388,-1.3883385
100060745058,50.9369388,-1.3883385
100060745059,50.9369388,-1.3883385
100060745060,50.9373744,-1.3873793
100060745061,50.9371622,-1.3880652
100060745062,50.9374997,-1.3872638
100060745063,50.9371806,-1.3881361
100060745064,50.9378849,-1.3869883
100060745065,50.937218,-1.388406
100060745066,50.9379924,-1.3869015
100060745067,50.9372543,-1.3884767
100060745068,50.9380371,-1.3868582
100060745069,50.9373715,-1.3885321
100060745070,50.9374252,-1.3884745
100060745071,50.9374693,-1.3883173
100060745072,50.9374597,-1.3882036
100060745073,50.9373867,-1.3880053
100060745074,50.9373683,-1.3879202
100060745075,50.9375565,-1.3878038
100060745076,50.9376011,-1.3877321
100060745077,50.9376913,-1.3877736
100060745078,50.937745,-1.3877302
100060745079,50.9378258,-1.3877007
100060745080,50.9378884,-1.3876429
100060745081,50.9379602,-1.3876135
100060745082,50.9380048,-1.387556
100060745083,50.9380673,-1.3874556
100060745084,50.9381391,-1.3874261
100060745085,50.9383001,-1.3872675
100060745157,50.9266941,-1.3644405
100060745159,50.9266941,-1.3644405
100060745161,50.9266941,-1.3644405
100060745162,50.9269041,-1.365021
100060745163,50.9269367,-1.3644087
100060745164,50.9269489,-1.3650062
100060745165,50.9270176,-1.3643934
100060745166,50.9269939,-1.3650055
100060745167,50.9270806,-1.3644067
100060745168,50.9271614,-1.3643914
100060745169,50.9270388,-1.3649907
100060745170,50.9272334,-1.3644046
100060745171,50.9270837,-1.3649901
100060745172,50.9273144,-1.3644178
100060745173,50.9271286,-1.3649752
100060745174,50.9273685,-1.3644455
100060745175,50.9271735,-1.3649604
100060745176,50.9274408,-1.3645014
100060745177,50.9275039,-1.364529
100060745178,50.9275851,-1.3645706
100060745179,50.9273989,-1.3650712
100060745180,50.9276392,-1.3645983
100060745181,50.927471,-1.3650986
100060745182,50.9277384,-1.3646539
100060745183,50.9275342,-1.3651405
100060745184,50.9278016,-1.3646957
100060745185,50.9275973,-1.365168
100060745186,50.9278736,-1.3647232
100060745187,50.9276424,-1.3651959
100060745188,50.9279368,-1.364765
100060745189,50.9277145,-1.3652234
100060745190,50.9280089,-1.3647925
100060745191,50.9277957,-1.3652649
100060745192,50.928072,-1.3648201
100060745193,50.9278588,-1.3652925
100060745194,50.9281441,-1.3648475
100060745195,50.9279128,-1.365306
100060745196,50.9282073,-1.3648894
100060745197,50.927985,-1.365362
100060745198,50.9282614,-1.3649171
100060745199,50.9280391,-1.3653897
100060745200,50.9283247,-1.3649874
100060745201,50.9281113,-1.3654314
100060745202,50.9283969,-1.3650291
100060745203,50.9281745,-1.3654732
100060745204,50.9284689,-1.3650423
100060745205,50.9282463,-1.3654438
100060745206,50.9285411,-1.3650982
100060745207,50.9285411,-1.3650982
100060745208,50.9283094,-1.3654856
100060745209,50.9286042,-1.3651258
100060745210,50.9283635,-1.3654991
100060745211,50.9287937,-1.3652371
100060745212,50.9284356,-1.3655266
100060745213,50.9288388,-1.3652649
100060745214,50.9285168,-1.3655824
100060745215,50.92892,-1.3653065
100060745216,50.92858,-1.3656242
100060745217,50.9289741,-1.3653342
100060745218,50.9286341,-1.3656519
100060745219,50.9286972,-1.3656795
100060745220,50.9287783,-1.3657211
100060745221,50.9287783,-1.3657211
100060745222,50.9288506,-1.365777
100060745223,50.9288506,-1.365777
100060745224,50.9293342,-1.3654147
100060745225,50.9289135,-1.3657762
100060745226,50.9289135,-1.3657762
100060745227,50.9293793,-1.3654425
100060745228,50.9290397,-1.3658314
100060745229,50.9290397,-1.3658314
100060745230,50.9294609,-1.3655695
100060745231,50.929085,-1.3658877
100060745232,50.929085,-1.3658877
100060745233,50.9295061,-1.3655973
100060745234,50.9292203,-1.3659712
100060745235,50.9295786,-1.3657102
100060745236,50.9292745,-1.3660132
100060745237,50.9296326,-1.3657237
100060745238,50.9293195,-1.3660268
100060745239,50.9296963,-1.3658509
100060745240,50.929383,-1.3661113
100060745241,50.9297504,-1.3658786
100060745242,50.9294102,-1.3661678
100060745243,50.9298231,-1.3660199
100060745244,50.9298859,-1.3659906
100060745245,50.9295277,-1.3662801
100060745246,50.9318193,-1.3676577
100060745247,50.9295819,-1.366322
100060745248,50.9318738,-1.3677423
100060745249,50.9319369,-1.3677842
100060745250,50.9297722,-1.3665756
100060745251,50.9297722,-1.3665756
100060745252,50.9298173,-1.3666034
100060745253,50.9298173,-1.3666034
100060745254,50.9320002,-1.3678402
100060745255,50.9299167,-1.3667017
100060745256,50.9299167,-1.3667017
100060745257,50.929989,-1.3667576
100060745258,50.929989,-1.3667576
100060745259,50.9320634,-1.3678963
100060745260,50.9300883,-1.3668274
100060745261,50.9321267,-1.3679523
100060745262,50.9301605,-1.3668833
100060745263,50.9321809,-1.3679943
100060745264,50.9302959,-1.3669811
100060745265,50.9302325,-1.3668966
100060745266,50.9322351,-1.3680505
100060745267,50.9303503,-1.3670515
100060745268,50.9322806,-1.3681495
100060745269,50.9304134,-1.3670934
100060745270,50.9323527,-1.368177
100060745271,50.9304856,-1.3671351
100060745272,50.9324071,-1.3682474
100060745275,50.9324613,-1.3683036
100060745276,50.9307657,-1.3673874
100060745277,50.9307657,-1.3673874
100060745278,50.9325155,-1.3683455
100060745279,50.9308378,-1.3674149
100060745280,50.9325788,-1.3684158
100060745281,50.930946,-1.3674703
100060745282,50.932642,-1.3684577
100060745283,50.9310094,-1.3675406
100060745284,50.9326962,-1.3684996
100060745285,50.9311184,-1.3677384
100060745286,50.9310366,-1.3675829
100060745287,50.9327684,-1.3685556
100060745288,50.9312087,-1.3678083
100060745289,50.9328316,-1.3685974
100060745290,50.9312899,-1.3678641
100060745291,50.9328859,-1.3686678
100060745292,50.9313623,-1.3679485
100060745293,50.9329492,-1.3687239
100060745295,50.9330035,-1.3687943
100060745297,50.9330846,-1.3688217
100060745299,50.9330944,-1.3689638
100060745300,50.9317503,-1.3681994
100060745301,50.9331844,-1.3689769
100060745302,50.933123,-1.3692623
100060745303,50.9331324,-1.3693476
100060745304,50.9330887,-1.3695759
100060745305,50.9330892,-1.3696612
100060745306,50.9321483,-1.3686209
100060745307,50.9330904,-1.3698889
100060745308,50.9322025,-1.3686629
100060745309,50.9330904,-1.3698889
100060745310,50.9323017,-1.3687184
100060745311,50.9330906,-1.3699316
100060745312,50.9323829,-1.3687743
100060745313,50.9330906,-1.3699316
100060745314,50.9324283,-1.3688448
100060745315,50.9330742,-1.3702307
100060745316,50.9330742,-1.3702307
100060745317,50.9325548,-1.3689569
100060745318,50.9325548,-1.3689569
100060745319,50.9330744,-1.3702591
100060745320,50.9326181,-1.3690272
100060745321,50.9330744,-1.3702591
100060745322,50.9327537,-1.3691535
100060745323,50.9330313,-1.3706013
100060745324,50.9327541,-1.3692246
100060745325,50.9330233,-1.3708006
100060745326,50.9327458,-1.3693528
100060745327,50.93297,-1.3709152
100060745328,50.9327554,-1.3694665
100060745329,50.932774,-1.3695943
100060745330,50.9327744,-1.3696513
100060745331,50.9327572,-1.369808
100060745332,50.9327486,-1.3698793
100060745333,50.9331072,-1.3713403
100060745334,50.9327132,-1.3699794
100060745335,50.9327136,-1.3700506
100060745336,50.932714,-1.3701359
100060745337,50.9327055,-1.3702214
100060745338,50.932688,-1.3703071
100060745339,50.9326793,-1.3703641
100060745341,50.9354579,-1.3770296
100060745342,50.9357479,-1.3774527
100060745343,50.9358114,-1.3775515
100060745344,50.9359016,-1.3776072
100060745345,50.9359379,-1.3776637
100060745346,50.9360105,-1.3777765
100060745347,50.9360736,-1.3778184
100060745348,50.9361279,-1.3778746
100060745349,50.9361914,-1.3779734
100060745350,50.9362817,-1.3780433
100060745351,50.9363631,-1.3781276
100060745352,50.9363993,-1.3781841
100060745353,50.9364899,-1.3783109
100060745354,50.9364994,-1.3783962
100060745355,50.936518,-1.378524
100060745356,50.9364918,-1.3786667
100060745357,50.9364925,-1.3787948
100060745358,50.9364929,-1.378866
100060745359,50.936485,-1.3790653
100060745360,50.9364673,-1.3791225
100060745361,50.9326103,-1.37092
100062030057,50.9236619,-1.3859091
100062030058,50.9236619,-1.3859091
100062030059,50.9236619,-1.3859091
100062030060,50.9236619,-1.3859091
100062030061,50.922025,-1.3869289
100062030062,50.922025,-1.3869289
100062030063,50.922025,-1.3869289
100062030064,50.922025,-1.3869273
100062030065,50.922025,-1.3869289
100062030066,50.922025,-1.3869289
100062030067,50.9222406,-1.3867936
100062030068,50.9238974,-1.3862333
100062030069,50.9239064,-1.3862332
100062030070,50.9239064,-1.3862332
100062030073,50.924597,-1.3858826
100062030074,50.924597,-1.3858826
100062030075,50.924597,-1.3858826
100062030076,50.924597,-1.3858826
100062030077,50.9247105,-1.385255
100062030080,50.9249174,-1.3852523
100062030082,50.9249441,-1.3852093
100062030084,50.9239064,-1.3862332
100062030087,50.9222406,-1.3867943
100062030088,50.9240766,-1.3861029
100062030089,50.9241124,-1.3860882
100062030090,50.9241931,-1.3860302
100062030091,50.92422,-1.3860156
100062030200,50.9265988,-1.3717697
100062030201,50.9265988,-1.3717697
100062030202,50.9265988,-1.3717697
100062030350,50.9276063,-1.3751853
100062030351,50.9276063,-1.3751853
100062030352,50.9278181,-1.3744283
100062030353,50.9278181,-1.3744283
100062030354,50.9171213,-1.3752689
100062030355,50.9171213,-1.3752689
100062030356,50.9171213,-1.3752689
100062030718,50.9216315,-1.3897061
100062030719,50.9216315,-1.3897061
100062030720,50.9216315,-1.3897061
100062030721,50.9217483,-1.3896903
100062030722,50.9217483,-1.3896903
100062030724,50.9218471,-1.3896606
100062030725,50.9218471,-1.3896606
100062030726,50.9218471,-1.3896606
100062030727,50.9218471,-1.3896606
100062030730,50.9216315,-1.3897061
100062030731,50.9217483,-1.3896903
100062030735,50.9225927,-1.3895086
100062030736,50.9225927,-1.3895086
100062030737,50.9225927,-1.3895086
100062030738,50.9225927,-1.3895086
100062030740,50.9229253,-1.3894757
100062030741,50.9229253,-1.3894757
100062030742,50.9229253,-1.3894757
100062030743,50.9229253,-1.3894757
100062030744,50.9229253,-1.3894757
100062030746,50.9263442,-1.3880792
100062030747,50.9263442,-1.3880792
100062030748,50.9269621,-1.3876016
100062030749,50.9269621,-1.3876016
100062030750,50.9269981,-1.3876011
100062030751,50.9269981,-1.3876011
100062030819,50.9176273,-1.3824463
100062030820,50.9176841,-1.3812932
100062030821,50.9176841,-1.3812932
100062030829,50.9178377,-1.3797406
100062030830,50.9178377,-1.3797406
100062030831,50.9178377,-1.3797406
100062030832,50.9178377,-1.3797406
100062030833,50.9178377,-1.3797406
100062030835,50.9175752,-1.3760595
100062030836,50.9175752,-1.3760595
100062030837,50.9175832,-1.3758745
100062030839,50.9175186,-1.3755624
100062030842,50.9169302,-1.369823
100062030843,50.9164863,-1.3675529
100062030845,50.9161363,-1.3676857
100062030846,50.9161363,-1.3676857
100062030867,50.9182385,-1.3840742
100062030868,50.9182385,-1.3840742
100062030887,50.939627,-1.3865099
100062030888,50.939627,-1.3865099
100062030889,50.9250427,-1.3733842
100062030890,50.9255531,-1.3725275
100062030891,50.9255546,-1.3725252
100062030892,50.9255829,-1.3722683
100062030893,50.9256545,-1.3711992
100062030894,50.925656,-1.3712014
100062030895,50.9256545,-1.3712015
100062030896,50.9256546,-1.3712039
100062030897,50.9248505,-1.3727608
100062030898,50.9248505,-1.3727608
100062030899,50.9248505,-1.3727608
100062030900,50.9248505,-1.3727608
100062030901,50.9248505,-1.3727608
100062030902,50.9248505,-1.3727608
100062030903,50.9248505,-1.3727608
100062030904,50.9248505,-1.3727608
100062030905,50.9248505,-1.3727608
100062030906,50.9248505,-1.3727608
100062030907,50.9248505,-1.3727608
100062030908,50.9248505,-1.3727608
100062031021,50.9297783,-1.38617
100062031022,50.9297783,-1.38617
100062031023,50.9297783,-1.38617
100062031024,50.9297783,-1.38617
100062031025,50.9297783,-1.38617
100062031026,50.9297783,-1.38617
100062031079,50.9336061,-1.3838995
100062031080,50.9336244,-1.3839562
100062031081,50.9336061,-1.3838995
100062031082,50.9336244,-1.3839562
100062031083,50.9354428,-1.3894398
100062031084,50.934193,-1.3860549
100062031085,50.9344787,-1.3856669
100062031086,50.9345516,-1.3858367
100062031087,50.9351753,-1.3881482
100062031088,50.9351578,-1.3882481
100062031089,50.9351578,-1.3882481
100062031090,50.9351853,-1.3883473
100062031091,50.9351946,-1.3884041
100062031092,50.935231,-1.3884891
100062031093,50.935231,-1.3884891
100062031094,50.9354428,-1.3894398
100062031095,50.935461,-1.389468
100062031096,50.9354975,-1.3895814
100062031097,50.9354975,-1.3895814
100062031098,50.9355157,-1.3896238
100062031099,50.9355157,-1.3896238
100062031100,50.9355342,-1.389709
100062031101,50.9355342,-1.389709
100062031102,50.9355525,-1.3897657
100062031103,50.9355525,-1.3897657
100062031104,50.9355892,-1.3899075
100062031105,50.9355892,-1.3899075
100062031106,50.9356075,-1.3899642
100062031107,50.9356075,-1.3899642
100062031120,50.9354096,-1.3891243
100062031121,50.9354082,-1.3891266
100062031122,50.9354082,-1.3891219
100062031123,50.9354096,-1.3891243
100062031124,50.9398464,-1.3736973
100062031125,50.9398464,-1.3736973
100062031126,50.9398464,-1.3736973
100062031127,50.9398464,-1.3736973
100062031128,50.9398464,-1.3736973
100062031129,50.9398464,-1.3736973
100062031130,50.9398464,-1.3736973
100062031131,50.9398464,-1.3736973
100062031132,50.9398464,-1.3736973
100062031133,50.9398464,-1.3736973
100062031134,50.9398464,-1.3736973
100062031135,50.9398464,-1.3736973
100062031136,50.9398464,-1.3736973
100062031137,50.9398464,-1.3736973
100062031138,50.9398464,-1.3736973
100062031139,50.9398464,-1.3736973
100062031140,50.9398464,-1.3736973
100062031141,50.9398464,-1.3736973
100062031142,50.9398464,-1.3736973
100062031143,50.9398464,-1.3736973
100062031144,50.9398464,-1.3736973
100062031145,50.9398464,-1.3736973
100062031146,50.9398464,-1.3736973
100062031147,50.9398464,-1.3736973
100062031148,50.9398464,-1.3736973
100062031149,50.9398464,-1.3736973
100062031150,50.9398464,-1.3736973
100062031151,50.9398464,-1.3736973
100062031152,50.9398464,-1.3736973
100062031153,50.9398464,-1.3736973
100062031154,50.9398464,-1.3736973
100062031155,50.9398464,-1.3736973
100062031156,50.9398464,-1.3736973
100062031157,50.9398464,-1.3736973
100062031158,50.9398464,-1.3736973
100062031159,50.9398464,-1.3736973
100062031160,50.9398464,-1.3736973
100062031161,50.9398464,-1.3736973
100062031165,50.9130088,-1.3614265
100062031169,50.9194221,-1.3750105
100062031170,50.9194221,-1.3750105
100062031171,50.9194221,-1.3750105
100062031172,50.9194221,-1.3750105
100062031173,50.9194221,-1.3750105
100062031174,50.9194221,-1.3750105
100062031175,50.9191794,-1.3750422
100062031176,50.9210918,-1.374476
100062031178,50.9211517,-1.3739061
100062031179,50.9211517,-1.3739061
100062031180,50.9211517,-1.3739061
100062031181,50.9211517,-1.3739061
100062031182,50.9211517,-1.3739061
100062031183,50.9211517,-1.3739061
100062031184,50.9211517,-1.3739061
100062031185,50.9211517,-1.3739061
100062031186,50.9211517,-1.3739061
100062031187,50.9211517,-1.3739061
100062031189,50.9185059,-1.3752077
100062031190,50.9185059,-1.3752077
100062031191,50.9185059,-1.3752077
100062031192,50.9185059,-1.3752077
100062031193,50.9185059,-1.3752077
100062031194,50.9185059,-1.3752077
100062031195,50.9185059,-1.3752077
100062031196,50.9185059,-1.3752077
100062031197,50.9185059,-1.3752077
100062031198,50.9185059,-1.3752077
100062031199,50.9185059,-1.3752077
100062031200,50.9185059,-1.3752077
100062031201,50.9185059,-1.3752077
100062031202,50.9185059,-1.3752077
100062031203,50.9185059,-1.3752077
100062031204,50.9185059,-1.3752077
100062031205,50.9185059,-1.3752077
100062031206,50.9185059,-1.3752077
100062031207,50.9185059,-1.3752077
100062031208,50.9185059,-1.3752077
100062031209,50.9185059,-1.3752077
100062031210,50.9185059,-1.3752077
100062031239,50.9384122,-1.3897851
100062031240,50.9384382,-1.3895998
100062031241,50.9384382,-1.3895998
100062031242,50.9388809,-1.3814814
100062031243,50.9386615,-1.3808011
100062031487,50.9283228,-1.3679471
100062031488,50.9283228,-1.3679471
100062031489,50.9283228,-1.3679471
100062031490,50.9283228,-1.3679471
100062031491,50.9283228,-1.3679471
100062031492,50.9283228,-1.3679471
100062031493,50.9283228,-1.3679471
100062031494,50.9283228,-1.3679471
100062031495,50.9283228,-1.3679471
100062031643,50.9191899,-1.3786698
100062031644,50.9191899,-1.3786698
100062031786,50.9201915,-1.3726101
100062031788,50.9210835,-1.3729253
100062031789,50.9210835,-1.3729253
100062031790,50.9210835,-1.3729253
100062031791,50.9210835,-1.3729253
100062031792,50.9210835,-1.3729253
100062031793,50.9210835,-1.3729253
100062031794,50.9210835,-1.3729253
100062031795,50.919279,-1.3734902
100062031796,50.919279,-1.3734902
100062031797,50.9194372,-1.3728052
100062031798,50.9194372,-1.3728052
100062031799,50.9194372,-1.3728052
100062031800,50.9194372,-1.3728052
100062031801,50.9194372,-1.3728052
100062031802,50.9194372,-1.3728052
100062031803,50.9194372,-1.3728052
100062031804,50.9194372,-1.3728052
100062031805,50.9194372,-1.3728052
100062031806,50.9194372,-1.3728052
100062031807,50.9194372,-1.3728052
100062031808,50.9187279,-1.3730139
100062031809,50.9187279,-1.3730139
100062031810,50.9187279,-1.3730139
100062031811,50.9187279,-1.3730139
100062031812,50.9182154,-1.373035
100062031813,50.9182154,-1.373035
100062031814,50.9182154,-1.373035
100062031815,50.9182154,-1.373035
100062031816,50.9182154,-1.373035
100062031817,50.9182154,-1.373035
100062031818,50.9182154,-1.373035
100062031819,50.9182154,-1.373035
100062031820,50.9182154,-1.373035
100062031821,50.9182154,-1.373035
100062031822,50.9182154,-1.373035
100062031823,50.9182154,-1.373035
100062031824,50.9182154,-1.373035
100062031825,50.9182154,-1.373035
100062031826,50.9182154,-1.373035
100062031827,50.9182154,-1.373035
100062031828,50.9182154,-1.373035
100062031829,50.9182154,-1.373035
100062031830,50.9182154,-1.373035
100062031831,50.9182154,-1.373035
100062031832,50.9182154,-1.373035
100062031833,50.9184083,-1.3737864
100062031834,50.9184083,-1.3737864
100062031835,50.9184083,-1.3737864
100062031836,50.9184083,-1.3737864
100062031848,50.922638,-1.3727052
100062031849,50.922638,-1.3727052
100062031850,50.922638,-1.3727052
100062031851,50.922638,-1.3727052
100062031852,50.922638,-1.3727052
100062031853,50.922638,-1.3727052
100062031854,50.922638,-1.3727052
100062031855,50.922638,-1.3727052
100062031856,50.922638,-1.3727052
100062031857,50.922638,-1.3727052
100062031858,50.922638,-1.3727052
100062031859,50.922638,-1.3727052
100062031860,50.9225287,-1.3724506
100062031861,50.9225287,-1.3724506
100062031862,50.9225287,-1.3724506
100062031863,50.9225287,-1.3724506
100062031864,50.9225287,-1.3724506
100062031865,50.9225287,-1.3724506
100062031867,50.9215526,-1.3715247
100062031868,50.9215526,-1.3715247
100062031870,50.9215056,-1.3711412
100062031871,50.9215056,-1.3711412
100062031872,50.9227376,-1.3728319
100062031874,50.9242599,-1.376653
100062031875,50.9242596,-1.3765819
100062031876,50.9241372,-1.3761672
100062031877,50.9199647,-1.3722432
100062032264,50.9153214,-1.3716514
100062032265,50.9153214,-1.3716514
100062032571,50.9113477,-1.361876
100062032572,50.9113477,-1.361876
100062032573,50.9113477,-1.361876
100062032574,50.9113477,-1.361876
100062032575,50.9113477,-1.361876
100062032576,50.9113477,-1.361876
100062032577,50.9113477,-1.361876
100062032578,50.9113477,-1.361876
100062032579,50.9113477,-1.361876
100062032580,50.9113477,-1.361876
100062032581,50.9113477,-1.361876
100062032582,50.9113477,-1.361876
100062032583,50.9113477,-1.361876
100062032584,50.9113477,-1.361876
100062032585,50.9113477,-1.361876
100062032586,50.9113477,-1.361876
100062032667,50.9184771,-1.3815957
100062032668,50.9184771,-1.3815957
100062032670,50.9332397,-1.3708973
100062032671,50.9331774,-1.3710262
100062032672,50.9331242,-1.371155
100062032969,50.9115685,-1.3862532
100062032970,50.9115685,-1.3862532
100062032971,50.9115685,-1.3862532
100062032972,50.9115685,-1.3862532
100062032973,50.9115685,-1.3862532
100062032974,50.9115685,-1.3862532
100062032975,50.9115685,-1.3862532
100062032976,50.9115685,-1.3862532
100062032977,50.9115685,-1.3862532
100062032978,50.9115685,-1.3862532
100062032979,50.9115685,-1.3862532
100062032980,50.9115685,-1.3862532
100062032981,50.9115685,-1.3862532
100062032982,50.9115685,-1.3862532
100062032983,50.9115685,-1.3862532
100062032984,50.9115685,-1.3862532
100062032985,50.9115685,-1.3862532
100062032986,50.9115685,-1.3862532
100062032987,50.9115685,-1.3862532
100062032988,50.9115685,-1.3862532
100062032989,50.9115685,-1.3862532
100062032990,50.9115685,-1.3862532
100062032991,50.9115685,-1.3862532
100062032992,50.9115685,-1.3862532
100062032993,50.9115685,-1.3862532
100062032994,50.9115685,-1.3862532
100062032995,50.9115685,-1.3862532
100062032996,50.9115685,-1.3862532
100062032997,50.9115685,-1.3862532
100062032998,50.9115685,-1.3862532
100062033059,50.911662,-1.3869347
100062033060,50.911662,-1.3869347
100062033061,50.911662,-1.3869347
100062033062,50.911662,-1.3869347
100062033063,50.911662,-1.3869347
100062033064,50.911662,-1.3869347
100062033065,50.911662,-1.3869347
100062033066,50.911662,-1.3869347
100062033067,50.911662,-1.3869347
100062033068,50.911662,-1.3869347
100062033069,50.911662,-1.3869347
100062033088,50.9285155,-1.3871543
100062033089,50.9284702,-1.3870979
100062033090,50.928425,-1.3870416
100062033091,50.9283797,-1.3869853
100062033092,50.9283435,-1.3869431
100062033093,50.9282892,-1.3868727
100062033094,50.9282439,-1.3868163
100062033095,50.9281176,-1.3867326
100062033096,50.928082,-1.3868042
100062033097,50.9280554,-1.3868757
100062033098,50.9280289,-1.3869615
100062033099,50.9312854,-1.3888966
100062033100,50.9312854,-1.3888966
100062033101,50.9312854,-1.3888966
100062033102,50.9312854,-1.3888966
100062033103,50.9312854,-1.3888966
100062033104,50.9312854,-1.3888966
100062033105,50.9284239,-1.3885357
100062033106,50.9287042,-1.3888451
100062033108,50.9287042,-1.3888451
100062033109,50.9287042,-1.3888451
100062033110,50.9287042,-1.3888451
100062033111,50.9287042,-1.3888451
100062033112,50.9287042,-1.3888451
100062033113,50.9287042,-1.3888451
100062033114,50.9287042,-1.3888451
100062033115,50.9291243,-1.3883558
100062033116,50.9291243,-1.3883558
100062033117,50.9291243,-1.3883558
100062033118,50.9291243,-1.3883558
100062033119,50.9291243,-1.3883558
100062033120,50.9291243,-1.3883558
100062033121,50.9291243,-1.3883558
100062033122,50.9291243,-1.3883558
100062033123,50.9291243,-1.3883558
100062033165,50.9216914,-1.3756061
100062033166,50.9216822,-1.3755635
100062033167,50.9216822,-1.3755635
100062033168,50.9216822,-1.3755635
100062033169,50.9363425,-1.3827106
100062033170,50.9363425,-1.3827106
100062033186,50.9171499,-1.383989
100062033187,50.9171499,-1.383989
100062033188,50.9171499,-1.383989
100062033189,50.9171499,-1.383989
100062033215,50.9378327,-1.3805275
100062033216,50.9378327,-1.3805275
100062033217,50.9379673,-1.380483
100062033218,50.9379673,-1.380483
100062033219,50.9384226,-1.3798507
100062033220,50.9384226,-1.3798507
100062033432,50.9262972,-1.3725421
100062034290,50.9230914,-1.3851768
100062034292,50.9231183,-1.3851622
100062034318,50.9281649,-1.3837865
100062034319,50.9281649,-1.3837865
100062034320,50.9281649,-1.3837865
100062034321,50.9281649,-1.3837865
100062034322,50.9281649,-1.3837865
100062034323,50.9281649,-1.3837865
100062034324,50.9281649,-1.3837865
100062034325,50.9281649,-1.3837865
100062034326,50.9281649,-1.3837865
100062034327,50.9281649,-1.3837865
100062034328,50.9281649,-1.3837865
100062034329,50.9281649,-1.3837865
100062034330,50.9272925,-1.3837554
100062034331,50.9272925,-1.3837554
100062034332,50.9272925,-1.3837554
100062034333,50.9272925,-1.3837554
100062034334,50.9272925,-1.3837554
100062034433,50.9106413,-1.3877731
100062034434,50.9106413,-1.3877731
100062034435,50.9106413,-1.3877731
100062034436,50.9106413,-1.3877731
100062034437,50.9106413,-1.3877731
100062034438,50.9106413,-1.3877731
100062034439,50.9106413,-1.3877731
100062034440,50.9106413,-1.3877731
100062034441,50.9106413,-1.3877731
100062034442,50.9106413,-1.3877731
100062034443,50.9106413,-1.3877731
100062034444,50.9103937,-1.3885729
100062034445,50.9103937,-1.3885729
100062034446,50.9103937,-1.3885729
100062034447,50.9103937,-1.3885729
100062034448,50.9103937,-1.3885729
100062034449,50.9103937,-1.3885729
100062034450,50.9103937,-1.3885729
100062034451,50.9103937,-1.3885729
100062034452,50.9103937,-1.3885729
100062034453,50.9103937,-1.3885729
100062034454,50.9103937,-1.3885729
100062034455,50.9102353,-1.3875367
100062034456,50.9102353,-1.3875367
100062034457,50.9102353,-1.3875367
100062034458,50.9102353,-1.3875367
100062034459,50.9102353,-1.3875367
100062034460,50.9102353,-1.3875367
100062034461,50.9102353,-1.3875367
100062034462,50.9102353,-1.3875367
100062034463,50.9102353,-1.3875367
100062034464,50.9102353,-1.3875367
100062034465,50.9102353,-1.3875367
100062034466,50.9102353,-1.3875367
100062034467,50.9102353,-1.3875367
100062034468,50.9102353,-1.3875367
100062034469,50.9102353,-1.3875367
100062034470,50.9102353,-1.3875367
100062034478,50.910429,-1.3867518
100062034479,50.910429,-1.3867518
100062034480,50.910429,-1.3867518
100062034481,50.910429,-1.3867518
100062034482,50.910429,-1.3867518
100062034483,50.910429,-1.3867518
100062034484,50.910429,-1.3867518
100062034485,50.910429,-1.3867518
100062034486,50.910429,-1.3867518
100062034487,50.910429,-1.3867518
100062034488,50.910429,-1.3867518
100062034489,50.910429,-1.3867518
100062034490,50.910429,-1.3867518
100062034491,50.910429,-1.3867518
100062034492,50.910429,-1.3867518
100062034493,50.910429,-1.3867518
100062034494,50.910429,-1.3867518
100062034495,50.910429,-1.3867518
100062034496,50.910429,-1.3867518
100062034497,50.910429,-1.3867518
100062034498,50.910429,-1.3867518
100062034499,50.910429,-1.3867518
100062034500,50.910429,-1.3867518
100062034501,50.910429,-1.3867518
100062034502,50.910429,-1.3867518
100062034503,50.910429,-1.3867518
100062034504,50.910429,-1.3867518
100062034505,50.910429,-1.3867518
100062034506,50.910429,-1.3867518
100062034507,50.910429,-1.3867518
100062034508,50.910429,-1.3867518
100062034509,50.910429,-1.3867518
100062034510,50.910429,-1.3867518
100062034511,50.910429,-1.3867518
100062034512,50.910429,-1.3867518
100062034513,50.910429,-1.3867518
100062034514,50.910429,-1.3867518
100062034515,50.910429,-1.3867518
100062034516,50.910921,-1.3879686
100062034517,50.910921,-1.3879686
100062034518,50.910921,-1.3879686
100062034519,50.910921,-1.3879686
100062034520,50.910921,-1.3879686
100062034521,50.910921,-1.3879686
100062034522,50.910921,-1.3879686
100062034523,50.910921,-1.3879686
100062034524,50.910921,-1.3879686
100062034525,50.910921,-1.3879686
100062034526,50.910921,-1.3879686
100062034527,50.9106074,-1.3881719
100062034528,50.9106074,-1.3881719
100062034529,50.9106074,-1.3881719
100062034530,50.9106074,-1.3881719
100062034531,50.9106074,-1.3881719
100062034532,50.9106074,-1.3881719
100062034533,50.9106074,-1.3881719
100062034534,50.9106074,-1.3881719
100062034535,50.9106074,-1.3881719
100062034536,50.9106074,-1.3881719
100062034537,50.9106074,-1.3881719
100062034551,50.9105865,-1.3859248
100062034552,50.9105865,-1.3859248
100062034553,50.9105865,-1.3859248
100062034554,50.9105865,-1.3859248
100062034555,50.9105865,-1.3859248
100062034556,50.9105865,-1.3859248
100062034557,50.9105865,-1.3859248
100062034558,50.9105865,-1.3859248
100062034559,50.9105865,-1.3859248
100062034560,50.9105865,-1.3859248
100062034561,50.9105865,-1.3859248
100062034562,50.9103184,-1.3879338
100062034563,50.9103184,-1.3879338
100062034564,50.9103184,-1.3879338
100062034565,50.9103184,-1.3879338
100062034566,50.9103184,-1.3879338
100062034567,50.9103184,-1.3879338
100062034568,50.9103184,-1.3879338
100062034569,50.9103184,-1.3879338
100062034570,50.9103184,-1.3879338
100062034571,50.9103184,-1.3879338
100062034572,50.9103184,-1.3879338
100062034573,50.9108759,-1.3862339
100062034574,50.9108759,-1.3862339
100062034575,50.9108759,-1.3862339
100062034576,50.9108759,-1.3862339
100062034577,50.9108759,-1.3862339
100062034578,50.9108759,-1.3862339
100062034579,50.9108759,-1.3862339
100062034580,50.9108759,-1.3862339
100062034581,50.9108759,-1.3862339
100062034582,50.9108759,-1.3862339
100062034583,50.9108759,-1.3862339
100062034584,50.9108759,-1.3862339
100062034585,50.9108759,-1.3862339
100062034586,50.9108759,-1.3862339
100062034587,50.9108759,-1.3862339
100062034588,50.9108759,-1.3862339
100062034589,50.9108759,-1.3862339
100062034590,50.9108759,-1.3862339
100062034591,50.9108759,-1.3862339
100062034592,50.9108759,-1.3862339
100062034593,50.9108759,-1.3862339
100062034594,50.9108759,-1.3862339
100062034595,50.9108759,-1.3862339
100062034596,50.9108759,-1.3862339
100062034597,50.9108759,-1.3862339
100062034598,50.9108759,-1.3862339
100062034599,50.9108759,-1.3862339
100062034600,50.9108759,-1.3862339
100062034601,50.9108759,-1.3862339
100062034602,50.9108759,-1.3862339
100062034603,50.9108759,-1.3862339
100062034604,50.9108759,-1.3862339
100062034605,50.9108759,-1.3862339
100062034606,50.9108759,-1.3862339
100062034607,50.9108759,-1.3862339
100062034608,50.9108759,-1.3862339
100062034609,50.9108759,-1.3862339
100062034610,50.9108759,-1.3862339
100062034611,50.9102176,-1.3858727
100062034612,50.9102176,-1.3858727
100062034613,50.9102176,-1.3858727
100062034614,50.9102176,-1.3858727
100062034615,50.9102176,-1.3858727
100062034616,50.9102176,-1.3858727
100062034617,50.9102176,-1.3858727
100062034618,50.9102176,-1.3858727
100062034619,50.9102176,-1.3858727
100062034620,50.9102176,-1.3858727
100062034621,50.9102176,-1.3858727
100062034622,50.9102176,-1.3858727
100062034623,50.9102176,-1.3858727
100062034624,50.9102176,-1.3858727
100062034625,50.9102176,-1.3858727
100062034626,50.9102176,-1.3858727
100062034627,50.9103866,-1.3855291
100062034628,50.9103866,-1.3855291
100062034629,50.9103866,-1.3855291
100062034630,50.9103866,-1.3855291
100062034631,50.9103866,-1.3855291
100062034632,50.9103866,-1.3855291
100062034633,50.9103866,-1.3855291
100062034634,50.9103866,-1.3855291
100062034635,50.9103866,-1.3855291
100062034636,50.9103866,-1.3855291
100062034637,50.9103866,-1.3855291
100062034638,50.9103866,-1.3855291
100062034639,50.9103866,-1.3855291
100062034640,50.9103866,-1.3855291
100062034641,50.9108915,-1.3874854
100062034642,50.9108915,-1.3874854
100062034643,50.9108915,-1.3874854
100062034644,50.9108915,-1.3874854
100062034645,50.9108915,-1.3874854
100062034646,50.9108915,-1.3874854
100062034647,50.9108915,-1.3874854
100062034648,50.9108915,-1.3874854
100062034649,50.9108915,-1.3874854
100062034650,50.9108915,-1.3874854
100062034651,50.9108915,-1.3874854
100062034652,50.9108915,-1.3874854
100062034653,50.9108915,-1.3874854
100062034654,50.9108915,-1.3874854
100062034655,50.910041,-1.3881935
100062034656,50.910041,-1.3881935
100062034657,50.910041,-1.3881935
100062034658,50.910041,-1.3881935
100062034659,50.910041,-1.3881935
100062034660,50.910041,-1.3881935
100062034661,50.910041,-1.3881935
100062034662,50.910041,-1.3881935
100062034663,50.910041,-1.3881935
100062034664,50.910041,-1.3881935
100062034665,50.910041,-1.3881935
100062034993,50.9374996,-1.3821402
100062035137,50.927096,-1.3622864
100062035138,50.927096,-1.3622864
100062035139,50.927096,-1.3622864
100062035140,50.927096,-1.3622864
100062035141,50.927096,-1.3622864
100062035179,50.9391979,-1.3735068
100062035180,50.9391979,-1.3735068
100062035181,50.9391979,-1.3735068
100062035182,50.9391979,-1.3735068
100062035183,50.9391979,-1.3735068
100062035184,50.9391979,-1.3735068
100062035185,50.9391979,-1.3735068
100062035186,50.9391979,-1.3735068
100062035187,50.9391979,-1.3735068
100062035188,50.9391979,-1.3735068
100062035189,50.9391979,-1.3735068
100062035190,50.9391979,-1.3735068
100062035191,50.9391979,-1.3735068
100062035192,50.9391979,-1.3735068
100062035193,50.9391979,-1.3735068
100062035194,50.9391979,-1.3735068
100062035195,50.9391979,-1.3735068
100062035196,50.9391979,-1.3735068
100062035197,50.9391979,-1.3735068
100062035198,50.9391979,-1.3735068
100062035199,50.9391979,-1.3735068
100062035200,50.9391979,-1.3735068
100062035201,50.9391979,-1.3735068
100062035202,50.9391979,-1.3735068
100062035203,50.9391979,-1.3735068
100062035204,50.9391979,-1.3735068
100062035205,50.9391979,-1.3735068
100062035206,50.9391979,-1.3735068
100062035207,50.9391979,-1.3735068
100062035208,50.9391979,-1.3735068
100062035209,50.9391979,-1.3735068
100062035210,50.9391979,-1.3735068
100062035211,50.9391979,-1.3735068
100062035212,50.9391979,-1.3735068
100062035213,50.9391979,-1.3735068
100062035214,50.9391979,-1.3735068
100062035215,50.9391979,-1.3735068
100062035216,50.9391979,-1.3735068
100062035217,50.9391979,-1.3735068
100062035218,50.9391979,-1.3735068
100062035219,50.9391979,-1.3735068
100062035220,50.9391979,-1.3735068
100062035221,50.9391979,-1.3735068
100062035222,50.9391979,-1.3735068
100062035223,50.9391979,-1.3735068
100062035224,50.9391979,-1.3735068
100062035226,50.9391979,-1.3735068
100062035227,50.9391979,-1.3735068
100062035228,50.9391979,-1.3735068
100062035229,50.9391979,-1.3735068
100062035230,50.9391979,-1.3735068
100062035231,50.9391979,-1.3735068
100062035232,50.9391979,-1.3735068
100062035233,50.9391979,-1.3735068
100062035234,50.9391979,-1.3735068
100062035235,50.9391979,-1.3735068
100062035236,50.9387635,-1.372986
100062035237,50.9387635,-1.372986
100062035238,50.9387635,-1.372986
100062035239,50.9387635,-1.372986
100062035240,50.9387635,-1.372986
100062035241,50.9387635,-1.372986
100062035242,50.9387635,-1.372986
100062035243,50.9387635,-1.372986
100062035244,50.9387635,-1.372986
100062035245,50.9387635,-1.372986
100062035246,50.9387635,-1.372986
100062035247,50.9387635,-1.372986
100062035248,50.9387635,-1.372986
100062035249,50.9387635,-1.372986
100062035250,50.9387635,-1.372986
100062035251,50.9387635,-1.372986
100062035252,50.9387635,-1.372986
100062035253,50.9387635,-1.372986
100062035254,50.9387635,-1.372986
100062035255,50.9387635,-1.372986
100062035256,50.9387635,-1.372986
100062035257,50.9387635,-1.372986
100062035258,50.9387635,-1.372986
100062035259,50.9387635,-1.372986
100062035260,50.9387635,-1.372986
100062035261,50.9387635,-1.372986
100062035262,50.9387635,-1.372986
100062035263,50.9387635,-1.372986
100062035264,50.9387635,-1.372986
100062035265,50.9387635,-1.372986
100062035266,50.9387635,-1.372986
100062035267,50.9387635,-1.372986
100062035268,50.9387635,-1.372986
100062035381,50.9207647,-1.3755189
100062035382,50.9188826,-1.3766964
100062035383,50.9188826,-1.3766964
100062035423,50.931484,-1.3755317
100062035432,50.9396145,-1.3657015
100062035433,50.9395693,-1.3656737
100062035493,50.9199919,-1.3706068
100062035494,50.9199919,-1.3706068
100062035495,50.9227249,-1.3687915
100062035496,50.9227249,-1.3687915
100062035497,50.9227249,-1.3687915
100062035498,50.9227249,-1.3687915
100062035499,50.9227249,-1.3687915
100062035500,50.9227249,-1.3687915
100062035501,50.9227249,-1.3687915
100062035502,50.9227249,-1.3687915
100062035503,50.9227249,-1.3687915
100062035504,50.9227249,-1.3687915
100062035505,50.9225464,-1.3690357
100062035506,50.9225464,-1.3690357
100062035507,50.9225464,-1.3690357
100062035508,50.9225464,-1.3690357
100062035509,50.9225464,-1.3690357
100062035510,50.9225464,-1.3690357
100062035511,50.9225464,-1.3690357
100062035512,50.9225464,-1.3690357
100062035513,50.9225464,-1.3690357
100062035514,50.9224755,-1.3692359
100062035515,50.9224755,-1.3692359
100062035516,50.9224755,-1.3692359
100062035517,50.9224755,-1.3692359
100062035518,50.9224755,-1.3692359
100062035519,50.9224755,-1.3692359
100062035520,50.9224755,-1.3692359
100062035521,50.9224755,-1.3692359
100062035522,50.9224755,-1.3692359
100062035523,50.9224755,-1.3692359
100062035524,50.9224755,-1.3692359
100062035525,50.9224755,-1.3692359
100062036001,50.9211297,-1.3664798
100062036002,50.9211297,-1.3664798
100062036003,50.9211297,-1.3664798
100062036004,50.9211297,-1.3664798
100062036005,50.9211297,-1.3664798
100062036006,50.9211297,-1.3664798
100062036007,50.9211297,-1.3664798
100062036008,50.9211297,-1.3664798
100062036009,50.9211297,-1.3664798
100062036010,50.9211297,-1.3664798
100062036011,50.9211297,-1.3664798
100062036012,50.9211297,-1.3664798
100062036013,50.9211297,-1.3664798
100062036014,50.9211297,-1.3664798
100062036028,50.9275179,-1.373792
100062036029,50.9275179,-1.373792
100062036030,50.9275179,-1.373792
100062036031,50.9275179,-1.373792
100062036044,50.9258554,-1.3679535
100062036045,50.9258554,-1.3679535
100062036046,50.9258554,-1.3679535
100062036090,50.912742,-1.3871055
100062036106,50.9102901,-1.3893993
100062036107,50.9103348,-1.3893418
100062036108,50.9103348,-1.3893418
100062036109,50.9103348,-1.3893418
100062036110,50.9103348,-1.3893418
100062036111,50.9103348,-1.3893418
100062036112,50.9103348,-1.3893418
100062036113,50.9103348,-1.3893418
100062036114,50.9103348,-1.3893418
100062036115,50.9101972,-1.3888315
100062036116,50.9101972,-1.3888315
100062036117,50.9101972,-1.3888315
100062036118,50.9101972,-1.3888315
100062036119,50.9101972,-1.3888315
100062036120,50.9101972,-1.3888315
100062036121,50.9101972,-1.3888315
100062036122,50.9101972,-1.3888315
100062036123,50.9105767,-1.3891822
100062036124,50.9105767,-1.3891822
100062036126,50.912742,-1.3871055
100062036133,50.9119092,-1.3877707
100062036159,50.9306157,-1.3863867
100062036160,50.9306157,-1.3863867
100062036332,50.9283818,-1.3755733
100062036333,50.9283818,-1.3755733
100062036801,50.9258805,-1.387132
100062036802,50.9258805,-1.387132
100062036803,50.9258805,-1.387132
100062036804,50.9258805,-1.387132
100062036805,50.9258805,-1.387132
100062036806,50.9258805,-1.387132
100062036807,50.9253248,-1.3874666
100062036808,50.9253696,-1.3874517
100062036809,50.9254145,-1.3874369
100062036810,50.9254503,-1.387408
100062036811,50.9254952,-1.3873932
100062036812,50.925522,-1.3873644
100062037073,50.9235583,-1.3799633
100062037074,50.9235583,-1.3799633
100062037075,50.9235583,-1.3799633
100062037076,50.9235583,-1.3799633
100062037077,50.9236602,-1.380531
100062037078,50.9236602,-1.380531
100062037079,50.9236602,-1.380531
100062037214,50.9276499,-1.3867245
100062037215,50.9278196,-1.3865089
100062037216,50.9275834,-1.3894716
100062037217,50.9275834,-1.3894716
100062037218,50.9275834,-1.3894716
100062037219,50.9275834,-1.3894716
100062037220,50.9275834,-1.3894716
100062037221,50.9275834,-1.3894716
100062037222,50.9282238,-1.3864182
100062037223,50.9282238,-1.3864182
100062037224,50.9282688,-1.3864176
100062037225,50.9282688,-1.3864176
100062037230,50.929316,-1.3854931
100062037238,50.9295318,-1.385476
100062037239,50.9295318,-1.385476
100062037240,50.9295318,-1.385476
100062037241,50.9295318,-1.385476
100062037242,50.9295318,-1.385476
100062037243,50.9297566,-1.385473
100062037244,50.9297566,-1.385473
100062037245,50.9297566,-1.385473
100062037246,50.9297566,-1.385473
100062037247,50.9297566,-1.385473
100062037248,50.9297566,-1.385473
100062037249,50.9297566,-1.385473
100062037250,50.9334113,-1.3827779
100062037252,50.9298739,-1.3855569
100062037253,50.9298739,-1.3855569
100062037254,50.9310505,-1.3852852
100062037255,50.9310505,-1.3852852
100062037256,50.9311314,-1.3852699
100062037257,50.9311314,-1.3852699
100062037258,50.9311314,-1.3852699
100062037259,50.9338188,-1.3833133
100062037260,50.9338188,-1.3833133
100062037262,50.9359658,-1.381207
100062037263,50.9359658,-1.381207
100062037264,50.9359658,-1.381207
100062037265,50.9359658,-1.381207
100062037266,50.9359658,-1.381207
100062037267,50.9361898,-1.3810475
100062037268,50.9361898,-1.3810475
100062037269,50.9361898,-1.3810475
100062037270,50.9365844,-1.380843
100062037273,50.9365844,-1.380843
100062037274,50.9337868,-1.3823602
100062037275,50.9337868,-1.3823602
100062037276,50.928209,-1.3853085
100062037277,50.928209,-1.3853085
100062037278,50.9282359,-1.3853081
100062037279,50.9278248,-1.3874764
100062037280,50.9278248,-1.3874764
100062037281,50.9278248,-1.3874764
100062037282,50.9278248,-1.3874764
100062037283,50.9278248,-1.3874764
100062037284,50.9278248,-1.3874764
100062037285,50.9278248,-1.3874764
100062037319,50.9319917,-1.3847178
100062037320,50.9319917,-1.3847178
100062037321,50.9319917,-1.3847178
100062037322,50.9319917,-1.3847178
100062037323,50.9319917,-1.3847178
100062037324,50.9319917,-1.3847178
100062037325,50.9319917,-1.3847178
100062037326,50.9319917,-1.3847178
100062037327,50.9319917,-1.3847178
100062037328,50.9319917,-1.3847178
100062037329,50.9319917,-1.3847178
100062037330,50.9319917,-1.3847178
100062037349,50.9116882,-1.3833812
100062037350,50.9264267,-1.3816041
100062037351,50.9207309,-1.3877403
100062037352,50.922148,-1.3836385
100062037356,50.9264267,-1.3816041
100062037357,50.9166901,-1.3820746
100062037463,50.9186914,-1.3796296
100062037464,50.91852,-1.3795181
100062037465,50.91852,-1.3795181
100062037471,50.9125762,-1.3628976
100062037472,50.9125762,-1.3628976
100062037473,50.9125762,-1.3628976
100062037474,50.9125762,-1.3628976
100062037475,50.9125762,-1.3628976
100062037477,50.9125762,-1.3628976
100062037479,50.9114398,-1.3672515
100062038074,50.9329431,-1.3843637
100062038075,50.9329431,-1.3843637
100062038076,50.9329431,-1.3843637
100062038077,50.9328884,-1.3842221
100062038078,50.9328884,-1.3842221
100062038079,50.9328884,-1.3842221
100062038121,50.9228528,-1.3859625
100062038122,50.9228528,-1.3859625
100062038123,50.9228528,-1.3859625
100062038124,50.9228528,-1.3859625
100062038125,50.9228528,-1.3859625
100062038126,50.9228528,-1.3859625
100062038240,50.9241579,-1.3744063
100062038241,50.9241579,-1.3744063
100062038242,50.9241966,-1.374918
100062038243,50.9241966,-1.374918
100062038244,50.9241966,-1.374918
100062038245,50.9241966,-1.374918
100062038246,50.9244095,-1.3743745
100062038251,50.9253287,-1.3747179
100062038252,50.9253737,-1.3747315
100062038257,50.9238749,-1.3752781
100062038258,50.9238387,-1.3752359
100062038259,50.9238115,-1.3752078
100062038260,50.9237752,-1.3751513
100062038261,50.9237391,-1.3751091
100062038262,50.9236938,-1.3750528
100062038263,50.9236665,-1.3749963
100062038264,50.9236393,-1.374954
100062038265,50.923585,-1.3748978
100062038266,50.9253653,-1.3849334
100062038267,50.9252086,-1.3876104
100062038268,50.9251989,-1.3874825
100062038272,50.9253653,-1.3849334
100062038274,50.9250609,-1.3851935
100062038275,50.9250609,-1.3851935
100062038277,50.9250609,-1.3851935
100062038278,50.9253331,-1.383952
100062038279,50.9253331,-1.383952
100062038280,50.9244658,-1.3815163
100062038281,50.9244107,-1.3813036
100062038283,50.9247172,-1.3814418
100062038587,50.9236188,-1.3744847
100062038588,50.9236188,-1.3744847
100062038589,50.9236188,-1.3744847
100062038595,50.9243888,-1.3721837
100062038596,50.9243888,-1.3721837
100062038597,50.9243888,-1.3721837
100062038598,50.9243888,-1.3721837
100062038735,50.9119783,-1.3889362
100062038736,50.9119783,-1.3889362
100062038737,50.9120071,-1.3892915
100062038738,50.9120071,-1.3892915
100062038756,50.9196061,-1.3808267
100062038757,50.9196061,-1.3808267
100062038758,50.9196061,-1.3808267
100062038759,50.9196061,-1.3808267
100062038760,50.9196061,-1.3808267
100062038761,50.9196061,-1.3808267
100062038762,50.9196061,-1.3808267
100062038763,50.9196061,-1.3808267
100062038764,50.9196061,-1.3808267
100062038765,50.9197541,-1.3812237
100062038766,50.9197526,-1.3812237
100062038767,50.9197511,-1.3812237
100062038768,50.9197511,-1.3812237
100062038769,50.9197511,-1.3812237
100062038770,50.9197511,-1.3812213
100062038771,50.9197511,-1.3812213
100062038772,50.9197526,-1.3812237
100062038773,50.9197511,-1.3812237
100062038774,50.9197511,-1.3812213
100062038775,50.9197511,-1.3812237
100062038776,50.9193488,-1.3814846
100062038777,50.9193488,-1.3814846
100062039715,50.9230137,-1.3756738
100062039716,50.9230137,-1.3756738
100062040197,50.9306306,-1.3673465
100062040198,50.9305855,-1.3673187
100062040199,50.9305493,-1.3672765
100062040200,50.9305493,-1.3672765
100062040259,50.9114954,-1.3843481
100062040260,50.9114954,-1.3843481
100062040261,50.9110563,-1.3846242
100062040262,50.9110563,-1.3846242
100062040263,50.9110563,-1.3846242
100062040264,50.9110563,-1.3846242
100062040265,50.9110563,-1.3846242
100062040266,50.9110563,-1.3846242
100062040267,50.9110563,-1.3846242
100062040268,50.9110563,-1.3846242
100062040269,50.9110563,-1.3846242
100062040270,50.9110563,-1.3846242
100062040271,50.9110563,-1.3846242
100062040272,50.9110563,-1.3846242
100062040273,50.9110563,-1.3846242
100062040274,50.9110563,-1.3846242
100062040275,50.9115472,-1.3856276
100062040276,50.9115472,-1.3856276
100062040277,50.9115472,-1.3856276
100062040278,50.9115472,-1.3856276
100062040279,50.9115472,-1.3856276
100062040280,50.9115472,-1.3856276
100062040281,50.9115472,-1.3856276
100062040282,50.9115472,-1.3856276
100062040283,50.9115472,-1.3856276
100062040284,50.9115472,-1.3856276
100062040285,50.9115472,-1.3856276
100062040286,50.9115472,-1.3856276
100062040287,50.9115472,-1.3856276
100062040288,50.9115472,-1.3856276
100062040289,50.9115472,-1.3856276
100062040290,50.9115472,-1.3856276
100062040291,50.9115472,-1.3856276
100062040292,50.9115472,-1.3856276
100062040293,50.9115472,-1.3856276
100062040294,50.9115472,-1.3856276
100062040295,50.9115472,-1.3856276
100062040296,50.9115472,-1.3856276
100062040297,50.9115472,-1.3856276
100062040298,50.9115472,-1.3856276
100062040299,50.9115472,-1.3856276
100062040300,50.9115472,-1.3856276
100062040301,50.9115472,-1.3856276
100062040302,50.9115472,-1.3856276
100062040303,50.9115472,-1.3856276
100062040304,50.9115472,-1.3856276
100062040305,50.9115258,-1.3849878
100062040306,50.9115258,-1.3849878
100062040307,50.9115258,-1.3849878
100062040308,50.9115258,-1.3849878
100062040309,50.9115258,-1.3849878
100062040310,50.9115258,-1.3849878
100062040311,50.9115258,-1.3849878
100062040312,50.9115258,-1.3849878
100062040313,50.9115258,-1.3849878
100062040314,50.9115258,-1.3849878
100062040315,50.9115258,-1.3849878
100062040316,50.9115258,-1.3849878
100062040317,50.9115258,-1.3849878
100062040318,50.9115258,-1.3849878
100062040319,50.9115258,-1.3849878
100062040320,50.9115258,-1.3849878
100062040321,50.9115258,-1.3849878
100062040322,50.9115258,-1.3849878
100062040323,50.9115258,-1.3849878
100062040324,50.9115258,-1.3849878
100062040325,50.9115258,-1.3849878
100062040326,50.9115258,-1.3849878
100062040327,50.9115258,-1.3849878
100062040328,50.9115258,-1.3849878
100062040329,50.9115258,-1.3849878
100062040330,50.9115258,-1.3849878
100062040331,50.9115258,-1.3849878
100062040332,50.9115258,-1.3849878
100062040333,50.9115258,-1.3849878
100062040334,50.9115258,-1.3849878
100062040335,50.9109165,-1.3853941
100062040336,50.9109165,-1.3853941
100062040337,50.9109165,-1.3853941
100062040338,50.9109165,-1.3853941
100062040339,50.9109165,-1.3853941
100062040340,50.9109165,-1.3853941
100062040341,50.9109165,-1.3853941
100062040342,50.9109165,-1.3853941
100062040343,50.9109165,-1.3853941
100062040344,50.9109165,-1.3853941
100062040345,50.9109165,-1.3853941
100062040346,50.9109165,-1.3853941
100062040347,50.9109165,-1.3853941
100062040348,50.9109165,-1.3853941
100062040349,50.9114954,-1.3843481
100062040350,50.9114954,-1.3843481
100062040351,50.9114954,-1.3843481
100062040352,50.9114954,-1.3843481
100062040353,50.9114954,-1.3843481
100062040354,50.9114954,-1.3843481
100062040355,50.9114954,-1.3843481
100062040356,50.9114954,-1.3843481
100062040357,50.9114954,-1.3843481
100062040358,50.9114954,-1.3843481
100062040359,50.9114954,-1.3843481
100062040360,50.9114954,-1.3843481
100062040361,50.9114954,-1.3843481
100062040362,50.9114954,-1.3843481
100062040363,50.9114954,-1.3843481
100062040364,50.9114954,-1.3843481
100062040365,50.9114954,-1.3843481
100062040366,50.9114954,-1.3843481
100062040367,50.9114954,-1.3843481
100062040368,50.9114954,-1.3843481
100062040369,50.9114954,-1.3843481
100062040370,50.9114954,-1.3843481
100062040371,50.9114954,-1.3843481
100062040372,50.9114954,-1.3843481
100062040373,50.9114954,-1.3843481
100062040374,50.9114954,-1.3843481
100062040375,50.9114954,-1.3843481
100062040376,50.9114954,-1.3843481
100062500531,50.9145638,-1.3899818
100062500560,50.9102474,-1.3898265
100062500577,50.912742,-1.3871055
100062500727,50.9104809,-1.3897666
100062500729,50.9119783,-1.3889362
100062500730,50.9120071,-1.3892915
100062500731,50.9122585,-1.3896688
100062500732,50.9112139,-1.3872251
100062500733,50.9112412,-1.3872959
100062500734,50.9112685,-1.3873524
100062500735,50.9113049,-1.3874231
100062500736,50.9113321,-1.3874796
100062500737,50.9113504,-1.3875362
100062500738,50.9113777,-1.3875928
100062500739,50.911414,-1.3876634
100062500740,50.9114323,-1.3877201
100062500741,50.9114596,-1.3877766
100062500742,50.9114868,-1.3878189
100062500743,50.9115141,-1.3878897
100062500744,50.9115414,-1.3879462
100062500745,50.9116851,-1.3879017
100062500746,50.9116851,-1.3879017
100062500748,50.9102901,-1.3893993
100062500749,50.9103348,-1.3893418
100062500750,50.9105767,-1.3891822
100062500795,50.9115824,-1.3888582
100062500798,50.9133145,-1.3865432
100062500935,50.9115545,-1.3887142
100062500959,50.9112431,-1.3871033
100062500960,50.9112413,-1.3871061
100062500961,50.9112402,-1.3870968
100062500962,50.9112765,-1.3871674
100062500963,50.9113038,-1.3872239
100062500964,50.9113221,-1.3872806
100062500965,50.9113495,-1.3873656
100062500966,50.9113767,-1.3874079
100062500967,50.9114041,-1.3874786
100062500968,50.9114313,-1.3875352
100062500969,50.9114586,-1.3875917
100062500970,50.9114948,-1.3876339
100062500971,50.9115132,-1.3877048
100062500972,50.9115404,-1.3877613
100062500973,50.9115677,-1.3878179
100062500974,50.9116129,-1.38786
100062500975,50.9116129,-1.38786
100062500976,50.9116576,-1.3878167
100062500977,50.9116576,-1.3878167
100062500983,50.92193,-1.3883221
100062500984,50.9107471,-1.3890804
100062501013,50.9117173,-1.388897
100062501053,50.9104605,-1.3893117
100062501054,50.9104605,-1.3893117
100062501055,50.9104605,-1.3893117
100062501056,50.9104605,-1.3893117
100062501057,50.9104605,-1.3893117
100062501058,50.9104605,-1.3893117
100062501059,50.9104605,-1.3893117
100062501081,50.911161,-1.3891318
100062501110,50.9117537,-1.3898256
100062501111,50.9122585,-1.3896688
100062501116,50.9134313,-1.3848205
100062502308,50.9105176,-1.3814025
100062502312,50.9121762,-1.3852275
100062502320,50.9102606,-1.3831176
100062502327,50.9120272,-1.3845829
100062502337,50.9122094,-1.3833288
100062502346,50.912093,-1.3868153
100062502347,50.9120481,-1.3868301
100062502348,50.9120032,-1.3868449
100062502349,50.9119968,-1.383929
100062502352,50.9102554,-1.3828283
100062502357,50.9113926,-1.3870094
100062502361,50.9101016,-1.3809671
100062502362,50.9108889,-1.3818954
100062502363,50.9126887,-1.3821276
100062502367,50.9121754,-1.3836991
100062502377,50.9109608,-1.3869866
100062502381,50.9104784,-1.382484
100062502382,50.9104226,-1.3821292
100062502386,50.9103808,-1.384434
100062502392,50.9108142,-1.3813701
100062502395,50.9111177,-1.3809394
100062502412,50.9101016,-1.3809671
100062502413,50.9103083,-1.3809359
100062502415,50.9102879,-1.3788026
100062502416,50.9103305,-1.3783469
100062502417,50.9103305,-1.3783469
100062502419,50.9103347,-1.3808165
100062502420,50.9103305,-1.3783469
100062502421,50.9103305,-1.3783469
100062502422,50.9103305,-1.3783469
100062502423,50.9103305,-1.3783469
100062502424,50.9103305,-1.3783469
100062502425,50.9103305,-1.3783469
100062502426,50.9103305,-1.3783469
100062502429,50.9102942,-1.3799688
100062502430,50.9103305,-1.3783469
100062502431,50.9103305,-1.3783469
100062502432,50.9103305,-1.3783469
100062502433,50.9103305,-1.3783469
100062502434,50.9103305,-1.3783469
100062502435,50.9103305,-1.3783469
100062502436,50.9103305,-1.3783469
100062502437,50.9103305,-1.3783469
100062502438,50.9103323,-1.3806472
100062502439,50.910334,-1.3806825
100062502440,50.9103326,-1.3807107
100062502441,50.9103336,-1.3805954
100062502443,50.9103364,-1.3805624
100062502449,50.9121386,-1.3869427
100062502450,50.9121382,-1.3868574
100062502474,50.9120919,-1.3866019
100062502476,50.9120919,-1.3866019
100062502477,50.9119826,-1.3857428
100062502479,50.9116881,-1.3833784
100062502480,50.9103842,-1.3816745
100062502484,50.9104925,-1.3817584
100062502487,50.9107658,-1.379038
100062502495,50.9121479,-1.3869995
100062502498,50.9121152,-1.3876116
100062502502,50.9105465,-1.3827714
100062502511,50.9102898,-1.3791581
100062502513,50.9104226,-1.3821292
100062502514,50.9110453,-1.3825619
100062502519,50.9111177,-1.3809394
100062502520,50.9111485,-1.3799717
100062502522,50.9100786,-1.3851065
100062502523,50.9121857,-1.3839408
100062502532,50.9107925,-1.3840341
100062502535,50.9109608,-1.3869866
100062502536,50.9109608,-1.3869866
100062502537,50.9109608,-1.3869866
100062502538,50.9109608,-1.3869866
100062502539,50.9109608,-1.3869866
100062502540,50.9109608,-1.3869866
100062502541,50.9109608,-1.3869866
100062502542,50.9109608,-1.3869866
100062502543,50.9109608,-1.3869866
100062502544,50.9109608,-1.3869866
100062502545,50.9109608,-1.3869866
100062502546,50.9109608,-1.3869866
100062502547,50.9109608,-1.3869866
100062502548,50.9109608,-1.3869866
100062502549,50.9109608,-1.3869866
100062502550,50.9109608,-1.3869866
100062502551,50.9109608,-1.3869866
100062502552,50.9109608,-1.3869866
100062502553,50.9109608,-1.3869866
100062502554,50.9109608,-1.3869866
100062502555,50.9109608,-1.3869866
100062502556,50.9109608,-1.3869866
100062502557,50.9109608,-1.3869866
100062502558,50.9109608,-1.3869866
100062502559,50.9109608,-1.3869866
100062502560,50.9109608,-1.3869866
100062502561,50.9109608,-1.3869866
100062502562,50.9109608,-1.3869866
100062502563,50.9109608,-1.3869866
100062502564,50.9109608,-1.3869866
100062502565,50.9109608,-1.3869866
100062502566,50.9109608,-1.3869866
100062502567,50.9109608,-1.3869866
100062502568,50.9109608,-1.3869866
100062502569,50.9109608,-1.3869866
100062502570,50.9109608,-1.3869866
100062502571,50.9109608,-1.3869866
100062502572,50.9109608,-1.3869866
100062502573,50.9109608,-1.3869866
100062502574,50.9109608,-1.3869866
100062502575,50.9109608,-1.3869866
100062502576,50.9109608,-1.3869866
100062502577,50.9109608,-1.3869866
100062502578,50.9109608,-1.3869866
100062502579,50.9109608,-1.3869866
100062502580,50.9109608,-1.3869866
100062502581,50.9109608,-1.3869866
100062502582,50.9109608,-1.3869866
100062502583,50.9109608,-1.3869866
100062502584,50.9109608,-1.3869866
100062502585,50.9109608,-1.3869866
100062502586,50.9109608,-1.3869866
100062502587,50.9109608,-1.3869866
100062502588,50.9109608,-1.3869866
100062502589,50.9109608,-1.3869866
100062502590,50.9109608,-1.3869866
100062502591,50.9109608,-1.3869866
100062502592,50.9109608,-1.3869866
100062502593,50.9109608,-1.3869866
100062508075,50.9388362,-1.379831
100062508077,50.9369258,-1.3807815
100062508078,50.9385847,-1.3798913
100062508079,50.9383782,-1.3799652
100062508081,50.9393749,-1.3796815
100062508082,50.9394725,-1.3795844
100062508083,50.939518,-1.3795372
100062508084,50.9385792,-1.3788666
100062508085,50.9371414,-1.3807502
100062508086,50.9378327,-1.3805275
100062508087,50.9379673,-1.380483
100062508088,50.9387849,-1.3803298
100062508089,50.9371202,-1.3801385
100062508123,50.9396343,-1.3794218
100062508124,50.9381472,-1.3804806
100062508125,50.9381472,-1.3804806
100062508126,50.9381472,-1.3804806
100062508127,50.9381472,-1.3804806
100062508128,50.9381472,-1.3804806
100062508129,50.9381472,-1.3804806
100062508130,50.9382703,-1.3799666
100062508131,50.9385847,-1.3798913
100062508132,50.9382392,-1.3791842
100062508133,50.9382392,-1.3791842
100062508135,50.9389957,-1.3793876
100062508136,50.9385781,-1.3803468
100062508137,50.9383446,-1.3803926
100062508142,50.9387849,-1.3803298
100062508143,50.939836,-1.3781627
100062508144,50.938632,-1.3803318
100062508145,50.938632,-1.3803318
100062508151,50.9368955,-1.3801699
100062508152,50.9392494,-1.3797543
100062508157,50.9388813,-1.3798731
100062508158,50.9393749,-1.3796815
100062508159,50.9387081,-1.3803665
100062508166,50.9389173,-1.3798726
100062508167,50.9389892,-1.3798574
100062508168,50.9390341,-1.3798568
100062508169,50.9390701,-1.3798563
100062508170,50.939339,-1.379682
100062508171,50.9396343,-1.3794218
100062508172,50.938585,-1.3804483
100062508173,50.9388116,-1.3802867
100062508174,50.9384226,-1.3798507
100062508175,50.9386746,-1.3798901
100062508176,50.9378776,-1.3805127
100062508177,50.9390992,-1.3802545
100062508178,50.9382367,-1.3799753
100062508180,50.9397688,-1.3793065
100062508181,50.9391593,-1.379727
100062508182,50.9384523,-1.3803627
100062508183,50.9385199,-1.3803591
100062508185,50.9387129,-1.3803165
100062508189,50.9370815,-1.3813203
100062508190,50.938723,-1.3873188
100062508191,50.9384005,-1.3892587
100062508195,50.9382726,-1.3854745
100062508196,50.9384832,-1.3810881
100062508207,50.9382973,-1.3884488
100062508209,50.938483,-1.3827533
100062508219,50.939627,-1.3865099
100062508221,50.9376314,-1.3832628
100062508222,50.9384382,-1.3895998
100062508228,50.9382319,-1.3845784
100062508229,50.9382319,-1.3845784
100062508230,50.9389758,-1.3840989
100062508302,50.9367392,-1.3811967
100062508413,50.9390266,-1.3869021
100062508414,50.9390172,-1.386831
100062508415,50.9390254,-1.3866886
100062508416,50.9390251,-1.3866175
100062508417,50.9383299,-1.381019
100062508424,50.9385989,-1.3825668
100062508428,50.9385283,-1.382828
100062508442,50.9386615,-1.3808011
100062508444,50.9382615,-1.3850762
100062508446,50.9380454,-1.3855079
100062511246,50.9297091,-1.388405
100062511247,50.9302159,-1.3890245
100062511396,50.9282245,-1.3899613
100062511497,50.9284239,-1.3885357
100062511498,50.9284239,-1.3885357
100062511499,50.9284239,-1.3885357
100062511597,50.9284239,-1.3885357
100062511765,50.9287042,-1.3888451
100062511805,50.9288959,-1.3876615
100062511806,50.9288959,-1.3876615
100062511807,50.9288959,-1.3876615
100062511808,50.9288959,-1.3876615
100062511809,50.9288959,-1.3876615
100062511810,50.9288959,-1.3876615
100062511811,50.9288959,-1.3876615
100062511812,50.9288959,-1.3876615
100062511813,50.9288959,-1.3876615
100062511814,50.9288959,-1.3876615
100062511815,50.9288959,-1.3876615
100062511816,50.9288959,-1.3876615
100062511817,50.9288959,-1.3876615
100062511818,50.9288959,-1.3876615
100062511819,50.9288959,-1.3876615
100062511820,50.9288959,-1.3876615
100062511821,50.9288959,-1.3876615
100062511822,50.9288959,-1.3876615
100062511823,50.9288959,-1.3876615
100062511824,50.9288959,-1.3876615
100062511825,50.9288959,-1.3876615
100062511826,50.9288959,-1.3876615
100062511827,50.9288959,-1.3876615
100062511828,50.9288959,-1.3876615
100062511829,50.9288959,-1.3876615
100062511830,50.9288959,-1.3876615
100062511831,50.9288959,-1.3876615
100062511832,50.9288959,-1.3876615
100062511833,50.9288959,-1.3876615
100062511834,50.9288959,-1.3876615
100062511835,50.9288959,-1.3876615
100062511836,50.9288959,-1.3876615
100062511837,50.9288959,-1.3876615
100062511838,50.9288959,-1.3876615
100062511839,50.9288959,-1.3876615
100062511840,50.9288959,-1.3876615
100062511841,50.9288959,-1.3876615
100062511842,50.9288959,-1.3876615
100062511898,50.9302444,-1.3875869
100062511899,50.9302444,-1.3875869
100062511900,50.9302257,-1.3874591
100062511901,50.9302257,-1.3874591
100062511932,50.9283133,-1.3880391
100062511933,50.9282861,-1.3879968
100062511934,50.9282765,-1.3878689
100062511935,50.9283133,-1.3880391
100062511936,50.9282861,-1.3879968
100062511937,50.9282765,-1.3878689
100062511938,50.9283133,-1.3880391
100062511939,50.9282861,-1.3879968
100062511940,50.9282765,-1.3878689
100062511941,50.9279886,-1.3878442
100062511942,50.9280243,-1.387801
100062511943,50.9280785,-1.387843
100062511944,50.9279886,-1.3878442
100062511945,50.9280243,-1.387801
100062511946,50.9280785,-1.387843
100062512186,50.9300991,-1.3890402
100062512207,50.9288959,-1.3876615
100062512286,50.9288959,-1.3876615
100062512577,50.9249173,-1.3852381
100062512578,50.9249173,-1.3852381
100062512580,50.9291423,-1.3849404
100062512582,50.9237133,-1.3803596
100062512603,50.9294753,-1.384993
100062512604,50.9290641,-1.385468
100062512607,50.9273976,-1.3832417
100062512608,50.9273976,-1.3832417
100062512610,50.9246069,-1.3834812
100062512611,50.9225985,-1.3854821
100062512612,50.9238516,-1.3843842
100062512619,50.9270776,-1.3890372
100062512639,50.9233596,-1.3899823
100062512640,50.9238443,-1.3898194
100062512641,50.9239707,-1.3899173
100062512643,50.9228355,-1.3895054
100062512644,50.9248376,-1.3888816
100062512645,50.9269621,-1.3876016
100062512646,50.9269981,-1.3876011
100062512647,50.9254207,-1.3886036
100062512648,50.9263442,-1.3880792
100062512667,50.9222406,-1.3867936
100062512670,50.9221944,-1.3872943
100062512671,50.9239154,-1.3862473
100062512672,50.9225985,-1.3854963
100062512673,50.9226612,-1.3854386
100062512676,50.9275834,-1.3894716
100062512677,50.9276074,-1.3871947
100062512678,50.9276499,-1.3867245
100062512680,50.9264765,-1.3842073
100062512681,50.9271435,-1.3827898
100062512682,50.9273976,-1.3832417
100062512683,50.9262643,-1.3815066
100062512684,50.9264267,-1.3816041
100062512685,50.9235415,-1.38258
100062512702,50.9282688,-1.3864176
100062512703,50.9290284,-1.3855111
100062512704,50.9290641,-1.385468
100062512705,50.929397,-1.385492
100062512706,50.9298374,-1.3854578
100062512733,50.9233596,-1.3899823
100062512734,50.9233596,-1.3899823
100062512735,50.9233596,-1.3899823
100062512736,50.9233596,-1.3899823
100062512737,50.9233596,-1.3899823
100062512738,50.9234943,-1.389952
100062512739,50.9240957,-1.389745
100062512740,50.9234943,-1.389952
100062512741,50.9240957,-1.389745
100062512742,50.9234943,-1.389952
100062512743,50.9240957,-1.389745
100062512744,50.9234943,-1.389952
100062512745,50.9240957,-1.389745
100062512746,50.9234943,-1.389952
100062512747,50.9240957,-1.389745
100062512748,50.9240957,-1.389745
100062512749,50.9227006,-1.3895071
100062512750,50.9227006,-1.3895071
100062512751,50.9227006,-1.3895071
100062512752,50.9227006,-1.3895071
100062512753,50.9227006,-1.3895071
100062512754,50.9227006,-1.3895071
100062512755,50.9227006,-1.3895071
100062512756,50.9227006,-1.3895071
100062512757,50.9227006,-1.3895071
100062512758,50.9229253,-1.3894757
100062512759,50.9217483,-1.3896903
100062512760,50.9217483,-1.3896903
100062512762,50.9228355,-1.3895054
100062512764,50.9259138,-1.3883268
100062512853,50.9207873,-1.3882091
100062512854,50.9207873,-1.3882091
100062512855,50.9214329,-1.3861959
100062512887,50.9285501,-1.3851901
100062512888,50.92855,-1.3851759
100062512889,50.9282238,-1.3864182
100062512890,50.9282238,-1.3864182
100062512891,50.9240407,-1.3861176
100062512892,50.9241572,-1.3860449
100062512893,50.926683,-1.3841334
100062512894,50.9266562,-1.3841764
100062512895,50.9218529,-1.3805693
100062512896,50.9218529,-1.3805693
100062512897,50.9218529,-1.3805693
100062512898,50.9218529,-1.3805693
100062512899,50.9218529,-1.3805693
100062512900,50.9218529,-1.3805693
100062512901,50.9218529,-1.3805693
100062512902,50.9218529,-1.3805693
100062512903,50.9218529,-1.3805693
100062512904,50.9218529,-1.3805693
100062512905,50.9218529,-1.3805693
100062512906,50.9218529,-1.3805693
100062512907,50.9218529,-1.3805693
100062512908,50.9232327,-1.381305
100062512909,50.9232327,-1.381305
100062512914,50.9250825,-1.384183
100062512915,50.9222465,-1.3809472
100062512916,50.924597,-1.3858826
100062512917,50.9244958,-1.3854571
100062512918,50.9251426,-1.3887353
100062512920,50.9276959,-1.3869231
100062512921,50.9276959,-1.3869231
100062512922,50.9276959,-1.3869231
100062512923,50.9276959,-1.3869231
100062512924,50.9276959,-1.3869231
100062512925,50.9250958,-1.3799143
100062512935,50.9259392,-1.3812548
100062512936,50.9259392,-1.3812548
100062512937,50.9246795,-1.3794219
100062512938,50.9246795,-1.3794219
100062512940,50.9217748,-1.3844828
100062512941,50.9251105,-1.3809813
100062512942,50.9251512,-1.3801839
100062513006,50.9247022,-1.3853832
100062513007,50.9247022,-1.3853832
100062513008,50.9247022,-1.3853832
100062513009,50.9247022,-1.3853832
100062513010,50.9247022,-1.3853832
100062513011,50.9247022,-1.3853832
100062513012,50.9247105,-1.385255
100062513013,50.9247105,-1.385255
100062513014,50.9247105,-1.385255
100062513015,50.9247105,-1.385255
100062513016,50.9247105,-1.385255
100062513017,50.9247105,-1.385255
100062513018,50.9244331,-1.3855006
100062513019,50.9244331,-1.3855006
100062513020,50.9244331,-1.3855006
100062513021,50.9256974,-1.383122
100062513022,50.9256974,-1.383122
100062513023,50.9256974,-1.383122
100062513024,50.9256974,-1.383122
100062513025,50.9256974,-1.383122
100062513026,50.9256974,-1.383122
100062513027,50.9258677,-1.3830201
100062513028,50.9258677,-1.3830201
100062513029,50.9258677,-1.3830201
100062513030,50.9258677,-1.3830201
100062513031,50.9258677,-1.3830201
100062513032,50.9258677,-1.3830201
100062513033,50.9259117,-1.3845278
100062513034,50.9259117,-1.3845278
100062513035,50.9259117,-1.3845278
100062513036,50.9259117,-1.3845278
100062513037,50.9259117,-1.3845278
100062513047,50.9232327,-1.381305
100062513048,50.9232327,-1.381305
100062513049,50.9232327,-1.381305
100062513050,50.9232327,-1.381305
100062513051,50.9232327,-1.381305
100062513052,50.9232327,-1.381305
100062513053,50.9232327,-1.381305
100062513054,50.9232327,-1.381305
100062513055,50.9232327,-1.381305
100062513056,50.9232327,-1.381305
100062513057,50.9232327,-1.381305
100062513058,50.9232327,-1.381305
100062513059,50.9232327,-1.381305
100062513060,50.9232327,-1.381305
100062513061,50.9232327,-1.381305
100062513062,50.9232327,-1.381305
100062513063,50.9232327,-1.381305
100062513064,50.9232327,-1.381305
100062513065,50.9232327,-1.381305
100062513066,50.9232327,-1.381305
100062513067,50.9232327,-1.381305
100062513068,50.9232327,-1.381305
100062513069,50.9232327,-1.381305
100062513070,50.9232327,-1.381305
100062513071,50.9232327,-1.381305
100062513072,50.9232327,-1.381305
100062513073,50.9232327,-1.381305
100062513074,50.9232327,-1.381305
100062513075,50.9232327,-1.381305
100062513076,50.9232327,-1.381305
100062513077,50.9232327,-1.381305
100062513078,50.9218273,-1.3825187
100062513079,50.921756,-1.3826335
100062513080,50.9217386,-1.3827476
100062513081,50.9218022,-1.3828748
100062513082,50.9218474,-1.3829168
100062513083,50.9219017,-1.382973
100062513084,50.9219739,-1.383029
100062513085,50.9220373,-1.3830993
100062513086,50.9220905,-1.3829705
100062513087,50.9221439,-1.382856
100062513088,50.9218273,-1.3825187
100062513089,50.921756,-1.3826335
100062513090,50.9217386,-1.3827476
100062513091,50.9218022,-1.3828748
100062513092,50.9218474,-1.3829168
100062513093,50.9219017,-1.382973
100062513094,50.9219739,-1.383029
100062513095,50.9220373,-1.3830993
100062513096,50.9220905,-1.3829705
100062513097,50.9221439,-1.382856
100062513129,50.9284201,-1.3861168
100062513130,50.9284736,-1.3826441
100062513131,50.9284736,-1.3826441
100062513132,50.9285186,-1.3826435
100062513133,50.9285186,-1.3826435
100062513134,50.9285633,-1.3826002
100062513135,50.9285633,-1.3826002
100062513136,50.9286083,-1.3826138
100062513137,50.9286083,-1.3826138
100062513138,50.9284016,-1.3826308
100062513139,50.9284016,-1.3826308
100062513140,50.9284016,-1.3826308
100062513141,50.9282566,-1.3824335
100062513142,50.9282566,-1.3824335
100062513143,50.9282566,-1.3824335
100062513144,50.9281756,-1.3824061
100062513145,50.9281484,-1.382378
100062513146,50.9281212,-1.3823357
100062513147,50.9280941,-1.3823076
100062513148,50.9282282,-1.3821635
100062513149,50.9282549,-1.3821063
100062513150,50.9284179,-1.3823176
100062513151,50.9284538,-1.3823029
100062513152,50.9284987,-1.382288
100062513153,50.9285256,-1.3822734
100062513154,50.9285615,-1.3822587
100062513155,50.928478,-1.381776
100062513156,50.9284332,-1.3818051
100062513157,50.9283522,-1.3818062
100062513158,50.9282982,-1.3817927
100062513159,50.9282711,-1.3817788
100062513160,50.9283501,-1.3814078
100062513161,50.9283951,-1.3814214
100062513162,50.9284222,-1.3814353
100062513163,50.9284582,-1.381449
100062513164,50.928116,-1.381354
100062513165,50.92808,-1.3813402
100062513166,50.9280349,-1.3813266
100062513167,50.9279989,-1.3813128
100062513168,50.9280813,-1.3815963
100062513169,50.9280727,-1.3816676
100062513170,50.9280374,-1.3817819
100062513171,50.9280107,-1.3818392
100062513172,50.927958,-1.3820818
100062513173,50.9279309,-1.3820537
100062513174,50.9279036,-1.3819971
100062513175,50.9278764,-1.3819548
100062513176,50.9277677,-1.3818139
100062513177,50.9277764,-1.3817427
100062513178,50.927803,-1.3816712
100062513179,50.9278652,-1.3815423
100062513180,50.9278738,-1.381471
100062513181,50.9278366,-1.3812438
100062513182,50.9278727,-1.3812576
100062513183,50.9279178,-1.3812855
100062513184,50.9279628,-1.3812991
100062513185,50.9275937,-1.3812186
100062513186,50.9275577,-1.3812049
100062513187,50.9275126,-1.3811912
100062513188,50.9274855,-1.3811631
100062513189,50.9275169,-1.3820022
100062513190,50.9274902,-1.3820453
100062513191,50.9274635,-1.3821025
100062513192,50.9276718,-1.3823701
100062513193,50.9276985,-1.3823271
100062513194,50.9277252,-1.3822698
100062513195,50.9278794,-1.3825239
100062513196,50.9278527,-1.3825669
100062513197,50.927826,-1.3826242
100062513198,50.9280795,-1.3829481
100062513199,50.9281062,-1.3828909
100062513200,50.928133,-1.3828478
100062513201,50.928296,-1.3830733
100062513202,50.928296,-1.3830733
100062513203,50.9282693,-1.3831306
100062513204,50.9282693,-1.3831306
100062513235,50.9278641,-1.3864087
100062513236,50.9281616,-1.3865471
100062513242,50.9221944,-1.3872943
100062513243,50.9222571,-1.3872508
100062513244,50.9221944,-1.3872943
100062513248,50.9268368,-1.387717
100062513249,50.9268368,-1.387717
100062513250,50.9268368,-1.387717
100062513251,50.9268368,-1.387717
100062513284,50.9207309,-1.3877403
100062513285,50.9216196,-1.3857368
100062513287,50.9227143,-1.3869745
100062513288,50.9277315,-1.3867242
100062513289,50.9252783,-1.3837963
100062513290,50.9294753,-1.384993
100062513291,50.9278079,-1.3860329
100062513292,50.9289267,-1.384986
100062513293,50.929286,-1.3849101
100062513295,50.929316,-1.3854931
100062513297,50.9298739,-1.3855569
100062513298,50.9301624,-1.3856954
100062513306,50.9246795,-1.3794219
100062513307,50.9246795,-1.3794219
100062513335,50.9249644,-1.3822638
100062513336,50.9272274,-1.3816646
100062513339,50.9298374,-1.3854578
100062513340,50.9298374,-1.3854578
100062513357,50.9202222,-1.3884726
100062513400,50.922148,-1.3836385
100062513404,50.9207309,-1.3877403
100062513405,50.925468,-1.3848922
100062513408,50.9222632,-1.3833097
100062513418,50.924944,-1.3851808
100062513419,50.924944,-1.3851808
100062513429,50.922018,-1.3896584
100062513433,50.9292664,-1.3846115
100062513436,50.9290587,-1.3827502
100062513437,50.9275487,-1.3896998
100062513448,50.9250095,-1.3822916
100062513449,50.9249644,-1.3822638
100062513450,50.9250095,-1.3822916
100062513451,50.9253512,-1.3822871
100062513452,50.9253692,-1.3822868
100062513453,50.9253512,-1.3822871
100062513454,50.9253692,-1.3822868
100062513455,50.9257117,-1.3824246
100062513456,50.9257117,-1.3824246
100062513457,50.9242758,-1.3812911
100062513459,50.9282359,-1.3853081
100062513463,50.9314681,-1.3843263
100062513467,50.933626,-1.3825758
100062513469,50.9302333,-1.3854952
100062513470,50.934083,-1.3856579
100062513471,50.9341014,-1.3857288
100062513472,50.9341197,-1.3857855
100062513483,50.9318969,-1.3837941
100062513485,50.9335634,-1.3826335
100062513486,50.9306157,-1.3863867
100062513487,50.934193,-1.3860549
100062513488,50.9342023,-1.3861117
100062513489,50.9351753,-1.3881482
100062513490,50.9351578,-1.3882481
100062513491,50.9351853,-1.3883473
100062513492,50.9352403,-1.3885459
100062513493,50.9341489,-1.3845043
100062513494,50.9345334,-1.3857943
100062513495,50.9345517,-1.385851
100062513496,50.9354082,-1.3891219
100062513497,50.9354428,-1.3894398
100062513498,50.935461,-1.389468
100062513499,50.9355157,-1.3896238
100062513500,50.9355342,-1.389709
100062513501,50.9355525,-1.3897657
100062513502,50.9355892,-1.3899075
100062513503,50.9356075,-1.3899642
100062513508,50.9310505,-1.3852852
100062513509,50.9333276,-1.3856536
100062513510,50.9337562,-1.383371
100062513511,50.9338188,-1.3833133
100062513512,50.9361898,-1.3810475
100062513513,50.9365844,-1.380843
100062513514,50.9363425,-1.3827106
100062513515,50.9338177,-1.3847933
100062513516,50.9336061,-1.3838995
100062513517,50.9336244,-1.3839562
100062513518,50.9342023,-1.3861117
100062513519,50.9340481,-1.3841641
100062513520,50.9353046,-1.3888012
100062513530,50.9303301,-1.3850955
100062513531,50.9353474,-1.3815852
100062513532,50.9353474,-1.3815852
100062513533,50.9353474,-1.3815852
100062513534,50.9353474,-1.3815852
100062513535,50.9353474,-1.3815852
100062513536,50.9353474,-1.3815852
100062513537,50.9353474,-1.3815852
100062513538,50.9353474,-1.3815852
100062513539,50.9352568,-1.3848454
100062513540,50.9354233,-1.3843834
100062513541,50.9313088,-1.3882132
100062513542,50.9318238,-1.3835816
100062513543,50.9308881,-1.3834944
100062513544,50.9330408,-1.3826133
100062513546,50.9366112,-1.3808141
100062513547,50.9366112,-1.3808141
100062513548,50.9366112,-1.3808141
100062513549,50.9341781,-1.3832373
100062513551,50.9360751,-1.3814617
100062513552,50.9360935,-1.3815469
100062513553,50.9361302,-1.3816745
100062513554,50.9360751,-1.3814617
100062513555,50.9360935,-1.3815469
100062513556,50.9360935,-1.3815469
100062513557,50.9361302,-1.3816745
100062513558,50.9360751,-1.3814617
100062513559,50.9360751,-1.3814617
100062513560,50.9360935,-1.3815469
100062513561,50.9344787,-1.3856669
100062513562,50.9351946,-1.3884041
100062513563,50.9351946,-1.3884041
100062513564,50.935231,-1.3884891
100062513565,50.9354975,-1.3895814
100062513578,50.935724,-1.381381
100062513579,50.935724,-1.381381
100062513580,50.9321109,-1.3851431
100062513581,50.9321109,-1.3851431
100062513582,50.9321109,-1.3851431
100062513583,50.9321109,-1.3851431
100062513584,50.9321109,-1.3851431
100062513585,50.9321109,-1.3851431
100062513586,50.9321109,-1.3851431
100062513587,50.9321109,-1.3851431
100062513588,50.9321109,-1.3851431
100062513589,50.9321109,-1.3851431
100062513590,50.9321109,-1.3851431
100062513591,50.9321109,-1.3851431
100062513592,50.9321109,-1.3851431
100062513593,50.9321109,-1.3851431
100062513594,50.9321109,-1.3851431
100062513595,50.9321109,-1.3851431
100062513596,50.9354218,-1.3843834
100062513597,50.9354219,-1.3843859
100062513598,50.9354219,-1.3843859
100062513599,50.9354233,-1.3843858
100062513600,50.9354219,-1.3843859
100062513601,50.9374779,-1.3797637
100062513602,50.9321109,-1.3851431
100062513603,50.9334606,-1.3836026
100062513604,50.9334606,-1.3836026
100062513605,50.9334606,-1.3836026
100062513606,50.9334606,-1.3836026
100062513607,50.9334606,-1.3836026
100062513608,50.9334606,-1.3836026
100062513609,50.9334606,-1.3836026
100062513610,50.9334606,-1.3836026
100062513611,50.9334606,-1.3836026
100062513612,50.9334606,-1.3836026
100062513613,50.9334606,-1.3836026
100062513614,50.9334606,-1.3836026
100062513615,50.9334606,-1.3836026
100062513616,50.9334606,-1.3836026
100062513617,50.9334606,-1.3836026
100062513618,50.9334606,-1.3836026
100062513619,50.9334606,-1.3836026
100062513620,50.9334606,-1.3836026
100062513621,50.9334606,-1.3836026
100062513622,50.9334606,-1.3836026
100062513623,50.9334606,-1.3836026
100062513624,50.9334606,-1.3836026
100062513625,50.9334606,-1.3836026
100062513626,50.9334606,-1.3836026
100062513627,50.9334606,-1.3836026
100062513628,50.9334606,-1.3836026
100062513629,50.9334606,-1.3836026
100062513630,50.9334606,-1.3836026
100062513631,50.9334606,-1.3836026
100062513632,50.9334606,-1.3836026
100062513633,50.9334606,-1.3836026
100062513634,50.9334606,-1.3836026
100062513635,50.9303301,-1.3850955
100062513638,50.9334606,-1.3836026
100062513651,50.9350288,-1.3825572
100062513652,50.9310647,-1.3845735
100062513653,50.9307831,-1.3840365
100062513654,50.9311633,-1.3845011
100062513655,50.931052,-1.3838764
100062513656,50.9312673,-1.3837739
100062513657,50.931339,-1.3837303
100062513658,50.9314197,-1.3836723
100062513659,50.9312799,-1.3844426
100062513660,50.9313695,-1.3843845
100062513661,50.9316204,-1.3842246
100062513662,50.9306306,-1.3840954
100062513663,50.9307203,-1.3840658
100062513664,50.930114,-1.3850414
100062513665,50.93015,-1.3850552
100062513666,50.930402,-1.3850803
100062513667,50.9319092,-1.3844058
100062513668,50.9331336,-1.3832028
100062513669,50.9333665,-1.3828069
100062513670,50.9334113,-1.3827779
100062513671,50.9334921,-1.3827483
100062513672,50.9336791,-1.3824185
100062513673,50.9337868,-1.3823602
100062513674,50.9338317,-1.3823596
100062513675,50.9333665,-1.3828069
100062513676,50.9354233,-1.3843858
100062513677,50.9359658,-1.381207
100062513678,50.933626,-1.3825758
100062513679,50.9338857,-1.3823589
100062513680,50.9351853,-1.3883473
100062513681,50.9309982,-1.3838913
100062513682,50.9367127,-1.3898074
100062513683,50.932049,-1.3836355
100062513684,50.9361302,-1.3816745
100062513685,50.9309265,-1.383935
100062513686,50.9338455,-1.3832702
100062513687,50.9353474,-1.3815852
100062513688,50.9353474,-1.3815852
100062513689,50.9369388,-1.3883385
100062513690,50.9345731,-1.3814247
100062513691,50.9307612,-1.3849902
100062513692,50.9304872,-1.3841969
100062513693,50.9311238,-1.383847
100062513694,50.9308547,-1.3839786
100062513695,50.9311866,-1.3838177
100062513696,50.9333218,-1.3828644
100062513697,50.9163195,-1.3783382
100062513698,50.9170501,-1.3855125
100062513700,50.9183535,-1.3769738
100062513701,50.9241433,-1.3766973
100062513702,50.9171461,-1.3839201
100062513703,50.9181949,-1.386038
100062513704,50.9189315,-1.3824859
100062513705,50.9178236,-1.3787734
100062513706,50.9177674,-1.3868118
100062513707,50.9323565,-1.3705392
100062513708,50.9323565,-1.3705392
100062513709,50.9323565,-1.3705392
100062513710,50.9323565,-1.3705392
100062513711,50.9182726,-1.3854253
100062513712,50.9182726,-1.3854253
100062513713,50.9177524,-1.385674
100062513714,50.9178879,-1.3858002
100062513715,50.9162763,-1.3786802
100062513716,50.9166605,-1.3798985
100062513717,50.9163797,-1.3795181
100062513718,50.9167423,-1.3783752
100062513719,50.9170817,-1.3779297
100062513720,50.9163797,-1.3795181
100062513721,50.9162763,-1.3786802
100062513722,50.9163797,-1.3795181
100062513723,50.9274971,-1.3782887
100062513729,50.9229844,-1.3735827
100062513730,50.9229844,-1.3735827
100062513731,50.9175738,-1.3758035
100062513732,50.9224061,-1.3763933
100062513735,50.9166713,-1.3819184
100062513736,50.9176273,-1.3824463
100062513737,50.917644,-1.38219
100062513738,50.917644,-1.38219
100062513739,50.9177232,-1.381876
100062513742,50.9181942,-1.3790742
100062513744,50.9175738,-1.3758035
100062513752,50.9318754,-1.3730646
100062513753,50.9182034,-1.3842454
100062513754,50.9181786,-1.3846441
100062513758,50.9175464,-1.3757185
100062513759,50.9256834,-1.3738025
100062513760,50.9194372,-1.3728052
100062513761,50.9284333,-1.3784612
100062513762,50.9279888,-1.3677098
100062513763,50.9223573,-1.3756968
100062513769,50.919052,-1.3764381
100062513771,50.9185306,-1.3764593
100062513772,50.9215096,-1.3752528
100062513773,50.9223215,-1.3757257
100062513777,50.9217572,-1.3759256
100062513778,50.9217955,-1.3744352
100062513779,50.9221702,-1.376004
100062513781,50.9265701,-1.371457
100062513785,50.932387,-1.3711934
100062513786,50.9324316,-1.3711359
100062513787,50.918119,-1.3818992
100062513788,50.918119,-1.3818992
100062513789,50.918119,-1.3818992
100062513790,50.918119,-1.3818992
100062513791,50.9159455,-1.379026
100062513792,50.9169013,-1.3795112
100062513794,50.9192603,-1.381756
100062513796,50.9299316,-1.3694479
100062513797,50.9227272,-1.3742406
100062513800,50.9163043,-1.3805576
100062513801,50.9160328,-1.3853125
100062513803,50.9166901,-1.3820746
100062513804,50.9170292,-1.3832793
100062513805,50.9170917,-1.3831931
100062513806,50.9171276,-1.3831784
100062513807,50.9171904,-1.3831349
100062513808,50.9172262,-1.3831202
100062513809,50.9169486,-1.3833373
100062513810,50.9180943,-1.3823263
100062513811,50.9180747,-1.3820278
100062513812,50.918119,-1.3818992
100062513813,50.918073,-1.3817006
100062513814,50.9180812,-1.3815583
100062513815,50.9180896,-1.3814301
100062513816,50.9180978,-1.3812877
100062513817,50.9174674,-1.3828183
100062513818,50.9175031,-1.3827609
100062513819,50.917561,-1.3826732
100062513820,50.9175918,-1.3825321
100062513821,50.9176273,-1.3824463
100062513822,50.9176628,-1.3823462
100062513823,50.9176972,-1.382047
100062513824,50.9177058,-1.38199
100062513825,50.9177319,-1.381819
100062513826,50.9177313,-1.3817052
100062513827,50.91774,-1.3816481
100062513828,50.9176493,-1.3815071
100062513829,50.917649,-1.3814502
100062513830,50.9176934,-1.38135
100062513831,50.9176841,-1.3812932
100062513832,50.9176925,-1.3811793
100062513833,50.9176922,-1.3811224
100062513834,50.9177095,-1.3809942
100062513835,50.9177093,-1.3809515
100062513836,50.9177266,-1.3808232
100062513837,50.9177173,-1.3807664
100062513838,50.9178066,-1.3806514
100062513839,50.9178149,-1.3805091
100062513840,50.9178233,-1.3804094
100062513841,50.9178226,-1.3802671
100062513842,50.9178311,-1.3801817
100062513843,50.9178386,-1.3799113
100062513844,50.917847,-1.3797973
100062513846,50.9178451,-1.3794417
100062513847,50.9178625,-1.3793277
100062513848,50.9178616,-1.379157
100062513849,50.9178702,-1.3790857
100062513850,50.9181857,-1.3792238
100062513851,50.9186105,-1.3796307
100062513852,50.91852,-1.3795181
100062513853,50.9184505,-1.3799743
100062513854,50.9183782,-1.3799183
100062513855,50.9181633,-1.3800777
100062513856,50.9181898,-1.3799919
100062513857,50.9181321,-1.3809743
100062513858,50.9181225,-1.3808606
100062513859,50.9181222,-1.3808037
100062513860,50.9181389,-1.3805617
100062513861,50.9181559,-1.3803765
100062513862,50.9181642,-1.3802484
100062513863,50.918164,-1.3802057
100062513864,50.9184771,-1.3815957
100062513865,50.9189883,-1.3830258
100062513866,50.9191899,-1.3786698
100062513867,50.9174435,-1.3749801
100062513868,50.9174433,-1.3749374
100062513869,50.9173877,-1.3746252
100062513870,50.9173873,-1.3745541
100062513871,50.917387,-1.3744972
100062513872,50.9173776,-1.3744262
100062513873,50.917368,-1.3743125
100062513874,50.9173584,-1.3741988
100062513875,50.9173218,-1.3740855
100062513876,50.9173302,-1.3739716
100062513877,50.9173024,-1.3738155
100062513878,50.9172926,-1.3736733
100062513879,50.9172919,-1.3735453
100062513880,50.9172645,-1.3734603
100062513881,50.9172457,-1.3733041
100062513882,50.9172359,-1.373162
100062513883,50.9171987,-1.3729349
100062513884,50.9171891,-1.3728069
100062513885,50.9171704,-1.3726792
100062513886,50.9171426,-1.3725373
100062513887,50.9171421,-1.3724377
100062513888,50.9171413,-1.3722812
100062513889,50.9171316,-1.3721533
100062513890,50.9171039,-1.3720257
100062513891,50.9171032,-1.3718976
100062513892,50.9170757,-1.3717842
100062513893,50.9170659,-1.3716421
100062513894,50.9170563,-1.3715284
100062513895,50.9170197,-1.3714151
100062513896,50.9166375,-1.3705667
100062513897,50.91661,-1.3704817
100062513898,50.9166181,-1.3703109
100062513899,50.9165907,-1.3702259
100062513900,50.916563,-1.3700983
100062513901,50.9165356,-1.3700133
100062513902,50.9163341,-1.3693332
100062513903,50.9163067,-1.3692624
100062513905,50.9175748,-1.3759742
100062513906,50.9175832,-1.3758745
100062513907,50.9175186,-1.3755624
100062513908,50.9177354,-1.3740799
100062513910,50.9175846,-1.3727874
100062513911,50.9175478,-1.3726314
100062513912,50.9175378,-1.3724466
100062513913,50.917501,-1.3722764
100062513914,50.9174912,-1.3721343
100062513915,50.9174529,-1.3716938
100062513916,50.9173776,-1.3710688
100062513917,50.9172778,-1.3709137
100062513918,50.9172232,-1.3707864
100062513919,50.9171865,-1.3706589
100062513920,50.9171032,-1.3705601
100062513921,50.917131,-1.3703751
100062513922,50.9171306,-1.370304
100062513923,50.9170668,-1.3701341
100062513924,50.9170031,-1.3699927
100062513925,50.9169305,-1.3698799
100062513926,50.9169302,-1.369823
100062513927,50.9166354,-1.3685182
100062513928,50.9165702,-1.3681066
100062513929,50.9165245,-1.3679649
100062513930,50.9165148,-1.367837
100062513931,50.9165051,-1.3676949
100062513932,50.9164863,-1.3675529
100062513933,50.9164856,-1.3674249
100062513934,50.9164489,-1.3672831
100062513935,50.9164391,-1.3671268
100062513936,50.9163842,-1.3669568
100062513937,50.9163386,-1.3668436
100062513938,50.9163198,-1.3667016
100062513939,50.9163102,-1.3665737
100062513940,50.9162683,-1.3688077
100062513941,50.9162587,-1.368694
100062513942,50.9162399,-1.368552
100062513943,50.9162305,-1.368481
100062513944,50.9162385,-1.368296
100062513945,50.91622,-1.3681967
100062513946,50.9162012,-1.3680404
100062513947,50.9161827,-1.3679411
100062513948,50.9161548,-1.3677708
100062513950,50.9161085,-1.3675296
100062513951,50.916081,-1.3674304
100062513952,50.9160442,-1.3672744
100062513953,50.9160257,-1.3671893
100062513954,50.9159798,-1.3670192
100062513955,50.9159615,-1.3669483
100062513956,50.9159157,-1.3667924
100062513957,50.9158702,-1.3666935
100062513958,50.9158334,-1.3665517
100062513959,50.915806,-1.3664667
100062513960,50.9157513,-1.3663395
100062513962,50.9161907,-1.3661059
100062513963,50.9161087,-1.3659078
100062513964,50.9160541,-1.3657806
100062513965,50.9160175,-1.3656672
100062513966,50.9159809,-1.3655539
100062513967,50.9206071,-1.3679523
100062513968,50.9230219,-1.3738525
100062513969,50.9229844,-1.3735827
100062513970,50.9225745,-1.3725923
100062513971,50.9225287,-1.3724506
100062513972,50.924083,-1.3755314
100062513973,50.9239838,-1.3754758
100062513974,50.9230137,-1.3756738
100062513975,50.9230496,-1.375659
100062513976,50.9223705,-1.3764791
100062513977,50.919395,-1.3766754
100062513978,50.9188826,-1.3766964
100062513979,50.9181324,-1.3759952
100062513980,50.9207647,-1.3755189
100062513981,50.9195794,-1.3758478
100062513982,50.9217351,-1.3755678
100062513983,50.921662,-1.3751512
100062513984,50.9191794,-1.3750422
100062513985,50.9199648,-1.3722575
100062513986,50.9207962,-1.3730145
100062513987,50.9196921,-1.373385
100062513988,50.919279,-1.3734902
100062513989,50.9238514,-1.3725893
100062513991,50.9262789,-1.3708064
100062513992,50.9269606,-1.3721632
100062513993,50.9265988,-1.3717697
100062513994,50.9257771,-1.3728194
100062513995,50.9258131,-1.372819
100062513997,50.9255814,-1.372266
100062513998,50.9256545,-1.3712015
100062513999,50.9250427,-1.3733842
100062514000,50.9296788,-1.3726103
100062514001,50.9296839,-1.3718845
100062514003,50.9324584,-1.3710929
100062514004,50.9283818,-1.3755733
100062514005,50.9283659,-1.3667359
100062514006,50.917644,-1.38219
100062514007,50.9177058,-1.38199
100062514008,50.9174244,-1.374767
100062514009,50.9173776,-1.3744262
100062514010,50.9172173,-1.3730484
100062514011,50.9169201,-1.3712884
100062514012,50.9175748,-1.3759742
100062514013,50.9175738,-1.3758035
100062514014,50.9175464,-1.3757185
100062514015,50.9175369,-1.375619
100062514016,50.9175186,-1.3755624
100062514017,50.9175181,-1.3754628
100062514018,50.9178961,-1.3738502
100062514019,50.9174539,-1.3718929
100062514020,50.9170941,-1.3701907
100062514021,50.9170941,-1.3701907
100062514022,50.9171865,-1.3706589
100062514023,50.9171031,-1.3705579
100062514024,50.9170668,-1.3701341
100062514025,50.9164489,-1.3672831
100062514026,50.9164391,-1.3671268
100062514027,50.9163842,-1.3669568
100062514028,50.9162385,-1.368296
100062514029,50.9162012,-1.3680404
100062514030,50.9161548,-1.3677708
100062514031,50.9161085,-1.3675296
100062514032,50.9157238,-1.3662403
100062514034,50.9215522,-1.3714536
100062514036,50.9215522,-1.3714536
100062514037,50.9230406,-1.3756592
100062514038,50.9196615,-1.3777246
100062514039,50.9202277,-1.3776743
100062514040,50.918263,-1.3768754
100062514041,50.9215199,-1.3738158
100062514042,50.9215199,-1.3738158
100062514043,50.9215199,-1.3738158
100062514044,50.9215199,-1.3738158
100062514045,50.918847,-1.3751036
100062514046,50.918847,-1.3751036
100062514049,50.9234946,-1.3731348
100062514051,50.9268621,-1.3722357
100062514052,50.9261896,-1.3726005
100062514053,50.9285202,-1.3745612
100062514054,50.927818,-1.3744141
100062514055,50.9303926,-1.3732411
100062514056,50.9286923,-1.3731217
100062514057,50.9286923,-1.3731217
100062514058,50.9255039,-1.3755408
100062514059,50.9271589,-1.3772687
100062514060,50.9284096,-1.3773943
100062514061,50.9309919,-1.3759794
100062514062,50.931484,-1.3755317
100062514063,50.9319677,-1.3734902
100062514067,50.9221702,-1.376004
100062514068,50.9221702,-1.3760043
100062514069,50.9221702,-1.376004
100062514071,50.9236049,-1.3702166
100062514072,50.9234792,-1.3702609
100062514073,50.9234266,-1.3705177
100062514074,50.9234455,-1.3706882
100062514075,50.9236072,-1.3706576
100062514076,50.923724,-1.3706418
100062514077,50.916894,-1.3849171
100062514078,50.9163898,-1.3780385
100062514079,50.9163797,-1.3795181
100062514080,50.9163797,-1.3795181
100062514081,50.9163043,-1.3805576
100062514082,50.9181393,-1.380647
100062514083,50.9181393,-1.380647
100062514084,50.9227272,-1.3742406
100062514085,50.9227272,-1.3742406
100062514086,50.9227272,-1.3742406
100062514087,50.9227272,-1.3742406
100062514088,50.9204816,-1.3780551
100062514089,50.9204816,-1.3780551
100062514090,50.9180212,-1.3753707
100062514091,50.9178393,-1.3800393
100062514092,50.9178393,-1.3800393
100062514093,50.9174247,-1.3748239
100062514097,50.9242231,-1.376497
100062514098,50.9215318,-1.3743562
100062514099,50.9215318,-1.3743562
100062514100,50.9215318,-1.3743562
100062514101,50.9215318,-1.3743562
100062514102,50.9215318,-1.3743562
100062514103,50.9215318,-1.3743562
100062514104,50.9215318,-1.3743562
100062514105,50.9215318,-1.3743562
100062514106,50.9215318,-1.3743562
100062514107,50.9215318,-1.3743562
100062514108,50.9215318,-1.3743562
100062514109,50.9215318,-1.3743562
100062514110,50.9215318,-1.3743562
100062514111,50.9215318,-1.3743562
100062514112,50.9215318,-1.3743562
100062514113,50.9215318,-1.3743562
100062514114,50.9258539,-1.3679535
100062514115,50.9216822,-1.3755635
100062514116,50.9216822,-1.3755635
100062514117,50.9216822,-1.3755635
100062514118,50.9225283,-1.3757229
100062514119,50.9225283,-1.3757229
100062514120,50.9225283,-1.3757229
100062514121,50.9225283,-1.3757229
100062514122,50.9225283,-1.3757229
100062514123,50.9225283,-1.3757229
100062514124,50.9225283,-1.3757229
100062514125,50.9225283,-1.3757229
100062514126,50.9225283,-1.3757229
100062514127,50.9225283,-1.3757229
100062514128,50.9225283,-1.3757229
100062514129,50.9178575,-1.373367
100062514130,50.9293807,-1.3772483
100062514131,50.9247759,-1.3756074
100062514132,50.9242185,-1.3756291
100062514133,50.9250455,-1.3755754
100062514134,50.9243807,-1.3756549
100062514135,50.9248051,-1.3760197
100062514136,50.926597,-1.376451
100062514137,50.9277835,-1.3766959
100062514160,50.9255516,-1.3725252
100062514162,50.9255877,-1.3723341
100062514163,50.9255862,-1.3723318
100062514164,50.9227731,-1.3744107
100062514165,50.9227731,-1.3744107
100062514166,50.9227731,-1.3744107
100062514167,50.9227731,-1.3744107
100062514168,50.9227731,-1.3744107
100062514169,50.9227731,-1.3744107
100062514170,50.9227731,-1.3744107
100062514171,50.9224502,-1.3745716
100062514172,50.9224502,-1.3745716
100062514173,50.9224502,-1.3745716
100062514174,50.9224502,-1.3745716
100062514175,50.9224502,-1.3745716
100062514176,50.9224502,-1.3745716
100062514177,50.9224502,-1.3745716
100062514178,50.9224502,-1.3745716
100062514179,50.9224502,-1.3745716
100062514180,50.9226669,-1.3747252
100062514181,50.9226669,-1.3747252
100062514182,50.9226669,-1.3747252
100062514183,50.9226669,-1.3747252
100062514184,50.9225687,-1.3748687
100062514185,50.9225687,-1.3748687
100062514186,50.9225687,-1.3748687
100062514187,50.9225687,-1.3748687
100062514188,50.9224797,-1.3750407
100062514189,50.9224797,-1.3750407
100062514190,50.9224797,-1.3750407
100062514191,50.9224797,-1.3750407
100062514192,50.9224797,-1.3750407
100062514193,50.9224797,-1.3750407
100062514194,50.9224253,-1.374956
100062514195,50.9224253,-1.374956
100062514196,50.9224253,-1.374956
100062514197,50.9224253,-1.374956
100062514198,50.9224253,-1.374956
100062514199,50.9224253,-1.374956
100062514200,50.9203832,-1.3731339
100062514201,50.9203832,-1.3731339
100062514202,50.9203832,-1.3731339
100062514203,50.9203832,-1.3731339
100062514204,50.9203832,-1.3731339
100062514205,50.9203832,-1.3731339
100062514206,50.9203832,-1.3731339
100062514207,50.9203832,-1.3731339
100062514208,50.9171195,-1.3839416
100062514209,50.9227376,-1.3728319
100062514210,50.9227376,-1.3728319
100062514211,50.9227376,-1.3728319
100062514212,50.9227376,-1.3728319
100062514213,50.9227376,-1.3728319
100062514214,50.9227376,-1.3728319
100062514215,50.9227376,-1.3728319
100062514216,50.9227376,-1.3728319
100062514217,50.9227376,-1.3728319
100062514218,50.9227376,-1.3728319
100062514219,50.9227376,-1.3728319
100062514220,50.9227376,-1.3728319
100062514221,50.9227376,-1.3728319
100062514222,50.921367,-1.3738178
100062514223,50.921367,-1.3738178
100062514224,50.921367,-1.3738178
100062514225,50.921367,-1.3738178
100062514226,50.921367,-1.3738178
100062514227,50.921367,-1.3738178
100062514228,50.921367,-1.3738178
100062514229,50.921367,-1.3738178
100062514230,50.921367,-1.3738178
100062514231,50.921367,-1.3738178
100062514232,50.9173296,-1.3772151
100062514233,50.919132,-1.3729089
100062514234,50.919132,-1.3729089
100062514235,50.919132,-1.3729089
100062514236,50.919132,-1.3729089
100062514237,50.919132,-1.3729089
100062514238,50.919132,-1.3729089
100062514239,50.919132,-1.3729089
100062514240,50.919132,-1.3729089
100062514241,50.9237151,-1.3756644
100062514242,50.9278041,-1.3785265
100062514243,50.9278041,-1.3785265
100062514244,50.9278041,-1.3785265
100062514245,50.9278041,-1.3785265
100062514246,50.9278041,-1.3785265
100062514247,50.9278041,-1.3785265
100062514248,50.9278041,-1.3785265
100062514249,50.9278041,-1.3785265
100062514250,50.9278041,-1.3785265
100062514251,50.9278041,-1.3785265
100062514252,50.9278041,-1.3785265
100062514253,50.9278041,-1.3785265
100062514254,50.9278041,-1.3785265
100062514255,50.9278041,-1.3785265
100062514256,50.9278041,-1.3785265
100062514257,50.9278041,-1.3785265
100062514258,50.9278041,-1.3785265
100062514259,50.9278041,-1.3785265
100062514260,50.9278041,-1.3785265
100062514261,50.9278041,-1.3785265
100062514262,50.9278041,-1.3785265
100062514263,50.9278041,-1.3785265
100062514264,50.9278041,-1.3785265
100062514265,50.9278041,-1.3785265
100062514266,50.9278041,-1.3785265
100062514267,50.9278041,-1.3785265
100062514268,50.9278041,-1.3785265
100062514269,50.9278041,-1.3785265
100062514270,50.9278041,-1.3785265
100062514271,50.9278041,-1.3785265
100062514272,50.9278041,-1.3785265
100062514273,50.9278041,-1.3785265
100062514274,50.9278041,-1.3785265
100062514275,50.9278041,-1.3785265
100062514276,50.9278041,-1.3785265
100062514277,50.9278041,-1.3785265
100062514278,50.9278041,-1.3785265
100062514279,50.9278041,-1.3785265
100062514280,50.9278041,-1.3785265
100062514281,50.9278041,-1.3785265
100062514282,50.9278041,-1.3785265
100062514283,50.9278041,-1.3785265
100062514284,50.9278041,-1.3785265
100062514285,50.9278041,-1.3785265
100062514286,50.9278041,-1.3785265
100062514287,50.9278041,-1.3785265
100062514288,50.9278041,-1.3785265
100062514289,50.9278041,-1.3785265
100062514290,50.9278041,-1.3785265
100062514291,50.9278041,-1.3785265
100062514292,50.9278041,-1.3785265
100062514293,50.9278041,-1.3785265
100062514294,50.9278041,-1.3785265
100062514295,50.9278041,-1.3785265
100062514296,50.9278041,-1.3785265
100062514297,50.9278041,-1.3785265
100062514298,50.9278041,-1.3785265
100062514299,50.9278041,-1.3785265
100062514300,50.9278041,-1.3785265
100062514301,50.9278041,-1.3785265
100062514302,50.9178961,-1.3738502
100062514304,50.9245512,-1.3756389
100062514305,50.925504,-1.375555
100062514306,50.9278041,-1.3785265
100062514307,50.9278041,-1.3785265
100062514308,50.9278041,-1.3785265
100062514309,50.9278041,-1.3785265
100062514310,50.9242231,-1.376497
100062514311,50.9242231,-1.376497
100062514312,50.9214087,-1.3765489
100062514313,50.9214087,-1.3765489
100062514314,50.9214087,-1.3765489
100062514315,50.9214087,-1.3765489
100062514316,50.9214087,-1.3765489
100062514317,50.9214087,-1.3765489
100062514318,50.9214087,-1.3765489
100062514319,50.9214087,-1.3765489
100062514320,50.9214087,-1.3765489
100062514321,50.9214087,-1.3765489
100062514322,50.9214087,-1.3765489
100062514323,50.9214087,-1.3765489
100062514324,50.9216061,-1.3747963
100062514325,50.9213168,-1.3728368
100062514326,50.9198986,-1.3733254
100062514327,50.9198986,-1.3733254
100062514328,50.9198986,-1.3733254
100062514329,50.9198986,-1.3733254
100062514330,50.9198986,-1.3733254
100062514331,50.9198986,-1.3733254
100062514332,50.9198986,-1.3733254
100062514333,50.9198986,-1.3733254
100062514334,50.9198986,-1.3733254
100062514335,50.9198986,-1.3733254
100062514336,50.9198986,-1.3733254
100062514337,50.9240008,-1.3736117
100062514338,50.9240008,-1.3736117
100062514339,50.9240008,-1.3736117
100062514340,50.9240008,-1.3736117
100062514341,50.9240008,-1.3736117
100062514342,50.9240008,-1.3736117
100062514343,50.9240008,-1.3736117
100062514345,50.9182385,-1.3840742
100062514346,50.9182385,-1.3840742
100062514347,50.9182385,-1.3840742
100062514348,50.9182034,-1.3842454
100062514349,50.9182034,-1.3842454
100062514350,50.9182034,-1.3842454
100062514351,50.9182034,-1.3842454
100062514352,50.9182034,-1.3842454
100062514353,50.9181786,-1.3846441
100062514354,50.9181786,-1.3846441
100062514355,50.9181786,-1.3846441
100062514356,50.9181786,-1.3846441
100062514357,50.921262,-1.3743599
100062514358,50.921262,-1.3743599
100062514359,50.921262,-1.3743599
100062514360,50.921262,-1.3743599
100062514361,50.921262,-1.3743599
100062514362,50.9201915,-1.3726101
100062514363,50.9201915,-1.3726101
100062514364,50.9201915,-1.3726101
100062514365,50.9201915,-1.3726101
100062514366,50.9201915,-1.3726101
100062514367,50.9281778,-1.3677499
100062514368,50.9281328,-1.3677363
100062514369,50.9281778,-1.3677499
100062514370,50.9281328,-1.3677363
100062514371,50.9281778,-1.3677499
100062514372,50.9281328,-1.3677363
100062514373,50.9210918,-1.374476
100062514374,50.9210918,-1.374476
100062514375,50.9210918,-1.374476
100062514376,50.9210918,-1.374476
100062514377,50.9210918,-1.374476
100062514378,50.9163043,-1.3805576
100062514379,50.9167673,-1.378005
100062514380,50.9163815,-1.3783177
100062514381,50.9203952,-1.3787249
100062514382,50.9205488,-1.3788509
100062514383,50.9205933,-1.3787649
100062514384,50.9206378,-1.378679
100062514385,50.9206734,-1.3786074
100062514386,50.9174252,-1.3746953
100062514387,50.9164804,-1.3697864
100062514388,50.9164165,-1.3696166
100062514389,50.917826,-1.3742068
100062514390,50.917871,-1.3744789
100062514391,50.9178646,-1.3743713
100062514393,50.9169302,-1.369823
100062514394,50.9159615,-1.3669483
100062514395,50.9178041,-1.3852607
100062514396,50.9178041,-1.3852607
100062514397,50.9180656,-1.3853853
100062514398,50.9182412,-1.3795218
100062514399,50.9182042,-1.3793231
100062514400,50.9181944,-1.3791668
100062514401,50.9180986,-1.3780726
100062514402,50.9181892,-1.3798781
100062514403,50.9183851,-1.3828915
100062514404,50.9195086,-1.3816189
100062514405,50.9194839,-1.3818996
100062514407,50.9195091,-1.3795049
100062514408,50.9233174,-1.3752998
100062514409,50.9240379,-1.3754893
100062514410,50.9242228,-1.3764259
100062514411,50.9241677,-1.3762274
100062514412,50.9225553,-1.3740437
100062514423,50.9210835,-1.3729253
100062514424,50.9184232,-1.3732029
100062514425,50.9236213,-1.3715964
100062514426,50.9236188,-1.3744847
100062514427,50.9236188,-1.3744847
100062514428,50.9236188,-1.3744847
100062514429,50.9240008,-1.3736117
100062514430,50.9240008,-1.3736117
100062514431,50.9240008,-1.3736117
100062514432,50.9254684,-1.368925
100062514433,50.9254416,-1.3689538
100062514434,50.9253968,-1.3689971
100062514435,50.9253611,-1.3690403
100062514436,50.9242185,-1.3756291
100062514437,50.9244343,-1.3756263
100062514438,50.9246233,-1.3756522
100062514439,50.924722,-1.3756224
100062514440,50.9248388,-1.3755924
100062514441,50.9248838,-1.375606
100062514442,50.9249465,-1.3755625
100062514443,50.9249826,-1.3755904
100062514444,50.9250904,-1.3755605
100062514445,50.9246973,-1.3760353
100062514446,50.9248051,-1.3760197
100062514447,50.9248683,-1.3760615
100062514448,50.9250748,-1.3760018
100062514449,50.9171432,-1.3839201
100062514450,50.9163713,-1.3863892
100062514451,50.9165074,-1.3866292
100062514452,50.9169413,-1.3853432
100062514453,50.9188839,-1.3735951
100062514454,50.9188839,-1.3735951
100062514455,50.9188839,-1.3735951
100062514456,50.9188839,-1.3735951
100062514457,50.9188839,-1.3735951
100062514458,50.9188839,-1.3735951
100062514459,50.9188839,-1.3735951
100062514460,50.9188839,-1.3735951
100062514461,50.9188839,-1.3735951
100062514462,50.9188839,-1.3735951
100062514463,50.9281387,-1.3721758
100062514464,50.9269606,-1.3721632
100062514465,50.9257772,-1.3728337
100062514466,50.9259742,-1.3726887
100062514467,50.9262972,-1.3725421
100062514468,50.9288808,-1.373048
100062514469,50.9288808,-1.373048
100062514470,50.9296839,-1.3718845
100062514471,50.9195471,-1.3748523
100062514472,50.9195471,-1.3748523
100062514473,50.9195471,-1.3748523
100062514474,50.9195471,-1.3748523
100062514475,50.9195471,-1.3748523
100062514476,50.9195471,-1.3748523
100062514477,50.9195471,-1.3748523
100062514478,50.9195471,-1.3748523
100062514479,50.9195471,-1.3748523
100062514480,50.9195471,-1.3748523
100062514481,50.9175181,-1.3754628
100062514482,50.9187603,-1.3757022
100062514483,50.921584,-1.3756929
100062514484,50.921503,-1.375694
100062514485,50.9192538,-1.3771752
100062514486,50.9192538,-1.3771752
100062514487,50.9192538,-1.3771752
100062514488,50.9192538,-1.3771752
100062514489,50.9192538,-1.3771752
100062514490,50.9192538,-1.3771752
100062514491,50.9192538,-1.3771752
100062514492,50.9192538,-1.3771752
100062514493,50.9192538,-1.3771752
100062514494,50.9192538,-1.3771752
100062514495,50.9192538,-1.3771752
100062514496,50.9192538,-1.3771752
100062514497,50.9192538,-1.3771752
100062514498,50.9192538,-1.3771752
100062514499,50.9192538,-1.3771752
100062514500,50.9192538,-1.3771752
100062514501,50.9192538,-1.3771752
100062514502,50.9192538,-1.3771752
100062514503,50.9192538,-1.3771752
100062514504,50.9192538,-1.3771752
100062514505,50.9192538,-1.3771752
100062514506,50.9192538,-1.3771752
100062514507,50.9192538,-1.3771752
100062514508,50.9192538,-1.3771752
100062514509,50.9192538,-1.3771752
100062514510,50.9179754,-1.3853296
100062514511,50.9188349,-1.3745204
100062514512,50.9188349,-1.3745204
100062514513,50.9188349,-1.3745204
100062514514,50.9188349,-1.3745204
100062514515,50.9188349,-1.3745204
100062514516,50.9188349,-1.3745204
100062514517,50.9188349,-1.3745204
100062514518,50.9188349,-1.3745204
100062514519,50.9188349,-1.3745204
100062514520,50.9188349,-1.3745204
100062514521,50.9188349,-1.3745204
100062514522,50.9188349,-1.3745204
100062514523,50.9188349,-1.3745204
100062514524,50.9188349,-1.3745204
100062514525,50.919094,-1.3775472
100062514526,50.919094,-1.3775472
100062514527,50.919094,-1.3775472
100062514528,50.919094,-1.3775472
100062514529,50.919094,-1.3775472
100062514530,50.919094,-1.3775472
100062514531,50.919094,-1.3775472
100062514532,50.919094,-1.3775472
100062514533,50.919094,-1.3775472
100062514534,50.919094,-1.3775472
100062514536,50.9172262,-1.3831202
100062514537,50.917644,-1.38219
100062514538,50.9165238,-1.3846232
100062514539,50.9253664,-1.3750446
100062514540,50.9216982,-1.375199
100062514541,50.9217689,-1.375513
100062514542,50.9175369,-1.375619
100062514543,50.9163043,-1.3805576
100062514544,50.9173141,-1.3861207
100062514545,50.9229827,-1.3749823
100062514546,50.9234884,-1.3753259
100062514547,50.9239386,-1.3754195
100062514548,50.9242231,-1.376497
100062514549,50.924077,-1.3760863
100062514550,50.9234884,-1.3753259
100062514551,50.9242166,-1.3763201
100062514552,50.9231441,-1.3748468
100062514553,50.9192538,-1.3771752
100062514554,50.9200928,-1.3726541
100062514556,50.9184083,-1.3737864
100062514557,50.9238838,-1.3719201
100062514558,50.9238838,-1.3719201
100062514559,50.9238838,-1.3719201
100062514560,50.9238838,-1.3719201
100062514561,50.9238838,-1.3719201
100062514562,50.9276467,-1.3693081
100062514563,50.9171498,-1.3856677
100062514564,50.9290593,-1.3761476
100062514565,50.9274971,-1.3782887
100062514566,50.9274971,-1.3782887
100062514567,50.9274971,-1.3782887
100062514568,50.9274971,-1.3782887
100062514569,50.9177232,-1.381876
100062514570,50.9177232,-1.381876
100062514572,50.9181892,-1.3798781
100062514573,50.93233,-1.370625
100062514574,50.9215056,-1.3711412
100062514575,50.9194639,-1.3744266
100062514576,50.9175685,-1.373129
100062514577,50.9175685,-1.373129
100062514578,50.9175685,-1.373129
100062514579,50.9175685,-1.373129
100062514580,50.9175685,-1.373129
100062514581,50.9175685,-1.373129
100062514582,50.9175685,-1.373129
100062514583,50.9175685,-1.373129
100062514584,50.9175685,-1.373129
100062514585,50.9175685,-1.373129
100062514586,50.9175685,-1.373129
100062514587,50.9175685,-1.373129
100062514588,50.9175685,-1.373129
100062514589,50.9175685,-1.373129
100062514590,50.9175685,-1.373129
100062514591,50.9175685,-1.373129
100062514592,50.9175685,-1.373129
100062514593,50.9180552,-1.3733359
100062514594,50.9180552,-1.3733359
100062514595,50.9180552,-1.3733359
100062514596,50.9180552,-1.3733359
100062514597,50.9180552,-1.3733359
100062514598,50.9180552,-1.3733359
100062514600,50.93233,-1.370625
100062514601,50.9167238,-1.386726
100062514603,50.9318754,-1.3730646
100062514604,50.9250455,-1.3755754
100062514605,50.9229844,-1.3735827
100062514606,50.9229844,-1.3735827
100062514607,50.9229844,-1.3735827
100062514608,50.9229844,-1.3735827
100062514609,50.9229844,-1.3735827
100062514610,50.9229844,-1.3735827
100062514611,50.9229844,-1.3735827
100062514612,50.9229844,-1.3735827
100062514613,50.9229844,-1.3735827
100062514614,50.9163195,-1.3783382
100062514615,50.9162763,-1.3786802
100062514616,50.9250904,-1.3755605
100062514617,50.9168325,-1.3851739
100062514618,50.9162261,-1.3861493
100062514619,50.9168594,-1.3868665
100062514620,50.9167366,-1.3783818
100062514621,50.9291472,-1.3724183
100062514622,50.9291472,-1.3724183
100062514623,50.9291472,-1.3724183
100062514624,50.9291472,-1.3724183
100062514625,50.9291472,-1.3724183
100062514626,50.9291472,-1.3724183
100062514627,50.9291472,-1.3724183
100062514628,50.9291472,-1.3724183
100062514629,50.9291472,-1.3724183
100062514630,50.9291472,-1.3724183
100062514633,50.9196061,-1.3808267
100062514634,50.9197511,-1.3812213
100062514635,50.9197526,-1.3812213
100062514636,50.9197511,-1.3812213
100062514637,50.9182449,-1.3785259
100062514638,50.9242156,-1.3763219
100062514640,50.933265,-1.363938
100062514641,50.9334823,-1.3642054
100062514642,50.9271942,-1.3654581
100062514643,50.9271942,-1.3654581
100062514661,50.9398973,-1.3747926
100062514663,50.9396145,-1.3657015
100062514664,50.9266941,-1.3644405
100062514666,50.9337691,-1.3640307
100062514667,50.9373585,-1.3776162
100062514668,50.9366986,-1.3769369
100062514670,50.9268629,-1.3640682
100062514671,50.9235336,-1.3604003
100062514678,50.9315673,-1.3676042
100062514679,50.9325548,-1.3689569
100062514684,50.9306306,-1.3673465
100062514685,50.9305855,-1.3673187
100062514686,50.926426,-1.3639885
100062514687,50.9332916,-1.3638664
100062514693,50.9327571,-1.3714588
100062514694,50.9368386,-1.377922
100062514695,50.93801,-1.3716583
100062514696,50.9334159,-1.3635801
100062514697,50.9335185,-1.3642618
100062514698,50.9333805,-1.3636802
100062514699,50.9333449,-1.3637519
100062514700,50.9333183,-1.3638234
100062514701,50.9332916,-1.3638664
100062514702,50.9333825,-1.3640502
100062514703,50.9334188,-1.3641066
100062514704,50.9334552,-1.3641915
100062514707,50.9319943,-1.3684238
100062514708,50.9319678,-1.3684953
100062514709,50.9320759,-1.3685365
100062514710,50.9319943,-1.3684238
100062514711,50.9319678,-1.3684953
100062514713,50.933588,-1.3638055
100062514714,50.933588,-1.3638055
100062514715,50.933588,-1.3638055
100062514754,50.9346103,-1.3799726
100062514755,50.9271942,-1.3654581
100062514756,50.9271942,-1.3654581
100062514757,50.9271942,-1.3654581
100062514758,50.9271942,-1.3654581
100062514759,50.9271942,-1.3654581
100062514760,50.9271942,-1.3654581
100062514761,50.9271942,-1.3654581
100062514762,50.9271942,-1.3654581
100062514763,50.9271942,-1.3654581
100062514764,50.9271942,-1.3654581
100062514765,50.9271942,-1.3654581
100062514766,50.9271942,-1.3654581
100062514767,50.9271942,-1.3654581
100062514768,50.9271942,-1.3654581
100062514769,50.9380888,-1.3729524
100062514770,50.9380888,-1.3729524
100062514771,50.9380888,-1.3729524
100062514772,50.9380888,-1.3729524
100062514773,50.9380888,-1.3729524
100062514774,50.9380888,-1.3729524
100062514775,50.9380888,-1.3729524
100062514776,50.9380888,-1.3729524
100062514777,50.9380888,-1.3729524
100062514778,50.9380888,-1.3729524
100062514779,50.9380888,-1.3729524
100062514780,50.9380888,-1.3729524
100062514781,50.9380888,-1.3729524
100062514782,50.9380888,-1.3729524
100062514783,50.9380888,-1.3729524
100062514784,50.9380888,-1.3729524
100062514785,50.9380888,-1.3729524
100062514786,50.9380888,-1.3729524
100062514787,50.9380888,-1.3729524
100062514788,50.9380888,-1.3729524
100062514789,50.9380888,-1.3729524
100062514790,50.9380888,-1.3729524
100062514791,50.9380888,-1.3729524
100062514792,50.9380888,-1.3729524
100062514793,50.9380888,-1.3729524
100062514794,50.9380888,-1.3729524
100062514795,50.9380888,-1.3729524
100062514796,50.9380888,-1.3729524
100062514797,50.9380888,-1.3729524
100062514798,50.9380888,-1.3729524
100062514799,50.9380888,-1.3729524
100062514800,50.9380888,-1.3729524
100062514801,50.9380888,-1.3729524
100062514802,50.9380888,-1.3729524
100062514803,50.9380888,-1.3729524
100062514804,50.9380888,-1.3729524
100062514805,50.9380888,-1.3729524
100062514806,50.9380888,-1.3729524
100062514813,50.9318416,-1.3684543
100062514814,50.9318416,-1.3684543
100062514815,50.9318416,-1.3684543
100062514816,50.9318416,-1.3684543
100062514817,50.9318416,-1.3684543
100062514818,50.9318416,-1.3684543
100062514828,50.933163,-1.3633701
100062514829,50.9332525,-1.3632977
100062514830,50.9331982,-1.3632273
100062514831,50.933163,-1.3633701
100062514832,50.9332525,-1.3632977
100062514833,50.9331982,-1.3632273
100062514834,50.933163,-1.3633701
100062514835,50.9332525,-1.3632977
100062514836,50.9331982,-1.3632273
100062514837,50.938013,-1.3705482
100062514838,50.938013,-1.3705482
100062514839,50.938013,-1.3705482
100062514840,50.938013,-1.3705482
100062514841,50.938013,-1.3705482
100062514842,50.938013,-1.3705482
100062514843,50.938013,-1.3705482
100062514844,50.938013,-1.3705482
100062514845,50.938013,-1.3705482
100062514846,50.938013,-1.3705482
100062514847,50.9384135,-1.3664437
100062514848,50.9384129,-1.3663441
100062514849,50.9383228,-1.3663169
100062514850,50.9384135,-1.3664437
100062514851,50.9384129,-1.3663441
100062514852,50.9383228,-1.3663169
100062514853,50.9384135,-1.3664437
100062514854,50.9383228,-1.3663169
100062514855,50.9382888,-1.3666732
100062514856,50.9382895,-1.3668012
100062514857,50.93829,-1.3669009
100062514858,50.9382888,-1.3666732
100062514859,50.9382895,-1.3668012
100062514860,50.93829,-1.3669009
100062514861,50.9382888,-1.3666732
100062514862,50.9382895,-1.3668012
100062514863,50.93829,-1.3669009
100062514864,50.9382727,-1.367015
100062514865,50.9382551,-1.3671006
100062514866,50.9381655,-1.3671445
100062514867,50.9382727,-1.367015
100062514868,50.9382551,-1.3671006
100062514869,50.9381655,-1.3671445
100062514870,50.9382551,-1.3671006
100062514871,50.9381655,-1.3671445
100062514872,50.9381571,-1.3672585
100062514873,50.9381577,-1.3673723
100062514874,50.9381403,-1.3674864
100062514875,50.9381571,-1.3672585
100062514876,50.9381577,-1.3673723
100062514877,50.9381403,-1.3674864
100062514878,50.9382224,-1.3676988
100062514879,50.938123,-1.3676005
100062514880,50.9381683,-1.3676711
100062514881,50.9382224,-1.3676988
100062514882,50.9381614,-1.3680554
100062514883,50.9380988,-1.3681275
100062514884,50.938145,-1.3683546
100062514885,50.9381614,-1.3680554
100062514886,50.9380988,-1.3681275
100062514887,50.938145,-1.3683546
100062514888,50.938145,-1.3683546
100062514889,50.9380988,-1.3681275
100062514890,50.938145,-1.3683546
100062514891,50.938145,-1.3683546
100062514892,50.938145,-1.3683546
100062514893,50.93811,-1.3685258
100062514894,50.93811,-1.3685258
100062514895,50.9380035,-1.3687835
100062514896,50.93811,-1.3685258
100062514897,50.93811,-1.3685258
100062514898,50.9380035,-1.3687835
100062514899,50.93811,-1.3685258
100062514900,50.9380035,-1.3687835
100062514901,50.9380035,-1.3687835
100062514902,50.9380035,-1.3687835
100062514903,50.9379686,-1.3689974
100062514904,50.9379686,-1.3689974
100062514905,50.9380035,-1.3687835
100062514906,50.9380035,-1.3687835
100062514907,50.9379686,-1.3689974
100062514908,50.9381577,-1.3673723
100062514909,50.9381403,-1.3674864
100062514910,50.938123,-1.3676005
100062514911,50.9379686,-1.3689974
100062514912,50.9380035,-1.3687835
100062514913,50.9292446,-1.3654728
100062514914,50.9292446,-1.3654728
100062514915,50.9291725,-1.3654454
100062514916,50.9291725,-1.3654454
100062514917,50.9398973,-1.3747926
100062514918,50.9398973,-1.3747926
100062514919,50.9398973,-1.3747926
100062514920,50.9398973,-1.3747926
100062514921,50.9398973,-1.3747926
100062514922,50.9398973,-1.3747926
100062514923,50.9398973,-1.3747926
100062514924,50.9398973,-1.3747926
100062514925,50.9398973,-1.3747926
100062514926,50.9398973,-1.3747926
100062514927,50.9398973,-1.3747926
100062514929,50.9262991,-1.3612729
100062514930,50.9262991,-1.3612729
100062514931,50.9262991,-1.3612729
100062514932,50.9262991,-1.3612729
100062514934,50.9381683,-1.3676711
100062514935,50.9268141,-1.3650222
100062514940,50.9334159,-1.3635801
100062514941,50.9333449,-1.3637519
100062514942,50.9333183,-1.3638234
100062514943,50.9334823,-1.3642054
100062514945,50.9373585,-1.3776162
100062514948,50.9265185,-1.3635749
100062514950,50.9320759,-1.3685365
100062514952,50.9397768,-1.3691152
100062514955,50.9335185,-1.3642618
100062514956,50.9347713,-1.3764411
100062514957,50.9333825,-1.3640502
100062514958,50.927096,-1.3622864
100062514959,50.9333805,-1.3636802
100062514965,50.93801,-1.3716583
100062514966,50.93801,-1.3716583
100062514967,50.93801,-1.3716583
100062514968,50.9379273,-1.3713321
100062514969,50.9379273,-1.3713321
100062514970,50.9379273,-1.3713321
100062514971,50.9379273,-1.3713321
100062514972,50.9379273,-1.3713321
100062514973,50.9379273,-1.3713321
100062514974,50.9378442,-1.3709347
100062514975,50.9377902,-1.3709354
100062514976,50.9377453,-1.3709361
100062515107,50.9380364,-1.3616098
100062515108,50.9379326,-1.3607146
100062515114,50.91992,-1.3689432
100062515115,50.9221559,-1.3683297
100062515118,50.9182861,-1.3711277
100062515119,50.9202953,-1.3701617
100062515120,50.9202953,-1.3701617
100062515121,50.9202953,-1.3701617
100062515122,50.9202953,-1.3701617
100062515123,50.9202953,-1.3701617
100062515124,50.9202953,-1.3701617
100062515125,50.925948,-1.3645076
100062515126,50.9259028,-1.3644513
100062515127,50.9258667,-1.3644376
100062515128,50.9258036,-1.3643957
100062515129,50.9257855,-1.3643818
100062515130,50.9257489,-1.3642684
100062515131,50.925713,-1.3642831
100062515132,50.9256767,-1.3642125
100062515133,50.9256136,-1.3641991
100062515134,50.9198124,-1.3706661
100062515135,50.9198124,-1.3706661
100062515136,50.9199928,-1.3707775
100062515137,50.9199928,-1.3707775
100062515138,50.9200209,-1.3709763
100062515139,50.9200209,-1.3709763
100062515142,50.9208976,-1.3664608
100062515143,50.9176823,-1.3692153
100062515144,50.9176823,-1.3692153
100062515145,50.9176823,-1.3692153
100062515146,50.9176823,-1.3692153
100062515147,50.9182861,-1.3711277
100062515148,50.9182861,-1.3711277
100062515149,50.9182861,-1.3711277
100062515150,50.9182861,-1.3711277
100062515151,50.9182861,-1.3711277
100062515152,50.9182861,-1.3711277
100062515153,50.9182861,-1.3711277
100062515154,50.9182861,-1.3711277
100062515155,50.9182861,-1.3711277
100062515156,50.9182861,-1.3711277
100062515157,50.9182861,-1.3711277
100062515158,50.9182861,-1.3711277
100062515159,50.9182861,-1.3711277
100062515160,50.9182861,-1.3711277
100062515161,50.9182861,-1.3711277
100062515162,50.9182861,-1.3711277
100062515163,50.9182861,-1.3711277
100062515164,50.9182861,-1.3711277
100062515165,50.9182861,-1.3711277
100062515166,50.9182861,-1.3711277
100062515167,50.9182861,-1.3711277
100062515168,50.9182861,-1.3711277
100062515169,50.917413,-1.3693043
100062515170,50.917413,-1.3693043
100062515171,50.9203393,-1.3633464
100062515172,50.925948,-1.3645076
100062515173,50.9259028,-1.3644513
100062515174,50.9258667,-1.3644376
100062515175,50.9258036,-1.3643957
100062515176,50.9257855,-1.3643818
100062515177,50.925713,-1.3642831
100062515178,50.9256767,-1.3642125
100062515179,50.9256136,-1.3641991
100062515180,50.9262498,-1.3637778
100062515181,50.9176066,-1.3668548
100062515182,50.9172972,-1.3628616
100062515183,50.9188472,-1.3717888
100062515184,50.9202624,-1.3707312
100062515451,50.9150072,-1.3611942
100062515457,50.9150788,-1.3617254
100062515458,50.9151274,-1.3607432
100062515459,50.9148784,-1.3613159
100062515461,50.915221,-1.3608524
100062515480,50.9173451,-1.3601153
100062515481,50.9173451,-1.3601153
100062515482,50.9173451,-1.3601153
100062515483,50.9173451,-1.3601153
100062515484,50.9173451,-1.3601153
100062515485,50.9173451,-1.3601153
100062515486,50.9173451,-1.3601153
100062515487,50.9173451,-1.3601153
100062515488,50.9173451,-1.3601153
100062515489,50.9173451,-1.3601153
100062515490,50.9173451,-1.3601153
100062515491,50.9173451,-1.3601153
100062515492,50.9173451,-1.3601153
100062515493,50.9173451,-1.3601153
100062515494,50.9173451,-1.3601153
100062515495,50.9173451,-1.3601153
100062515496,50.9173451,-1.3601153
100062515497,50.9173451,-1.3601153
100062515498,50.9173451,-1.3601153
100062515499,50.9173451,-1.3601153
100062515500,50.9173451,-1.3601153
100062515501,50.9173451,-1.3601153
100062515502,50.9173451,-1.3601153
100062515503,50.9173451,-1.3601153
100062515504,50.9173451,-1.3601153
100062515505,50.9173451,-1.3601153
100062515506,50.9173451,-1.3601153
100062515507,50.9173451,-1.3601153
100062515508,50.9173451,-1.3601153
100062515509,50.9173451,-1.3601153
100062515510,50.9173451,-1.3601153
100062515511,50.9173451,-1.3601153
100062515512,50.9173451,-1.3601153
100062515513,50.9173451,-1.3601153
100062515514,50.9173451,-1.3601153
100062515515,50.9173451,-1.3601153
100062515516,50.9173451,-1.3601153
100062515517,50.9173451,-1.3601153
100062515518,50.9173451,-1.3601153
100062515519,50.9173451,-1.3601153
100062515611,50.9173451,-1.3601153
100062515612,50.9173451,-1.3601153
100062515613,50.9173451,-1.3601153
100062515614,50.9173451,-1.3601153
100062515615,50.9173451,-1.3601153
100062515616,50.9173451,-1.3601153
100062515617,50.9173451,-1.3601153
100062515618,50.9173451,-1.3601153
100062515619,50.9173451,-1.3601153
100062515620,50.9173451,-1.3601153
100062515621,50.9173451,-1.3601153
100062515622,50.9173451,-1.3601153
100062515661,50.914781,-1.3615445
100062515662,50.9148432,-1.3614014
100062515663,50.914781,-1.3615445
100062515665,50.9150431,-1.3617685
100062515666,50.9151019,-1.3620592
100062515667,50.9149002,-1.3619554
100062515668,50.9148024,-1.3621701
100062515669,50.9148201,-1.362113
100062515670,50.9148556,-1.3620272
100062515671,50.9149002,-1.3619554
100062515672,50.9149538,-1.3618836
100062515673,50.9153137,-1.3617584
100062515674,50.9151274,-1.3607432
100062515675,50.9148075,-1.3614446
100062515676,50.9150911,-1.3610448
100062516195,50.9112805,-1.3627446
100062516234,50.9174638,-1.3754066
100062516237,50.9135963,-1.3652592
100062516238,50.9153214,-1.3716514
100062516239,50.9114398,-1.3672515
100062516240,50.9135584,-1.3649041
100062516243,50.9171213,-1.3752689
100062516244,50.9174188,-1.3754072
100062516245,50.9173557,-1.3753796
100062516246,50.913559,-1.3650179
100062516247,50.9172475,-1.3753099
100062516248,50.9173016,-1.3753519
100062516446,50.9135557,-1.3644063
100062516447,50.9136622,-1.3641488
100062516448,50.9140093,-1.3634897
100062516449,50.9140268,-1.3634041
100062516450,50.9144277,-1.3627158
100062516456,50.9102958,-1.3702113
100062516463,50.9134264,-1.3637821
100062516472,50.910571,-1.3645749
100062516473,50.9104155,-1.3640934
100062516508,50.9134901,-1.3622734
100062516510,50.9125762,-1.3628976
100062516565,50.9130088,-1.3614265
100062516566,50.9104822,-1.371432
100062516580,50.9139113,-1.3636617
100062516581,50.9140093,-1.3634897
100062516661,50.9134901,-1.3622734
100062516669,50.9134901,-1.3622734
100062516672,50.9105511,-1.3675338
100062516691,50.910571,-1.3645749
100062516695,50.9139113,-1.3636617
100062650407,50.9240387,-1.3857477
100062650423,50.9136863,-1.3603362
100062650424,50.9143548,-1.3625319
100062650587,50.9114741,-1.3833459
100062650637,50.9383285,-1.3866056
100062650639,50.9384724,-1.3824404
100062650640,50.938149,-1.3825158
100062650795,50.9227272,-1.3742406
100062650798,50.9241358,-1.3761672
100062650800,50.9240321,-1.3760869
100062650967,50.9113389,-1.3870528
100062650997,50.9180656,-1.3853853
100062650998,50.9181949,-1.386038
100062650999,50.9181949,-1.386038
100062651000,50.9181949,-1.386038
100062651001,50.9181949,-1.386038
100062651002,50.9181949,-1.386038
100062651003,50.9181949,-1.386038
100062651004,50.9181949,-1.386038
100062651005,50.9181949,-1.386038
100062651006,50.9181949,-1.386038
100062651007,50.9181949,-1.386038
100062651009,50.9176503,-1.3850778
100062651039,50.9371299,-1.3802807
100062651040,50.9377409,-1.3801729
100062651045,50.9393749,-1.3796815
100062651046,50.9394285,-1.3796096
100062651047,50.939599,-1.3795504
100062651127,50.9176066,-1.3668548
100062651131,50.9295609,-1.3825016
100062651149,50.937234,-1.3812471
100062651151,50.9366693,-1.3815819
100062651159,50.9265185,-1.3635749
100062651254,50.9112265,-1.3777517
100062651255,50.9111177,-1.3809394
100062651256,50.9111177,-1.3809394
100062651257,50.9111177,-1.3809394
100062651258,50.9105732,-1.3817004
100062651259,50.9111476,-1.3818174
100062651260,50.9111177,-1.3809394
100062651269,50.9215474,-1.3755796
100062651270,50.9215474,-1.3755796
100062651271,50.9215474,-1.3755796
100062651272,50.9215474,-1.3755796
100062651274,50.9182208,-1.3757094
100062651275,50.9181721,-1.3766917
100062651282,50.924174,-1.3757293
100062651283,50.9243553,-1.3756758
100062651302,50.9379326,-1.3607146
100062651347,50.9128213,-1.3833918
100062651457,50.9145637,-1.3899819
100062651458,50.9145637,-1.3899818
100062651459,50.9145638,-1.3899818
100062651460,50.9145638,-1.3899818
100062651461,50.9145638,-1.3899818
100062651462,50.9145638,-1.3899818
100062651463,50.9145638,-1.3899818
100062651464,50.9145638,-1.3899818
100062651465,50.9145638,-1.3899818
100062651466,50.9145638,-1.3899818
100062651467,50.9145638,-1.3899818
100062651468,50.9145638,-1.3899818
100062651469,50.9145638,-1.3899818
100062651470,50.9145638,-1.3899818
100062651471,50.9145638,-1.3899818
100062651486,50.9211297,-1.3664798
100062651525,50.9111865,-1.3871544
100062651527,50.9130281,-1.3867888
100062651532,50.9135599,-1.3887448
100062651544,50.9323565,-1.3705392
100062651573,50.9223275,-1.3886726
100062651614,50.9399812,-1.3787056
100062651615,50.9398658,-1.3789775
100062651616,50.9398437,-1.3782092
100062651740,50.9289267,-1.3850002
100062651744,50.9302762,-1.3850962
100062651745,50.9278072,-1.3875478
100062651746,50.9319092,-1.3844058
100062651747,50.9320607,-1.3841477
100062651748,50.9322037,-1.3839892
100062651750,50.9323927,-1.3840152
100062651751,50.9328654,-1.3832832
100062651752,50.9332682,-1.3829363
100062651753,50.9333218,-1.3828644
100062651758,50.9344589,-1.3814049
100062651759,50.9315796,-1.3850079
100062651760,50.9322073,-1.3846723
100062651772,50.9120919,-1.3866019
100062651773,50.9120919,-1.3866019
100062651775,50.9120606,-1.3874985
100062651776,50.9120421,-1.3873992
100062651777,50.9250034,-1.3811392
100062651778,50.9208635,-1.3872975
100062651779,50.9236112,-1.3797634
100062651780,50.9266805,-1.3819849
100062651782,50.9158374,-1.3782558
100062651783,50.9167673,-1.378005
100062651785,50.9158359,-1.3782559
100062651786,50.9159969,-1.3785559
100062651787,50.9158359,-1.3782536
100062651788,50.9158359,-1.3782559
100062651789,50.9158344,-1.3782512
100062651790,50.9158344,-1.3782559
100062651791,50.9158351,-1.3782547
100062651794,50.915692,-1.380395
100062651795,50.9162135,-1.3753522
100062651797,50.9164271,-1.3766154
100062651798,50.9170807,-1.377929
100062651799,50.9162783,-1.37905
100062651800,50.9159885,-1.3786698
100062651801,50.9160037,-1.3782923
100062651804,50.9163043,-1.3805576
100062651844,50.9171512,-1.3791664
100062651845,50.9171512,-1.3791664
100062651848,50.9379017,-1.3799715
100062652011,50.9255267,-1.3899539
100062652013,50.9250361,-1.3856065
100062652014,50.9250534,-1.3854782
100062652018,50.9244107,-1.3813036
100062652019,50.9243915,-1.381062
100062652020,50.9246716,-1.3813143
100062652021,50.9246176,-1.3813151
100062652022,50.9243166,-1.3805081
100062652023,50.9250943,-1.3830161
100062652316,50.9193781,-1.381911
100062652317,50.9193147,-1.3818264
100062652383,50.9151234,-1.3616679
100062652442,50.9221703,-1.3760042
100062652451,50.9102914,-1.3788074
100062652453,50.9103305,-1.3783469
100062652454,50.9102554,-1.3828283
100062652458,50.9100416,-1.3849078
100062652459,50.9103083,-1.3809359
100062652460,50.9102942,-1.3799688
100062652461,50.9102942,-1.3799688
100062652462,50.9102942,-1.3799688
100062652463,50.9102942,-1.3799688
100062652464,50.9102942,-1.3799688
100062652465,50.9102898,-1.3791581
100062652466,50.9102898,-1.3791581
100062652467,50.9102898,-1.3791581
100062652468,50.9102898,-1.3791581
100062652469,50.9102898,-1.3791581
100062652470,50.9102898,-1.3791581
100062652471,50.9102898,-1.3791581
100062652472,50.9102898,-1.3791581
100062652473,50.9102903,-1.3787967
100062652474,50.9102933,-1.3788015
100062652475,50.9102933,-1.3788015
100062652476,50.9102934,-1.3788062
100062652477,50.9102963,-1.3788015
100062652478,50.9101769,-1.3798993
100062652479,50.9101769,-1.3798993
100062652480,50.9101601,-1.3801271
100062652481,50.9101601,-1.3801271
100062652482,50.9101601,-1.3801271
100062652483,50.9101601,-1.3801271
100062652484,50.9101601,-1.3801271
100062652485,50.9101601,-1.3801271
100062652486,50.9101601,-1.3801271
100062652487,50.9101131,-1.381933
100062652488,50.9101131,-1.381933
100062652489,50.9101131,-1.381933
100062652529,50.9262108,-1.3648739
100062689930,50.9132964,-1.384808
100062689941,50.925948,-1.3645076
100062690018,50.9145638,-1.3899818
100062690032,50.9171213,-1.3752689
100062690378,50.9390266,-1.3869021
100062690382,50.9360751,-1.3814617
100062690384,50.9329431,-1.3843637
100062690385,50.9321109,-1.3851431
100062690387,50.9297783,-1.38617
100062690388,50.9285155,-1.3871543
100062690597,50.9236619,-1.3859091
100062690598,50.9240407,-1.3861176
100062690603,50.9247022,-1.3853832
100062690604,50.9247105,-1.385255
100062690605,50.9192538,-1.3771752
100062690608,50.9204816,-1.3780551
100062690609,50.9214087,-1.3765489
100062690611,50.9223573,-1.3756968
100062690612,50.9225283,-1.3757229
100062690614,50.9216061,-1.3747963
100062690617,50.9164271,-1.3766154
100062690618,50.9159969,-1.3785559
100062690619,50.9153305,-1.3783798
100062690620,50.9158344,-1.3782536
100062690621,50.9164456,-1.3834435
100062690622,50.9181949,-1.386038
100062690623,50.9171499,-1.383989
100062690624,50.9101769,-1.3798993
100062690625,50.9101601,-1.3801271
100062690626,50.910116,-1.3819329
100062690627,50.9103083,-1.3809359
100062690628,50.9102995,-1.3799624
100062690629,50.9102898,-1.3791581
100062690632,50.9102554,-1.3828283
100062690634,50.9106413,-1.3877731
100062690635,50.9103937,-1.3885729
100062690636,50.9108759,-1.3862339
100062690637,50.9102353,-1.3875367
100062690638,50.9102176,-1.3858727
100062690639,50.9103866,-1.3855291
100062690641,50.9108915,-1.3874854
100062690642,50.910041,-1.3881935
100062690643,50.910429,-1.3867518
100062690644,50.910921,-1.3879686
100062690646,50.9106074,-1.3881719
100062690648,50.9105865,-1.3859248
100062690650,50.9103184,-1.3879338
100062690651,50.9115685,-1.3862532
100062690653,50.9109608,-1.3869866
100062690654,50.911662,-1.3869347
100062690655,50.9110563,-1.3846242
100062690656,50.9115472,-1.3856276
100062690657,50.9115258,-1.3849878
100062690658,50.9109165,-1.3853941
100062690659,50.9114954,-1.3843481
100062690696,50.9176823,-1.3692153
100062690697,50.9182861,-1.3711277
100062690698,50.917413,-1.3693043
100062690709,50.9398973,-1.3747926
100062690711,50.9391979,-1.3735068
100062690712,50.9387635,-1.372986
100062690713,50.9398464,-1.3736973
100062690714,50.9310647,-1.3845735
100062690715,50.926683,-1.3841334
100062690717,50.9281649,-1.3837865
100062690720,50.9259117,-1.3845278
100062690721,50.9265303,-1.3841639
100062690722,50.9272925,-1.3837554
100062690723,50.9249644,-1.3822638
100062690724,50.9256974,-1.383122
100062690725,50.9278041,-1.3785265
100062690727,50.9238749,-1.3752781
100062690729,50.9241579,-1.3744063
100062690731,50.9241966,-1.374918
100062690732,50.9245558,-1.3748136
100062690733,50.9252483,-1.3748185
100062690734,50.9253287,-1.3747179
100062690736,50.9253737,-1.3747315
100062690737,50.9275179,-1.373792
100062690739,50.9281778,-1.3677499
100062690740,50.9283228,-1.3679471
100062690741,50.933588,-1.3638055
100062690742,50.9332397,-1.3708973
100062690743,50.9334159,-1.3635801
100062690744,50.933163,-1.3633701
100062690772,50.9113477,-1.361876
100062690773,50.9125762,-1.3628976
100062690841,50.9230914,-1.3851768
100062690923,50.9182385,-1.3840742
100062690924,50.9166464,-1.3857027
100062690926,50.918119,-1.3818992
100062690927,50.9181393,-1.380647
100062690928,50.9178393,-1.3800393
100062690929,50.9170941,-1.3701907
100062690940,50.9210918,-1.374476
100062690941,50.921262,-1.3743599
100062690942,50.9185059,-1.3752077
100062690943,50.9215318,-1.3743562
100062690944,50.9215199,-1.3738158
100062690945,50.921367,-1.3738178
100062690947,50.9211517,-1.3739061
100062690949,50.9195471,-1.3748523
100062690950,50.9194221,-1.3750105
100062690951,50.9188349,-1.3745204
100062690959,50.9382319,-1.3845784
100062690976,50.938013,-1.3705482
100062690977,50.93801,-1.3716583
100062691042,50.9384135,-1.3664437
100062691043,50.9218273,-1.3825187
100062691054,50.9274971,-1.3782887
100062691057,50.9396145,-1.3657015
100062691062,50.9173451,-1.3601153
100062691101,50.9380888,-1.3729524
100062691104,50.9205491,-1.3638842
100062691114,50.9101972,-1.3888315
100062691116,50.912742,-1.3871055
100062691124,50.9253248,-1.3874666
100062691125,50.9258805,-1.387132
100062691143,50.9232327,-1.381305
100062691144,50.9235583,-1.3799633
100062691169,50.9319917,-1.3847178
100062691196,50.9276959,-1.3869231
100062691197,50.9282359,-1.3853081
100062691200,50.9278248,-1.3874764
100062691202,50.9282238,-1.3864182
100062691203,50.9320607,-1.3841477
100062691206,50.9295318,-1.385476
100062691208,50.9297566,-1.385473
100062691210,50.9334113,-1.3827779
100062691212,50.9311314,-1.3852699
100062691214,50.9334606,-1.3836026
100062691215,50.935724,-1.381381
100062691216,50.9359658,-1.381207
100062691217,50.9361898,-1.3810475
100062691218,50.9366112,-1.3808141
100062691259,50.9253653,-1.3849334
100062691261,50.9250609,-1.3851935
100062691263,50.9253331,-1.383952
100062691264,50.9244658,-1.3815163
100062691265,50.9247172,-1.3814418
100062691274,50.9236188,-1.3744847
100062691277,50.9240008,-1.3736117
100062691278,50.9240536,-1.3733976
100062691279,50.9243888,-1.3721837
100062691381,50.9363352,-1.3881188
100062691395,50.9203832,-1.3731339
100062691396,50.9201915,-1.3726101
100062691397,50.9198986,-1.3733254
100062691398,50.9210835,-1.3729253
100062691403,50.919132,-1.3729089
100062691404,50.9187279,-1.3730139
100062691405,50.9182154,-1.373035
100062691406,50.9175685,-1.373129
100062691461,50.938632,-1.3803318
100062691462,50.9394285,-1.3796096
100062691466,50.9271942,-1.3654581
100062691468,50.9292446,-1.3654728
100062691469,50.9306306,-1.3673465
100062691470,50.9318416,-1.3684543
100062691471,50.9319943,-1.3684238
100062691472,50.9242599,-1.376653
100062691474,50.9227731,-1.3744107
100062691476,50.9227376,-1.3728319
100062691478,50.922638,-1.3727052
100062691480,50.9215526,-1.3715247
100062691481,50.9215522,-1.3714536
100062691553,50.9196061,-1.3808267
100062691556,50.9192603,-1.381756
100062691624,50.9351946,-1.3884041
100062691625,50.935231,-1.3884891
100062691627,50.9354975,-1.3895814
100062691634,50.9302444,-1.3875869
100062691644,50.9283133,-1.3880391
100062691645,50.9291243,-1.3883558
100062691646,50.9287042,-1.3888451
100062691647,50.9312854,-1.3888966
100062691648,50.9288959,-1.3876615
100062691652,50.9284239,-1.3885357
100062691739,50.9216315,-1.3897061
100062691740,50.9217483,-1.3896903
100062691741,50.9218471,-1.3896606
100062691742,50.9225927,-1.3895086
100062691743,50.9229253,-1.3894757
100062691744,50.9228528,-1.3859625
100062691757,50.9225464,-1.3690357
100062691759,50.9198124,-1.3706661
100062691761,50.9202953,-1.3701617
100062691763,50.9227249,-1.3687915
100062691776,50.9178377,-1.3797406
100062691778,50.9175752,-1.3760595
100062691788,50.9161363,-1.3676857
100062691794,50.9314195,-1.3735688
100062691795,50.9248505,-1.3727608
100062691796,50.9276063,-1.3751853
100062691799,50.9254684,-1.368925
200001068887,50.9236731,-1.3762198
200001068888,50.9236731,-1.3762198
200001068889,50.9236731,-1.3762198
200001068890,50.9236731,-1.3762198
200001068891,50.9236731,-1.3762198
200001068892,50.9235742,-1.3762211
200001068893,50.9234663,-1.3762368
200001068894,50.9234663,-1.3762368
200001068895,50.9234663,-1.3762368
200001068896,50.9234663,-1.3762368
200001068897,50.9234663,-1.3762368
200001068898,50.9234663,-1.3762368
200001068899,50.9236731,-1.3762198
200001068900,50.923116,-1.3763126
200001068901,50.923116,-1.3763126
200001068902,50.923116,-1.3763126
200001068903,50.923116,-1.3763126
200001068904,50.923116,-1.3763126
200001068905,50.923116,-1.3763126
200001068906,50.923116,-1.3763126
200001068907,50.923116,-1.3763126
200001068908,50.923116,-1.3763126
200001068909,50.923116,-1.3763126
200001068910,50.923116,-1.3763126
200001068911,50.923116,-1.3763126
200001068912,50.9228012,-1.3762884
200001068913,50.9228012,-1.3762884
200001068914,50.9228012,-1.3762884
200001068915,50.9228012,-1.3762884
200001068916,50.9228012,-1.3762884
200001068917,50.922605,-1.376604
200001068918,50.922605,-1.376604
200001068919,50.922605,-1.376604
200001068920,50.922605,-1.376604
200001068921,50.922605,-1.376604
200001068922,50.9230923,-1.3769105
200001068923,50.9230923,-1.3769105
200001068924,50.9230923,-1.3769105
200001068925,50.9230923,-1.3769105
200001068926,50.9230923,-1.3769105
200001068927,50.9230923,-1.3769105
200001068928,50.9230923,-1.3769105
200001068929,50.9230923,-1.3769105
200001068930,50.9230923,-1.3769105
200001068931,50.9230923,-1.3769105
200001068932,50.9230923,-1.3769105
200001068933,50.9230923,-1.3769105
200001068934,50.9230923,-1.3769105
200001068935,50.9230923,-1.3769105
200001068936,50.9230923,-1.3769105
200001068937,50.923157,-1.3772369
200001068938,50.923157,-1.3772369
200001068939,50.923256,-1.3772498
200001068940,50.923301,-1.3772634
200001068941,50.923409,-1.3772762
200001068942,50.923409,-1.3772762
200001068943,50.9234331,-1.3767352
200001068944,50.9234331,-1.3767352
200001068945,50.9234331,-1.3767352
200001068946,50.9234331,-1.3767352
200001068947,50.9234331,-1.3767352
200001068948,50.9234331,-1.3767352
200001068949,50.9234331,-1.3767352
200001068950,50.9234331,-1.3767352
200001068951,50.9234331,-1.3767352
200001068952,50.9234331,-1.3767352
200001068953,50.9234331,-1.3767352
200001068954,50.9234331,-1.3767352
200001068955,50.9234331,-1.3767352
200001068956,50.9234331,-1.3767352
200001068957,50.9234331,-1.3767352
200001068958,50.9234331,-1.3767352
200001068959,50.9234331,-1.3767352
200001068960,50.9234331,-1.3767352
200001068961,50.9234331,-1.3767352
200001068962,50.923722,-1.3769448
200001068963,50.923722,-1.3769448
200001068964,50.923722,-1.3769448
200001068965,50.923722,-1.3769448
200001068966,50.923722,-1.3769448
200001068967,50.923722,-1.3769448
200001068968,50.923722,-1.3769448
200001068969,50.923722,-1.3769448
200001068970,50.923722,-1.3769448
200001068971,50.923722,-1.3769448
200001068972,50.923722,-1.3769448
200001068973,50.923722,-1.3769448
200001068974,50.923722,-1.3769448
200001068975,50.923722,-1.3769448
200001068976,50.923722,-1.3769448
200001068977,50.923722,-1.3769448
200001068978,50.923722,-1.3769448
200001068979,50.9237412,-1.3771722
200001068980,50.9237412,-1.3771722
200001068981,50.9238046,-1.3772709
200001068982,50.9238497,-1.3772845
200001068983,50.9228012,-1.3762884
200001068984,50.922605,-1.376604
200001068985,50.922605,-1.376604
200001068986,50.922605,-1.376604
200001068987,50.923157,-1.3772369
200001068988,50.923157,-1.3772369
200001068989,50.923256,-1.3772498
200001068990,50.923301,-1.3772634
200001068991,50.923409,-1.3772762
200001068992,50.923409,-1.3772762
200001069001,50.9222758,-1.3672325
200001069002,50.9224392,-1.3675149
200001069003,50.9225291,-1.3675136
200001069004,50.922565,-1.3674989
200001069005,50.9223063,-1.3678866
200001069006,50.9223603,-1.3678858
200001069007,50.9224412,-1.3678847
200001069008,50.9223063,-1.3678866
200001069009,50.9223603,-1.3678858
200001069010,50.9224412,-1.3678847
200001069011,50.9222991,-1.3682139
200001069012,50.9223567,-1.3672172
200001069013,50.92238,-1.3682128
200001069014,50.9224609,-1.3681975
200001069015,50.9222991,-1.3682139
200001069016,50.92238,-1.3682128
200001069017,50.9224609,-1.3681975
200001069018,50.9224376,-1.3672161
200001069019,50.9222758,-1.3672325
200001069020,50.9223567,-1.3672172
200001069021,50.9224376,-1.3672161
200001069022,50.9224392,-1.3675149
200001069023,50.9225291,-1.3675136
200001069024,50.922565,-1.3674989
200001518817,50.9130168,-1.3897761
200001518897,50.9120716,-1.3793905
200001518898,50.9116011,-1.3805347
200001518901,50.9124104,-1.3856525
200001518993,50.9381147,-1.3799792
200001518995,50.9390701,-1.3798563
200001518996,50.9383446,-1.3803926
200001518997,50.9384226,-1.3798507
200001519118,50.9232327,-1.381305
200001519119,50.9272274,-1.3816646
200001519122,50.9223415,-1.3896114
200001519123,50.9223415,-1.3896114
200001519124,50.9223415,-1.3896114
200001519125,50.9223415,-1.3896114
200001519126,50.9223415,-1.3896114
200001519127,50.9223415,-1.3896114
200001519128,50.9336079,-1.3825476
200001519129,50.9307612,-1.3849902
200001519130,50.9307612,-1.3849902
200001519131,50.9307612,-1.3849902
200001519132,50.9307612,-1.3849902
200001519133,50.9307612,-1.3849902
200001519134,50.9307612,-1.3849902
200001519135,50.9307612,-1.3849902
200001519136,50.9163043,-1.3805576
200001519137,50.918891,-1.3765825
200001519138,50.9320468,-1.3731619
200001519139,50.9320468,-1.3731619
200001519140,50.9320468,-1.3731619
200001519141,50.9320468,-1.3731619
200001519142,50.9175685,-1.373129
200001519143,50.9275704,-1.3752
200001519146,50.9288922,-1.375168
200001519147,50.9171227,-1.3839467
200001519148,50.9171227,-1.3839467
200001519149,50.9171227,-1.3839467
200001519150,50.9171227,-1.3839467
200001519151,50.9171227,-1.3839467
200001519152,50.9172142,-1.3859371
200001519153,50.9175832,-1.3758745
200001519160,50.9184363,-1.3789928
200001519161,50.9192349,-1.3803622
200001519162,50.9184505,-1.3799743
200001519163,50.9181892,-1.3798781
200001519164,50.9181892,-1.3798781
200001519165,50.9181892,-1.3798781
200001519166,50.9181892,-1.3798781
200001519167,50.9181892,-1.3798781
200001519168,50.9181892,-1.3798781
200001519169,50.9181892,-1.3798781
200001519170,50.9242043,-1.3763407
200001519173,50.9271589,-1.3772687
200001519174,50.9191912,-1.3822833
200001519175,50.9191912,-1.3822833
200001519176,50.9191912,-1.3822833
200001519177,50.9191912,-1.3822833
200001519178,50.9191912,-1.3822833
200001519179,50.9191912,-1.3822833
200001519201,50.919278,-1.3716265
200001519202,50.919278,-1.3716265
200001519203,50.919278,-1.3716265
200001519204,50.919278,-1.3716265
200001519205,50.919278,-1.3716265
200001519206,50.919278,-1.3716265
200001519207,50.919278,-1.3716265
200001519208,50.919278,-1.3716265
200001519209,50.919278,-1.3716265
200001519210,50.919278,-1.3716265
200001519211,50.919278,-1.3716265
200001519212,50.919278,-1.3716265
200001519214,50.919278,-1.3716265
200001519215,50.919278,-1.3716265
200001519216,50.919278,-1.3716265
200001519217,50.919278,-1.3716265
200001519218,50.919278,-1.3716265
200001519219,50.919278,-1.3716265
200001519220,50.919278,-1.3716265
200001519221,50.919278,-1.3716265
200001519222,50.919278,-1.3716265
200001519223,50.919278,-1.3716265
200001519224,50.919278,-1.3716265
200001519225,50.9254452,-1.3679578
200001519232,50.9151234,-1.3616679
200001532161,50.9191912,-1.3822833
200001619454,50.9317693,-1.3851619
200001669256,50.9251019,-1.3827457
200001669257,50.9244476,-1.3814596
200001669259,50.9247509,-1.3742988
200001669260,50.9247958,-1.3742982
200001669261,50.9320737,-1.3731331
200001718126,50.9228479,-1.3833447
200001718127,50.9228479,-1.3833447
200001718128,50.9228479,-1.3833447
200001731912,50.9251766,-1.3832712
200001731913,50.9251766,-1.3832712
200001731914,50.9246589,-1.3823105
200001731915,50.9246589,-1.3823105
200001731916,50.9241966,-1.374918
200001731917,50.923972,-1.3749495
200001731918,50.923972,-1.3749495
200001731919,50.923972,-1.3749495
200001736620,50.9250277,-1.3857062
200001736707,50.9244107,-1.3813036
200001760003,50.9266069,-1.3749568
200001760004,50.9266069,-1.3749568
200001760005,50.9266069,-1.3749568
200001760006,50.9266069,-1.3749568
200001760007,50.9266069,-1.3749568
200001781313,50.9220813,-1.3678469
200001781314,50.922081,-1.36779
200001781315,50.9220806,-1.3677189
200001781316,50.9220802,-1.3676478
200001781317,50.9220799,-1.3675766
200001813727,50.9250277,-1.3857062
200001813728,50.9250277,-1.3857062
200001813729,50.9250277,-1.3857062
200001813730,50.9250277,-1.3857062
200001813733,50.9245756,-1.3818563
200001813734,50.9245571,-1.3817712
200001813735,50.9245118,-1.3817006
200001813737,50.9255267,-1.3899539
200001813738,50.9243915,-1.381062
200001813739,50.9243166,-1.3805081
200001814003,50.9146767,-1.3605502
200001815194,50.92469,-1.3813852
200001816391,50.9252483,-1.3748185
200001836387,50.9143142,-1.3616789
200001838608,50.9243273,-1.3876077
200001838668,50.925355,-1.3897996
200001838669,50.925355,-1.3897996
200001838670,50.925355,-1.3897996
200001838671,50.925355,-1.3897996
200001838672,50.925355,-1.3897996
200001838673,50.925355,-1.3897996
200001838674,50.925355,-1.3897996
200001838675,50.925355,-1.3897996
200001838676,50.925355,-1.3897996
200001838677,50.925355,-1.3897996
200001838678,50.925355,-1.3897996
200001838679,50.925355,-1.3897996
200001838680,50.925355,-1.3897996
200001838681,50.925355,-1.3897996
200001842956,50.9240351,-1.3600092
200001842957,50.9241077,-1.3601363
200001842958,50.9241261,-1.3602072
200001842959,50.9241443,-1.3602496
200001842960,50.9241807,-1.3603202
200001843429,50.9252086,-1.3876104
200001843430,50.9251989,-1.3874825
200001859817,50.9377206,-1.3882287
200001859818,50.937721,-1.3882998
200001859819,50.9377303,-1.3883566
200001859820,50.9377397,-1.3884419
200001859821,50.937749,-1.3884987
200001859822,50.9377494,-1.3885698
200001859823,50.9377498,-1.388641
200001859824,50.9381189,-1.3887215
200001859825,50.9381189,-1.3887215
200001859826,50.9381189,-1.3887215
200001859827,50.9381189,-1.3887215
200001859828,50.9381189,-1.3887215
200001865846,50.9163043,-1.3805576
200001867911,50.925312,-1.3799968
200001867912,50.9252758,-1.3799546
200001867913,50.9252395,-1.379884
200001867914,50.9251941,-1.3798134
200001868087,50.929397,-1.385492
200001868088,50.929397,-1.385492
200001868089,50.929397,-1.385492
200001868090,50.929397,-1.385492
200001868091,50.929397,-1.385492
200001868092,50.929397,-1.385492
200001868093,50.929397,-1.385492
200001868094,50.929397,-1.385492
200001868095,50.929397,-1.385492
200001868096,50.929397,-1.385492
200001868608,50.9128046,-1.3870335
200001875817,50.9102942,-1.3799688
200001877931,50.9332075,-1.3632983
200001877932,50.9332661,-1.3632705
200001890845,50.9313623,-1.3679485
200001890847,50.9313623,-1.3679485
200001896387,50.924906,-1.3814251
200001910163,50.9145638,-1.3899818
200001910490,50.9294291,-1.3847659
200001910491,50.9294291,-1.3847659
200001910492,50.9294291,-1.3847659
200001910493,50.9294291,-1.3847659
200001910494,50.9294291,-1.3847659
200001910495,50.9294291,-1.3847659
200001916533,50.92469,-1.3813852
200001919492,50.9320468,-1.3731619
200001919493,50.9320468,-1.3731619
200001920869,50.9370542,-1.3812495
200001931527,50.9352652,-1.3830522
200001931528,50.9352652,-1.3830522
200001931529,50.9352652,-1.3830522
200001931530,50.9352652,-1.3830522
200001931531,50.9352652,-1.3830522
200001931532,50.9352652,-1.3830522
200001931533,50.9352652,-1.3830522
200001931534,50.9352652,-1.3830522
200001931897,50.9111426,-1.389061
200001931898,50.9111423,-1.3889898
200001931899,50.9109525,-1.3888216
200001931900,50.9110064,-1.3888067
200001931901,50.9110422,-1.3887778
200001931902,50.911096,-1.3887486
200001932792,50.9186914,-1.3796296
200002135422,50.9192797,-1.3888121
200002135489,50.9331848,-1.3824678
200002135588,50.9317071,-1.3836116
200002135599,50.9291989,-1.3854519
200002135611,50.9378776,-1.3805127
200002135613,50.9371562,-1.380138
200002135668,50.9245558,-1.3748136
200002135709,50.9147205,-1.3603362
200002193207,50.9147196,-1.3601798
200002195164,50.925355,-1.3897996
200002209801,50.9146921,-1.3617164
200002223730,50.9307657,-1.3673874
200002250835,50.9274132,-1.3862995
200002268409,50.9210854,-1.3783031
200002277448,50.9265168,-1.3749296
200002318161,50.9247332,-1.3760206
200002330209,50.9310681,-1.3869072
200002360897,50.9316235,-1.3831004
200002369497,50.9123458,-1.3848104
200002375444,50.9335247,-1.3822665
200002397422,50.9236123,-1.3884423
200002397444,50.9384122,-1.3897851
200002413538,50.9271597,-1.3824623
200002415399,50.9262972,-1.3725421
200002416660,50.9264318,-1.3724976
200002423608,50.9198977,-1.3748334
200002424196,50.9314453,-1.3851092
200002424720,50.9162029,-1.3817681
200002424747,50.9162029,-1.3817681
200002424758,50.9162029,-1.3817681
200002424764,50.9162029,-1.3817681
200002424770,50.9162029,-1.3817681
200002424779,50.9162029,-1.3817681
200002424798,50.9162029,-1.3817681
200002438864,50.9219408,-1.3869562
200002438865,50.912269,-1.3659316
200002446383,50.9162029,-1.3817681
200002468520,50.9176922,-1.3811224
200002512321,50.9352652,-1.3830522
200002512335,50.9162029,-1.3817681
200002512336,50.9102942,-1.3799688
200002512340,50.9294291,-1.3847659
200002512341,50.9266069,-1.3749568
200002899609,50.9119786,-1.3889931
200002899611,50.9117104,-1.3892953
200002899635,50.9122315,-1.3874962
200002899889,50.910556,-1.3825254
200002899891,50.91148,-1.3831251
200002899901,50.9123844,-1.3790307
200002899909,50.912143,-1.3809827
200002899910,50.912143,-1.3809827
200002899911,50.912143,-1.3809827
200002899912,50.912143,-1.3809827
200002899913,50.9122202,-1.3809604
200002900324,50.9381295,-1.3796801
200002900325,50.938131,-1.3796801
200002900326,50.9381475,-1.3799788
200002900393,50.9384018,-1.3895148
200002900394,50.9384018,-1.3895148
200002900395,50.9384018,-1.3895148
200002900396,50.9384018,-1.3895148
200002900397,50.9384018,-1.3895148
200002900398,50.9384018,-1.3895148
200002900528,50.9245025,-1.3816438
200002900529,50.9250515,-1.3851083
200002900530,50.9250375,-1.3824762
200002900531,50.9246074,-1.3810733
200002900538,50.9252403,-1.3834126
200002900539,50.9252403,-1.3834126
200002900540,50.9252403,-1.3834126
200002900541,50.9223415,-1.3896114
200002900548,50.9242414,-1.3798973
200002900550,50.9284201,-1.3861168
200002900551,50.9284201,-1.3861168
200002900552,50.9284201,-1.3861168
200002900553,50.9284201,-1.3861168
200002900554,50.9302401,-1.3850825
200002900555,50.9302762,-1.3850962
200002900556,50.9352878,-1.38392
200002900557,50.9352878,-1.38392
200002900558,50.9352878,-1.38392
200002900559,50.9352878,-1.38392
200002900560,50.9352878,-1.38392
200002900561,50.9352878,-1.38392
200002900562,50.9352878,-1.38392
200002900563,50.9352878,-1.38392
200002900564,50.9325421,-1.3833586
200002900567,50.9315631,-1.3852785
200002900568,50.9316887,-1.3852341
200002900570,50.933231,-1.3826949
200002900571,50.9268274,-1.370799
200002900572,50.9278041,-1.3785265
200002900573,50.9176922,-1.3811224
200002900574,50.9192349,-1.3803622
200002900575,50.9192349,-1.3803622
200002900576,50.9192349,-1.3803622
200002900577,50.9192349,-1.3803622
200002900578,50.9192349,-1.3803622
200002900579,50.9192349,-1.3803622
200002900580,50.9192349,-1.3803622
200002900581,50.9192349,-1.3803622
200002900583,50.9159969,-1.3785559
200002900584,50.9184232,-1.3732029
200002900585,50.9184232,-1.3732029
200002900586,50.9184232,-1.3732029
200002900587,50.9184232,-1.3732029
200002900588,50.9184232,-1.3732029
200002900589,50.9184232,-1.3732029
200002900590,50.9184232,-1.3732029
200002900591,50.9184232,-1.3732029
200002900592,50.9168943,-1.3847528
200002900593,50.9186106,-1.3729443
200002900594,50.9176922,-1.3811224
200002900595,50.9218434,-1.3721041
200002900597,50.9164456,-1.3834435
200002900598,50.9164456,-1.3834435
200002900599,50.9164456,-1.3834435
200002900600,50.9164456,-1.3834435
200002900601,50.9164456,-1.3834435
200002900602,50.9164456,-1.3834435
200002900603,50.9164456,-1.3834435
200002900604,50.9164456,-1.3834435
200002900605,50.9164456,-1.3834435
200002900606,50.9164456,-1.3834435
200002900607,50.9164456,-1.3834435
200002900608,50.9164456,-1.3834435
200002900609,50.9164456,-1.3834435
200002900610,50.9164456,-1.3834435
200002900611,50.9164456,-1.3834435
200002900612,50.9164456,-1.3834435
200002900613,50.9164456,-1.3834435
200002900614,50.9164456,-1.3834435
200002900615,50.9164456,-1.3834435
200002900616,50.9163253,-1.3828049
200002900617,50.9163253,-1.3828049
200002900618,50.9163253,-1.3828049
200002900619,50.9163253,-1.3828049
200002900620,50.9163253,-1.3828049
200002900621,50.9163253,-1.3828049
200002900622,50.9163253,-1.3828049
200002900623,50.9163253,-1.3828049
200002900624,50.9163253,-1.3828049
200002900625,50.9163253,-1.3828049
200002900626,50.9163253,-1.3828049
200002900627,50.9163253,-1.3828049
200002900628,50.9163253,-1.3828049
200002900629,50.9163253,-1.3828049
200002900630,50.9163253,-1.3828049
200002900631,50.9163253,-1.3828049
200002900632,50.9163253,-1.3828049
200002900633,50.9163253,-1.3828049
200002900634,50.9163253,-1.3828049
200002900635,50.9163253,-1.3828049
200002900636,50.9163253,-1.3828049
200002900637,50.9163253,-1.3828049
200002900638,50.9163253,-1.3828049
200002900639,50.9162029,-1.3817681
200002900640,50.9162029,-1.3817681
200002900641,50.9162029,-1.3817681
200002900642,50.9162029,-1.3817681
200002900643,50.9162029,-1.3817681
200002900644,50.9162029,-1.3817681
200002900645,50.9162029,-1.3817681
200002900646,50.9162029,-1.3817681
200002900647,50.9162029,-1.3817681
200002900648,50.9162029,-1.3817681
200002900649,50.9162029,-1.3817681
200002900650,50.9191912,-1.3822833
200002900651,50.9191912,-1.3822833
200002900652,50.9191912,-1.3822833
200002900653,50.9191912,-1.3822833
200002900654,50.9191912,-1.3822833
200002900655,50.9191912,-1.3822833
200002900656,50.9191912,-1.3822833
200002900657,50.9191912,-1.3822833
200002900658,50.9191912,-1.3822833
200002900659,50.9191912,-1.3822833
200002900660,50.9191912,-1.3822833
200002900661,50.9191912,-1.3822833
200002900662,50.9191912,-1.3822833
200002900663,50.9191912,-1.3822833
200002900664,50.9191912,-1.3822833
200002900665,50.9285202,-1.3745612
200002900666,50.916446,-1.3834445
200002900667,50.9226746,-1.3711397
200002900668,50.9226746,-1.3711397
200002900669,50.9226746,-1.3711397
200002900670,50.9226746,-1.3711397
200002900671,50.9223102,-1.3719413
200002900672,50.9223102,-1.3719413
200002900673,50.9223102,-1.3719413
200002900674,50.9223102,-1.3719413
200002900675,50.9223102,-1.3719413
200002900676,50.9223102,-1.3719413
200002900677,50.9223102,-1.3719413
200002900678,50.9223102,-1.3719413
200002900679,50.9382183,-1.3752848
200002900688,50.9313623,-1.3679485
200002900689,50.9313623,-1.3679485
200002900694,50.9176554,-1.3660245
200002900695,50.919278,-1.3716265
200002900775,50.9124461,-1.360467
200002966871,50.9352878,-1.38392
200002966873,50.9163253,-1.3828049
200002966874,50.912143,-1.3809827
200002966884,50.9317335,-1.3852051
200002966885,50.9317335,-1.3851908
200002966888,50.9226746,-1.3711397
200002966892,50.9191912,-1.3822833
200002966893,50.9191912,-1.3822833
